[13:29:54] [main/INFO] [GradleStart]: Extra: []
[13:29:54] [main/INFO] [GradleStart]: Found and added coremod: fermiumbooter.FermiumPlugin
[13:29:54] [main/INFO] [GradleStart]: Found and added coremod: com.adversity.asm.AdversityLoadingPlugin
[13:29:54] [main/INFO] [GradleStart]: Running with arguments: [--userProperties, {}, --assetsDir, C:/Users/jason/.gradle/caches/minecraft/assets, --assetIndex, 1.12, --accessToken{REDACTED}, --version, 1.12.2, --tweakClass, net.minecraftforge.fml.common.launcher.FMLTweaker, --tweakClass, net.minecraftforge.gradle.tweakers.CoremodTweaker]
[13:29:54] [main/INFO] [LaunchWrapper]: Loading tweak class name net.minecraftforge.fml.common.launcher.FMLTweaker
[13:29:54] [main/INFO] [LaunchWrapper]: Using primary tweak class name net.minecraftforge.fml.common.launcher.FMLTweaker
[13:29:54] [main/INFO] [LaunchWrapper]: Loading tweak class name net.minecraftforge.gradle.tweakers.CoremodTweaker
[13:29:54] [main/INFO] [LaunchWrapper]: Calling tweak class net.minecraftforge.fml.common.launcher.FMLTweaker
[13:29:54] [main/DEBUG] [FML]: Injecting tracing printstreams for STDOUT/STDERR.
[13:29:54] [main/INFO] [FML]: Forge Mod Loader version 14.23.5.2847 for Minecraft 1.12.2 loading
[13:29:54] [main/INFO] [FML]: Java is OpenJDK 64-Bit Server VM, version 1.8.0_472, running on Windows 11:amd64:10.0, installed at C:\Program Files\Eclipse Adoptium\jdk-8.0.472.8-hotspot\jre
[13:29:54] [main/DEBUG] [FML]: Java classpath at launch is:
[13:29:54] [main/DEBUG] [FML]:     C:\mywork\adversity\libs\CraftTweaker2-1.12-4.1.20.703.jar
[13:29:54] [main/DEBUG] [FML]:     C:\mywork\adversity\libs\`FermiumBooter-1.2.0.jar
[13:29:54] [main/DEBUG] [FML]:     C:\Users\jason\.gradle\caches\minecraft\deobfedDeps\compileDummy.jar
[13:29:54] [main/DEBUG] [FML]:     C:\Users\jason\.gradle\caches\minecraft\deobfedDeps\providedDummy.jar
[13:29:54] [main/DEBUG] [FML]:     C:\Users\jason\.gradle\caches\minecraft\net\minecraftforge\forge\1.12.2-14.23.5.2847\stable\39\forgeSrc-1.12.2-14.23.5.2847.jar
[13:29:54] [main/DEBUG] [FML]:     C:\Users\jason\.gradle\caches\modules-2\files-2.1\com.mojang\authlib\1.5.25\9834cdf236c22e84b946bba989e2f94ef5897c3c\authlib-1.5.25.jar
[13:29:54] [main/DEBUG] [FML]:     C:\Users\jason\.gradle\caches\modules-2\files-2.1\com.google.code.findbugs\jsr305\3.0.1\f7be08ec23c21485b9b5a1cf1654c2ec8c58168d\jsr305-3.0.1.jar
[13:29:54] [main/DEBUG] [FML]:     C:\Users\jason\.gradle\caches\modules-2\files-2.1\com.mojang\patchy\1.3.9\eb8bb7b66fa0e2152b1b40b3856e82f7619439ee\patchy-1.3.9.jar
[13:29:54] [main/DEBUG] [FML]:     C:\Users\jason\.gradle\caches\modules-2\files-2.1\oshi-project\oshi-core\1.1\9ddf7b048a8d701be231c0f4f95fd986198fd2d8\oshi-core-1.1.jar
[13:29:54] [main/DEBUG] [FML]:     C:\Users\jason\.gradle\caches\modules-2\files-2.1\com.mojang\text2speech\1.10.3\48fd510879dff266c3815947de66e3d4809f8668\text2speech-1.10.3.jar
[13:29:54] [main/DEBUG] [FML]:     C:\Users\jason\.gradle\caches\modules-2\files-2.1\ca.weblite\java-objc-bridge\1.0.0\6ef160c3133a78de015830860197602ca1c855d3\java-objc-bridge-1.0.0.jar
[13:29:54] [main/DEBUG] [FML]:     C:\Users\jason\.gradle\caches\modules-2\files-2.1\net.java.dev.jna\jna\4.4.0\cb208278274bf12ebdb56c61bd7407e6f774d65a\jna-4.4.0.jar
[13:29:54] [main/DEBUG] [FML]:     C:\Users\jason\.gradle\caches\modules-2\files-2.1\net.java.dev.jna\platform\3.4.0\e3f70017be8100d3d6923f50b3d2ee17714e9c13\platform-3.4.0.jar
[13:29:54] [main/DEBUG] [FML]:     C:\Users\jason\.gradle\caches\modules-2\files-2.1\com.ibm.icu\icu4j-core-mojang\51.2\63d216a9311cca6be337c1e458e587f99d382b84\icu4j-core-mojang-51.2.jar
[13:29:54] [main/DEBUG] [FML]:     C:\Users\jason\.gradle\caches\modules-2\files-2.1\net.minecraft\launchwrapper\1.12\111e7bea9c968cdb3d06ef4632bf7ff0824d0f36\launchwrapper-1.12.jar
[13:29:54] [main/DEBUG] [FML]:     C:\Users\jason\.gradle\caches\modules-2\files-2.1\net.sf.jopt-simple\jopt-simple\5.0.3\cdd846cfc4e0f7eefafc02c0f5dce32b9303aa2a\jopt-simple-5.0.3.jar
[13:29:54] [main/DEBUG] [FML]:     C:\Users\jason\.gradle\caches\modules-2\files-2.1\io.netty\netty-all\4.1.9.Final\97860965d6a0a6b98e7f569f3f966727b8db75\netty-all-4.1.9.Final.jar
[13:29:54] [main/DEBUG] [FML]:     C:\Users\jason\.gradle\caches\modules-2\files-2.1\com.google.guava\guava\21.0\3a3d111be1be1b745edfa7d91678a12d7ed38709\guava-21.0.jar
[13:29:54] [main/DEBUG] [FML]:     C:\Users\jason\.gradle\caches\modules-2\files-2.1\org.apache.maven\maven-artifact\3.5.3\7dc72b6d6d8a6dced3d294ed54c2cc3515ade9f4\maven-artifact-3.5.3.jar
[13:29:54] [main/DEBUG] [FML]:     C:\Users\jason\.gradle\caches\modules-2\files-2.1\org.apache.commons\commons-lang3\3.5\6c6c702c89bfff3cd9e80b04d668c5e190d588c6\commons-lang3-3.5.jar
[13:29:54] [main/DEBUG] [FML]:     C:\Users\jason\.gradle\caches\modules-2\files-2.1\commons-io\commons-io\2.5\2852e6e05fbb95076fc091f6d1780f1f8fe35e0f\commons-io-2.5.jar
[13:29:54] [main/DEBUG] [FML]:     C:\Users\jason\.gradle\caches\modules-2\files-2.1\com.mojang\realms\1.10.22\bd0dccebdf3744c75f1ca20063f16e8f7d5e663f\realms-1.10.22.jar
[13:29:54] [main/DEBUG] [FML]:     C:\Users\jason\.gradle\caches\modules-2\files-2.1\org.apache.httpcomponents\httpclient\4.3.3\18f4247ff4572a074444572cee34647c43e7c9c7\httpclient-4.3.3.jar
[13:29:54] [main/DEBUG] [FML]:     C:\Users\jason\.gradle\caches\modules-2\files-2.1\commons-codec\commons-codec\1.10\4b95f4897fa13f2cd904aee711aeafc0c5295cd8\commons-codec-1.10.jar
[13:29:54] [main/DEBUG] [FML]:     C:\Users\jason\.gradle\caches\modules-2\files-2.1\com.paulscode\librarylwjglopenal\20100824\73e80d0794c39665aec3f62eee88ca91676674ef\librarylwjglopenal-20100824.jar
[13:29:54] [main/DEBUG] [FML]:     C:\Users\jason\.gradle\caches\modules-2\files-2.1\org.lwjgl.lwjgl\lwjgl_util\2.9.4-nightly-20150209\d51a7c040a721d13efdfbd34f8b257b2df882ad0\lwjgl_util-2.9.4-nightly-20150209.jar
[13:29:54] [main/DEBUG] [FML]:     C:\Users\jason\.gradle\caches\modules-2\files-2.1\org.lwjgl.lwjgl\lwjgl\2.9.4-nightly-20150209\697517568c68e78ae0b4544145af031c81082dfe\lwjgl-2.9.4-nightly-20150209.jar
[13:29:54] [main/DEBUG] [FML]:     C:\Users\jason\.gradle\caches\modules-2\files-2.1\net.java.jinput\jinput\2.0.5\39c7796b469a600f72380316f6b1f11db6c2c7c4\jinput-2.0.5.jar
[13:29:54] [main/DEBUG] [FML]:     C:\Users\jason\.gradle\caches\modules-2\files-2.1\net.java.jutils\jutils\1.0.0\e12fe1fda814bd348c1579329c86943d2cd3c6a6\jutils-1.0.0.jar
[13:29:54] [main/DEBUG] [FML]:     C:\Users\jason\.gradle\caches\modules-2\files-2.1\com.google.code.gson\gson\2.8.0\c4ba5371a29ac9b2ad6129b1d39ea38750043eff\gson-2.8.0.jar
[13:29:54] [main/DEBUG] [FML]:     C:\Users\jason\.gradle\caches\modules-2\files-2.1\org.apache.commons\commons-compress\1.8.1\a698750c16740fd5b3871425f4cb3bbaa87f529d\commons-compress-1.8.1.jar
[13:29:54] [main/DEBUG] [FML]:     C:\Users\jason\.gradle\caches\modules-2\files-2.1\commons-logging\commons-logging\1.1.3\f6f66e966c70a83ffbdb6f17a0919eaf7c8aca7f\commons-logging-1.1.3.jar
[13:29:54] [main/DEBUG] [FML]:     C:\Users\jason\.gradle\caches\modules-2\files-2.1\org.apache.httpcomponents\httpcore\4.3.2\31fbbff1ddbf98f3aa7377c94d33b0447c646b6e\httpcore-4.3.2.jar
[13:29:54] [main/DEBUG] [FML]:     C:\Users\jason\.gradle\caches\modules-2\files-2.1\it.unimi.dsi\fastutil\7.1.0\9835253257524c1be7ab50c057aa2d418fb72082\fastutil-7.1.0.jar
[13:29:54] [main/DEBUG] [FML]:     C:\Users\jason\.gradle\caches\modules-2\files-2.1\org.apache.logging.log4j\log4j-core\2.8.1\4ac28ff2f1ddf05dae3043a190451e8c46b73c31\log4j-core-2.8.1.jar
[13:29:54] [main/DEBUG] [FML]:     C:\Users\jason\.gradle\caches\modules-2\files-2.1\org.apache.logging.log4j\log4j-api\2.8.1\e801d13612e22cad62a3f4f3fe7fdbe6334a8e72\log4j-api-2.8.1.jar
[13:29:54] [main/DEBUG] [FML]:     C:\Users\jason\.gradle\caches\modules-2\files-2.1\org.jline\jline\3.5.1\51800e9d7a13608894a5a28eed0f5c7fa2f300fb\jline-3.5.1.jar
[13:29:54] [main/DEBUG] [FML]:     C:\Users\jason\.gradle\caches\modules-2\files-2.1\org.ow2.asm\asm-debug-all\5.2\3354e11e2b34215f06dab629ab88e06aca477c19\asm-debug-all-5.2.jar
[13:29:54] [main/DEBUG] [FML]:     C:\Users\jason\.gradle\caches\modules-2\files-2.1\com.typesafe.akka\akka-actor_2.11\2.3.3\ed62e9fc709ca0f2ff1a3220daa8b70a2870078e\akka-actor_2.11-2.3.3.jar
[13:29:54] [main/DEBUG] [FML]:     C:\Users\jason\.gradle\caches\modules-2\files-2.1\com.typesafe\config\1.2.1\f771f71fdae3df231bcd54d5ca2d57f0bf93f467\config-1.2.1.jar
[13:29:54] [main/DEBUG] [FML]:     C:\Users\jason\.gradle\caches\modules-2\files-2.1\org.scala-lang\scala-actors-migration_2.11\1.1.0\dfa8bc42b181d5b9f1a5dd147f8ae308b893eb6f\scala-actors-migration_2.11-1.1.0.jar
[13:29:54] [main/DEBUG] [FML]:     C:\Users\jason\.gradle\caches\modules-2\files-2.1\org.scala-lang.plugins\scala-continuations-plugin_2.11.1\1.0.2\f361a3283452c57fa30c1ee69448995de23c60f7\scala-continuations-plugin_2.11.1-1.0.2.jar
[13:29:54] [main/DEBUG] [FML]:     C:\Users\jason\.gradle\caches\modules-2\files-2.1\org.scala-lang\scala-compiler\2.11.1\56ea2e6c025e0821f28d73ca271218b8dd04926a\scala-compiler-2.11.1.jar
[13:29:54] [main/DEBUG] [FML]:     C:\Users\jason\.gradle\caches\modules-2\files-2.1\org.scala-lang.plugins\scala-continuations-library_2.11\1.0.2\e517c53a7e9acd6b1668c5a35eccbaa3bab9aac\scala-continuations-library_2.11-1.0.2.jar
[13:29:54] [main/DEBUG] [FML]:     C:\Users\jason\.gradle\caches\modules-2\files-2.1\org.scala-lang.modules\scala-parser-combinators_2.11\1.0.1\f05d7345bf5a58924f2837c6c1f4d73a938e1ff0\scala-parser-combinators_2.11-1.0.1.jar
[13:29:54] [main/DEBUG] [FML]:     C:\Users\jason\.gradle\caches\modules-2\files-2.1\org.scala-lang\scala-reflect\2.11.1\6580347e61cc7f8e802941e7fde40fa83b8badeb\scala-reflect-2.11.1.jar
[13:29:54] [main/DEBUG] [FML]:     C:\Users\jason\.gradle\caches\modules-2\files-2.1\org.scala-lang.modules\scala-swing_2.11\1.0.1\b1cdd92bd47b1e1837139c1c53020e86bb9112ae\scala-swing_2.11-1.0.1.jar
[13:29:54] [main/DEBUG] [FML]:     C:\Users\jason\.gradle\caches\modules-2\files-2.1\org.scala-lang.modules\scala-xml_2.11\1.0.2\820fbca7e524b530fdadc594c39d49a21ea0337e\scala-xml_2.11-1.0.2.jar
[13:29:54] [main/DEBUG] [FML]:     C:\Users\jason\.gradle\caches\modules-2\files-2.1\org.scala-lang\scala-actors\2.11.0\8ccfb6541de179bb1c4d45cf414acee069b7f78b\scala-actors-2.11.0.jar
[13:29:54] [main/DEBUG] [FML]:     C:\Users\jason\.gradle\caches\modules-2\files-2.1\org.scala-lang\scala-library\2.11.1\e11da23da3eabab9f4777b9220e60d44c1aab6a\scala-library-2.11.1.jar
[13:29:54] [main/DEBUG] [FML]:     C:\Users\jason\.gradle\caches\modules-2\files-2.1\lzma\lzma\0.0.1\521616dc7487b42bef0e803bd2fa3faf668101d7\lzma-0.0.1.jar
[13:29:54] [main/DEBUG] [FML]:     C:\Users\jason\.gradle\caches\modules-2\files-2.1\net.sf.trove4j\trove4j\3.0.3\42ccaf4761f0dfdfa805c9e340d99a755907e2dd\trove4j-3.0.3.jar
[13:29:54] [main/DEBUG] [FML]:     C:\Users\jason\.gradle\caches\modules-2\files-2.1\com.paulscode\codecjorbis\20101023\c73b5636faf089d9f00e8732a829577de25237ee\codecjorbis-20101023.jar
[13:29:54] [main/DEBUG] [FML]:     C:\Users\jason\.gradle\caches\modules-2\files-2.1\com.paulscode\codecwav\20101023\12f031cfe88fef5c1dd36c563c0a3a69bd7261da\codecwav-20101023.jar
[13:29:54] [main/DEBUG] [FML]:     C:\Users\jason\.gradle\caches\modules-2\files-2.1\com.paulscode\libraryjavasound\20101123\5c5e304366f75f9eaa2e8cca546a1fb6109348b3\libraryjavasound-20101123.jar
[13:29:54] [main/DEBUG] [FML]:     C:\Users\jason\.gradle\caches\modules-2\files-2.1\com.paulscode\soundsystem\20120107\419c05fe9be71f792b2d76cfc9b67f1ed0fec7f6\soundsystem-20120107.jar
[13:29:54] [main/DEBUG] [FML]:     C:\Users\jason\.gradle\caches\modules-2\files-2.1\java3d\vecmath\1.5.2\79846ba34cbd89e2422d74d53752f993dcc2ccaf\vecmath-1.5.2.jar
[13:29:54] [main/DEBUG] [FML]:     C:\Users\jason\.gradle\caches\modules-2\files-2.1\org.codehaus.plexus\plexus-utils\3.1.0\60eecb6f15abdb1c653ad80abaac6fe188b3feaa\plexus-utils-3.1.0.jar
[13:29:54] [main/DEBUG] [FML]:     C:\Users\jason\.gradle\caches\modules-2\files-2.1\net.java.jinput\jinput-platform\2.0.5\7ff832a6eb9ab6a767f1ade2b548092d0fa64795\jinput-platform-2.0.5-natives-linux.jar
[13:29:54] [main/DEBUG] [FML]:     C:\Users\jason\.gradle\caches\modules-2\files-2.1\net.java.jinput\jinput-platform\2.0.5\385ee093e01f587f30ee1c8a2ee7d408fd732e16\jinput-platform-2.0.5-natives-windows.jar
[13:29:54] [main/DEBUG] [FML]:     C:\Users\jason\.gradle\caches\modules-2\files-2.1\net.java.jinput\jinput-platform\2.0.5\53f9c919f34d2ca9de8c51fc4e1e8282029a9232\jinput-platform-2.0.5-natives-osx.jar
[13:29:54] [main/DEBUG] [FML]:     C:\Users\jason\.gradle\caches\modules-2\files-2.1\org.lwjgl.lwjgl\lwjgl-platform\2.9.4-nightly-20150209\b84d5102b9dbfabfeb5e43c7e2828d98a7fc80e0\lwjgl-platform-2.9.4-nightly-20150209-natives-windows.jar
[13:29:54] [main/DEBUG] [FML]:     C:\Users\jason\.gradle\caches\modules-2\files-2.1\org.lwjgl.lwjgl\lwjgl-platform\2.9.4-nightly-20150209\931074f46c795d2f7b30ed6395df5715cfd7675b\lwjgl-platform-2.9.4-nightly-20150209-natives-linux.jar
[13:29:54] [main/DEBUG] [FML]:     C:\Users\jason\.gradle\caches\modules-2\files-2.1\org.lwjgl.lwjgl\lwjgl-platform\2.9.4-nightly-20150209\bcab850f8f487c3f4c4dbabde778bb82bd1a40ed\lwjgl-platform-2.9.4-nightly-20150209-natives-osx.jar
[13:29:54] [main/DEBUG] [FML]:     C:\Users\jason\.gradle\caches\minecraft\net\minecraftforge\forge\1.12.2-14.23.5.2847\start
[13:29:54] [main/DEBUG] [FML]:     C:\mywork\adversity\build\libs\Adversity-1.0.0.jar
[13:29:54] [main/DEBUG] [FML]: Java library path at launch is:
[13:29:54] [main/DEBUG] [FML]:     C:\Program Files\Eclipse Adoptium\jdk-8.0.472.8-hotspot\bin
[13:29:54] [main/DEBUG] [FML]:     C:\WINDOWS\Sun\Java\bin
[13:29:54] [main/DEBUG] [FML]:     C:\WINDOWS\system32
[13:29:54] [main/DEBUG] [FML]:     C:\WINDOWS
[13:29:54] [main/DEBUG] [FML]:     C:\Program Files\PowerShell\7
[13:29:54] [main/DEBUG] [FML]:     C:\Program Files\Eclipse Adoptium\jdk-8.0.472.8-hotspot\bin
[13:29:54] [main/DEBUG] [FML]:     C:\WINDOWS\system32
[13:29:54] [main/DEBUG] [FML]:     C:\WINDOWS
[13:29:54] [main/DEBUG] [FML]:     C:\WINDOWS\System32\Wbem
[13:29:54] [main/DEBUG] [FML]:     C:\WINDOWS\System32\WindowsPowerShell\v1.0\
[13:29:54] [main/DEBUG] [FML]:     C:\WINDOWS\System32\OpenSSH\
[13:29:54] [main/DEBUG] [FML]:     C:\Program Files\NVIDIA Corporation\NVIDIA App\NvDLISR
[13:29:54] [main/DEBUG] [FML]:     C:\Program Files (x86)\NVIDIA Corporation\PhysX\Common
[13:29:54] [main/DEBUG] [FML]:     C:\Program Files\Git\cmd
[13:29:54] [main/DEBUG] [FML]:     C:\Program Files\PowerShell\7\
[13:29:54] [main/DEBUG] [FML]:     C:\Program Files\Eclipse Adoptium\jdk-8.0.472.8-hotspot\bin
[13:29:54] [main/DEBUG] [FML]:     C:\Program Files\GitHub CLI\
[13:29:54] [main/DEBUG] [FML]:     C:\Users\jason\AppData\Local\Microsoft\WindowsApps
[13:29:54] [main/DEBUG] [FML]:     C:\Program Files\JetBrains\IntelliJ IDEA 2025.3\bin
[13:29:54] [main/DEBUG] [FML]:     C:\Users\jason\AppData\Local\Programs\Microsoft VS Code\bin
[13:29:54] [main/DEBUG] [FML]:     C:\Users\jason\AppData\Local\Programs\Antigravity\bin
[13:29:54] [main/DEBUG] [FML]:     C:\Users\jason\AppData\Local\Programs\cursor\resources\app\bin
[13:29:54] [main/DEBUG] [FML]:     c:\Users\jason\.antigravity\extensions\ms-python.debugpy-2025.18.0-win32-x64\bundled\scripts\noConfigScripts
[13:29:54] [main/DEBUG] [FML]:     .
[13:29:54] [main/DEBUG] [FML]:     C:/Users/jason/.gradle/caches/minecraft/net/minecraft/natives/1.12.2
[13:29:54] [main/ERROR] [FML]: Apache Maven library folder was not in the format expected. Using default libraries directory.
[13:29:54] [main/ERROR] [FML]: Full: C:\Users\jason\.gradle\caches\modules-2\files-2.1\org.apache.maven\maven-artifact\3.5.3\7dc72b6d6d8a6dced3d294ed54c2cc3515ade9f4\maven-artifact-3.5.3.jar
[13:29:54] [main/ERROR] [FML]: Trimmed: c:/users/jason/.gradle/caches/modules-2/files-2.1/org.apache.maven/maven-artifact/3.5.3/
[13:29:54] [main/DEBUG] [FML]: Determined Minecraft Libraries Root: .\libraries
[13:29:54] [main/DEBUG] [FML]: Cleaning up mods folder: .\mods
[13:29:54] [main/DEBUG] [FML]: Examining file: Baubles-1.12-1.5.2.jar
[13:29:54] [main/DEBUG] [FML]: Examining file: jei_1.12.2-4.16.1.1013.jar
[13:29:54] [main/DEBUG] [FML]: Examining file: worldedit-forge-mc1.12.2-6.1.10-SNAPSHOT-dist.jar
[13:29:54] [main/INFO] [FML]: Managed to load a deobfuscated Minecraft name- we are in a deobfuscated environment. Skipping runtime deobfuscation
[13:29:54] [main/INFO] [FML]: Detected deobfuscated environment, loading log configs for colored console logs.
[13:29:55] [main/DEBUG] [FML]: Instantiating coremod class FMLCorePlugin
[13:29:55] [main/INFO] [FML]: Ignoring missing certificate for coremod FMLCorePlugin (net.minecraftforge.fml.relauncher.FMLCorePlugin), we are in deobf and it's a forge core plugin
[13:29:55] [main/DEBUG] [FML]: Added access transformer class net.minecraftforge.fml.common.asm.transformers.AccessTransformer to enqueued access transformers
[13:29:55] [main/DEBUG] [FML]: Enqueued coremod FMLCorePlugin
[13:29:55] [main/DEBUG] [FML]: Instantiating coremod class FMLForgePlugin
[13:29:55] [main/INFO] [FML]: Ignoring missing certificate for coremod FMLForgePlugin (net.minecraftforge.classloading.FMLForgePlugin), we are in deobf and it's a forge core plugin
[13:29:55] [main/DEBUG] [FML]: Enqueued coremod FMLForgePlugin
[13:29:55] [main/DEBUG] [FML]: All fundamental core mods are successfully located
[13:29:55] [main/INFO] [FML]: Found a command line coremod : com.adversity.asm.AdversityLoadingPlugin
[13:29:55] [main/DEBUG] [FML]: Instantiating coremod class AdversityLoadingPlugin
[13:29:55] [main/INFO] [STDOUT]: [com.adversity.asm.AdversityLoadingPlugin:<clinit>:21]: [Adversity] AdversityLoadingPlugin static init
[13:29:55] [main/INFO] [FermiumRegistryAPI]: FermiumRegistryAPI supplied "adversity.early.mixins.json" for early mixin enqueue, adding.
[13:29:55] [main/INFO] [STDOUT]: [com.adversity.asm.AdversityLoadingPlugin:<clinit>:25]: [Adversity] Early mixins queued via FermiumBooter
[13:29:55] [main/INFO] [FermiumRegistryAPI]: FermiumRegistryAPI supplied "adversity.late.mixins.json" for late mixin enqueue, adding.
[13:29:55] [main/INFO] [STDOUT]: [com.adversity.asm.AdversityLoadingPlugin:<clinit>:29]: [Adversity] Late mixins queued via FermiumBooter
[13:29:55] [main/TRACE] [FML]: coremod named AdversityCore is loading
[13:29:55] [main/DEBUG] [FML]: The coremod com.adversity.asm.AdversityLoadingPlugin requested minecraft version 1.12.2 and minecraft is 1.12.2. It will be loaded.
[13:29:55] [main/INFO] [FML]: Ignoring missing certificate for coremod AdversityCore (com.adversity.asm.AdversityLoadingPlugin), as this is probably a dev workspace
[13:29:55] [main/DEBUG] [FML]: Enqueued coremod AdversityCore
[13:29:55] [main/INFO] [FML]: Found a command line coremod : fermiumbooter.FermiumPlugin
[13:29:55] [main/DEBUG] [FML]: Instantiating coremod class FermiumPlugin
[13:29:55] [main/TRACE] [FML]: coremod named FermiumBooter is loading
[13:29:55] [main/DEBUG] [FML]: The coremod fermiumbooter.FermiumPlugin requested minecraft version 1.12.2 and minecraft is 1.12.2. It will be loaded.
[13:29:55] [main/INFO] [FML]: Ignoring missing certificate for coremod FermiumBooter (fermiumbooter.FermiumPlugin), as this is probably a dev workspace
[13:29:55] [main/DEBUG] [mixin]: Catching java.util.ServiceConfigurationError:org.spongepowered.asm.service.IMixinServiceBootstrap: Provider org.spongepowered.asm.service.modlauncher.MixinServiceModLauncherBootstrap not a subtype initialising service
java.util.ServiceConfigurationError: org.spongepowered.asm.service.IMixinServiceBootstrap: Provider org.spongepowered.asm.service.modlauncher.MixinServiceModLauncherBootstrap not a subtype
	at java.util.ServiceLoader.fail(ServiceLoader.java:239) ~[?:1.8.0_472]
	at java.util.ServiceLoader.access$300(ServiceLoader.java:185) ~[?:1.8.0_472]
	at java.util.ServiceLoader$LazyIterator.nextService(ServiceLoader.java:376) ~[?:1.8.0_472]
	at java.util.ServiceLoader$LazyIterator.access$700(ServiceLoader.java:323) ~[?:1.8.0_472]
	at java.util.ServiceLoader$LazyIterator$2.run(ServiceLoader.java:407) ~[?:1.8.0_472]
	at java.security.AccessController.doPrivileged(Native Method) ~[?:1.8.0_472]
	at java.util.ServiceLoader$LazyIterator.next(ServiceLoader.java:409) ~[?:1.8.0_472]
	at java.util.ServiceLoader$1.next(ServiceLoader.java:480) ~[?:1.8.0_472]
	at org.spongepowered.asm.service.MixinService.runBootServices(MixinService.java:151) ~[MixinService.class:1.2.0]
	at org.spongepowered.asm.service.MixinService.<init>(MixinService.java:143) ~[MixinService.class:1.2.0]
	at org.spongepowered.asm.service.MixinService.getInstance(MixinService.java:169) [MixinService.class:1.2.0]
	at org.spongepowered.asm.service.MixinService.boot(MixinService.java:179) [MixinService.class:1.2.0]
	at org.spongepowered.asm.launch.MixinBootstrap.<clinit>(MixinBootstrap.java:87) [MixinBootstrap.class:1.2.0]
	at fermiumbooter.FermiumPlugin.<init>(FermiumPlugin.java:24) [%60FermiumBooter-1.2.0.jar:1.2.0]
	at sun.reflect.NativeConstructorAccessorImpl.newInstance0(Native Method) ~[?:1.8.0_472]
	at sun.reflect.NativeConstructorAccessorImpl.newInstance(NativeConstructorAccessorImpl.java:62) [?:1.8.0_472]
	at sun.reflect.DelegatingConstructorAccessorImpl.newInstance(DelegatingConstructorAccessorImpl.java:45) [?:1.8.0_472]
	at java.lang.reflect.Constructor.newInstance(Constructor.java:423) [?:1.8.0_472]
	at java.lang.Class.newInstance(Class.java:442) [?:1.8.0_472]
	at net.minecraftforge.fml.relauncher.CoreModManager.loadCoreMod(CoreModManager.java:594) [forgeSrc-1.12.2-14.23.5.2847.jar:?]
	at net.minecraftforge.fml.relauncher.CoreModManager.handleLaunch(CoreModManager.java:263) [forgeSrc-1.12.2-14.23.5.2847.jar:?]
	at net.minecraftforge.fml.relauncher.FMLLaunchHandler.setupHome(FMLLaunchHandler.java:107) [forgeSrc-1.12.2-14.23.5.2847.jar:?]
	at net.minecraftforge.fml.relauncher.FMLLaunchHandler.setupClient(FMLLaunchHandler.java:81) [forgeSrc-1.12.2-14.23.5.2847.jar:?]
	at net.minecraftforge.fml.relauncher.FMLLaunchHandler.configureForClientLaunch(FMLLaunchHandler.java:42) [forgeSrc-1.12.2-14.23.5.2847.jar:?]
	at net.minecraftforge.fml.common.launcher.FMLTweaker.injectIntoClassLoader(FMLTweaker.java:141) [forgeSrc-1.12.2-14.23.5.2847.jar:?]
	at net.minecraft.launchwrapper.Launch.launch(Launch.java:115) [launchwrapper-1.12.jar:?]
	at net.minecraft.launchwrapper.Launch.main(Launch.java:28) [launchwrapper-1.12.jar:?]
	at sun.reflect.NativeMethodAccessorImpl.invoke0(Native Method) ~[?:1.8.0_472]
	at sun.reflect.NativeMethodAccessorImpl.invoke(NativeMethodAccessorImpl.java:62) ~[?:1.8.0_472]
	at sun.reflect.DelegatingMethodAccessorImpl.invoke(DelegatingMethodAccessorImpl.java:43) ~[?:1.8.0_472]
	at java.lang.reflect.Method.invoke(Method.java:498) ~[?:1.8.0_472]
	at net.minecraftforge.gradle.GradleStartCommon.launch(GradleStartCommon.java:97) [start/:?]
	at GradleStart.main(GradleStart.java:25) [start/:?]
[13:29:55] [main/DEBUG] [mixin]: MixinService [LaunchWrapper] was successfully booted in net.minecraft.launchwrapper.LaunchClassLoader@67d48005
[13:29:55] [main/DEBUG] [mixin]: Mixin bootstrap service org.spongepowered.asm.service.modlauncher.MixinServiceModLauncherBootstrap is not available: ModLauncher is not available
[13:29:55] [main/DEBUG] [mixin]: MixinService [LaunchWrapper] was successfully booted in sun.misc.Launcher$AppClassLoader@1fb3ebeb
[13:29:55] [main/DEBUG] [mixin]: FML platform agent will ignore coremod com.adversity.asm.AdversityLoadingPlugin specified on the command line
[13:29:55] [main/DEBUG] [mixin]: FML platform agent will ignore coremod fermiumbooter.FermiumPlugin specified on the command line
[13:29:55] [main/INFO] [mixin]: SpongePowered MIXIN Subsystem Version=0.8.7 Source=file:/C:/mywork/adversity/libs/%60FermiumBooter-1.2.0.jar Service=LaunchWrapper Env=CLIENT
[13:29:55] [main/DEBUG] [mixin]: Adding new mixin transformer proxy #1
[13:29:55] [main/DEBUG] [mixin]: Initialising Mixin Platform Manager
[13:29:55] [main/DEBUG] [mixin]: Adding mixin platform agents for container ContainerHandleURI(file:/C:/mywork/adversity/libs/%60FermiumBooter-1.2.0.jar)
[13:29:55] [main/DEBUG] [mixin]: Instancing new MixinPlatformAgentFMLLegacy for ContainerHandleURI(file:/C:/mywork/adversity/libs/%60FermiumBooter-1.2.0.jar)
[13:29:55] [main/DEBUG] [mixin]: ForceLoadAsMod was specified for `FermiumBooter-1.2.0.jar, attempting force-load
[13:29:55] [main/DEBUG] [mixin]: Adding `FermiumBooter-1.2.0.jar to reparseable coremod collection
[13:29:55] [main/DEBUG] [mixin]: `FermiumBooter-1.2.0.jar has core plugin fermiumbooter.FermiumPlugin. Skipping because it was already injected.
[13:29:55] [main/DEBUG] [mixin]: MixinPlatformAgentFMLLegacy rejected container ContainerHandleURI(file:/C:/mywork/adversity/libs/%60FermiumBooter-1.2.0.jar)
[13:29:55] [main/DEBUG] [mixin]: Instancing new MixinPlatformAgentLiteLoaderLegacy for ContainerHandleURI(file:/C:/mywork/adversity/libs/%60FermiumBooter-1.2.0.jar)
[13:29:55] [main/DEBUG] [mixin]: MixinPlatformAgentLiteLoaderLegacy rejected container ContainerHandleURI(file:/C:/mywork/adversity/libs/%60FermiumBooter-1.2.0.jar)
[13:29:55] [main/DEBUG] [mixin]: Instancing new MixinPlatformAgentDefault for ContainerHandleURI(file:/C:/mywork/adversity/libs/%60FermiumBooter-1.2.0.jar)
[13:29:55] [main/DEBUG] [mixin]: MixinPlatformAgentDefault accepted container ContainerHandleURI(file:/C:/mywork/adversity/libs/%60FermiumBooter-1.2.0.jar)
[13:29:55] [main/DEBUG] [org.spongepowered.asm.service.mojang.MixinServiceLaunchWrapper]: Scanning file:/C:/mywork/adversity/libs/CraftTweaker2-1.12-4.1.20.703.jar for mixin tweaker
[13:29:55] [main/DEBUG] [org.spongepowered.asm.service.mojang.MixinServiceLaunchWrapper]: Scanning file:/C:/mywork/adversity/libs/%60FermiumBooter-1.2.0.jar for mixin tweaker
[13:29:55] [main/DEBUG] [org.spongepowered.asm.service.mojang.MixinServiceLaunchWrapper]: Scanning file:/C:/Users/jason/.gradle/caches/minecraft/deobfedDeps/compileDummy.jar for mixin tweaker
[13:29:55] [main/DEBUG] [org.spongepowered.asm.service.mojang.MixinServiceLaunchWrapper]: Scanning file:/C:/Users/jason/.gradle/caches/minecraft/deobfedDeps/providedDummy.jar for mixin tweaker
[13:29:55] [main/DEBUG] [org.spongepowered.asm.service.mojang.MixinServiceLaunchWrapper]: Scanning file:/C:/Users/jason/.gradle/caches/minecraft/net/minecraftforge/forge/1.12.2-14.23.5.2847/stable/39/forgeSrc-1.12.2-14.23.5.2847.jar for mixin tweaker
[13:29:55] [main/DEBUG] [org.spongepowered.asm.service.mojang.MixinServiceLaunchWrapper]: Scanning file:/C:/Users/jason/.gradle/caches/modules-2/files-2.1/com.mojang/authlib/1.5.25/9834cdf236c22e84b946bba989e2f94ef5897c3c/authlib-1.5.25.jar for mixin tweaker
[13:29:55] [main/DEBUG] [org.spongepowered.asm.service.mojang.MixinServiceLaunchWrapper]: Scanning file:/C:/Users/jason/.gradle/caches/modules-2/files-2.1/com.google.code.findbugs/jsr305/3.0.1/f7be08ec23c21485b9b5a1cf1654c2ec8c58168d/jsr305-3.0.1.jar for mixin tweaker
[13:29:55] [main/DEBUG] [org.spongepowered.asm.service.mojang.MixinServiceLaunchWrapper]: Scanning file:/C:/Users/jason/.gradle/caches/modules-2/files-2.1/com.mojang/patchy/1.3.9/eb8bb7b66fa0e2152b1b40b3856e82f7619439ee/patchy-1.3.9.jar for mixin tweaker
[13:29:55] [main/DEBUG] [org.spongepowered.asm.service.mojang.MixinServiceLaunchWrapper]: Scanning file:/C:/Users/jason/.gradle/caches/modules-2/files-2.1/oshi-project/oshi-core/1.1/9ddf7b048a8d701be231c0f4f95fd986198fd2d8/oshi-core-1.1.jar for mixin tweaker
[13:29:55] [main/DEBUG] [org.spongepowered.asm.service.mojang.MixinServiceLaunchWrapper]: Scanning file:/C:/Users/jason/.gradle/caches/modules-2/files-2.1/com.mojang/text2speech/1.10.3/48fd510879dff266c3815947de66e3d4809f8668/text2speech-1.10.3.jar for mixin tweaker
[13:29:55] [main/DEBUG] [org.spongepowered.asm.service.mojang.MixinServiceLaunchWrapper]: Scanning file:/C:/Users/jason/.gradle/caches/modules-2/files-2.1/ca.weblite/java-objc-bridge/1.0.0/6ef160c3133a78de015830860197602ca1c855d3/java-objc-bridge-1.0.0.jar for mixin tweaker
[13:29:55] [main/DEBUG] [org.spongepowered.asm.service.mojang.MixinServiceLaunchWrapper]: Scanning file:/C:/Users/jason/.gradle/caches/modules-2/files-2.1/net.java.dev.jna/jna/4.4.0/cb208278274bf12ebdb56c61bd7407e6f774d65a/jna-4.4.0.jar for mixin tweaker
[13:29:55] [main/DEBUG] [org.spongepowered.asm.service.mojang.MixinServiceLaunchWrapper]: Scanning file:/C:/Users/jason/.gradle/caches/modules-2/files-2.1/net.java.dev.jna/platform/3.4.0/e3f70017be8100d3d6923f50b3d2ee17714e9c13/platform-3.4.0.jar for mixin tweaker
[13:29:55] [main/DEBUG] [org.spongepowered.asm.service.mojang.MixinServiceLaunchWrapper]: Scanning file:/C:/Users/jason/.gradle/caches/modules-2/files-2.1/com.ibm.icu/icu4j-core-mojang/51.2/63d216a9311cca6be337c1e458e587f99d382b84/icu4j-core-mojang-51.2.jar for mixin tweaker
[13:29:55] [main/DEBUG] [org.spongepowered.asm.service.mojang.MixinServiceLaunchWrapper]: Scanning file:/C:/Users/jason/.gradle/caches/modules-2/files-2.1/net.minecraft/launchwrapper/1.12/111e7bea9c968cdb3d06ef4632bf7ff0824d0f36/launchwrapper-1.12.jar for mixin tweaker
[13:29:55] [main/DEBUG] [org.spongepowered.asm.service.mojang.MixinServiceLaunchWrapper]: Scanning file:/C:/Users/jason/.gradle/caches/modules-2/files-2.1/net.sf.jopt-simple/jopt-simple/5.0.3/cdd846cfc4e0f7eefafc02c0f5dce32b9303aa2a/jopt-simple-5.0.3.jar for mixin tweaker
[13:29:55] [main/DEBUG] [org.spongepowered.asm.service.mojang.MixinServiceLaunchWrapper]: Scanning file:/C:/Users/jason/.gradle/caches/modules-2/files-2.1/io.netty/netty-all/4.1.9.Final/97860965d6a0a6b98e7f569f3f966727b8db75/netty-all-4.1.9.Final.jar for mixin tweaker
[13:29:55] [main/DEBUG] [org.spongepowered.asm.service.mojang.MixinServiceLaunchWrapper]: Scanning file:/C:/Users/jason/.gradle/caches/modules-2/files-2.1/com.google.guava/guava/21.0/3a3d111be1be1b745edfa7d91678a12d7ed38709/guava-21.0.jar for mixin tweaker
[13:29:55] [main/DEBUG] [org.spongepowered.asm.service.mojang.MixinServiceLaunchWrapper]: Scanning file:/C:/Users/jason/.gradle/caches/modules-2/files-2.1/org.apache.maven/maven-artifact/3.5.3/7dc72b6d6d8a6dced3d294ed54c2cc3515ade9f4/maven-artifact-3.5.3.jar for mixin tweaker
[13:29:55] [main/DEBUG] [org.spongepowered.asm.service.mojang.MixinServiceLaunchWrapper]: Scanning file:/C:/Users/jason/.gradle/caches/modules-2/files-2.1/org.apache.commons/commons-lang3/3.5/6c6c702c89bfff3cd9e80b04d668c5e190d588c6/commons-lang3-3.5.jar for mixin tweaker
[13:29:55] [main/DEBUG] [org.spongepowered.asm.service.mojang.MixinServiceLaunchWrapper]: Scanning file:/C:/Users/jason/.gradle/caches/modules-2/files-2.1/commons-io/commons-io/2.5/2852e6e05fbb95076fc091f6d1780f1f8fe35e0f/commons-io-2.5.jar for mixin tweaker
[13:29:55] [main/DEBUG] [org.spongepowered.asm.service.mojang.MixinServiceLaunchWrapper]: Scanning file:/C:/Users/jason/.gradle/caches/modules-2/files-2.1/com.mojang/realms/1.10.22/bd0dccebdf3744c75f1ca20063f16e8f7d5e663f/realms-1.10.22.jar for mixin tweaker
[13:29:55] [main/DEBUG] [org.spongepowered.asm.service.mojang.MixinServiceLaunchWrapper]: Scanning file:/C:/Users/jason/.gradle/caches/modules-2/files-2.1/org.apache.httpcomponents/httpclient/4.3.3/18f4247ff4572a074444572cee34647c43e7c9c7/httpclient-4.3.3.jar for mixin tweaker
[13:29:55] [main/DEBUG] [org.spongepowered.asm.service.mojang.MixinServiceLaunchWrapper]: Scanning file:/C:/Users/jason/.gradle/caches/modules-2/files-2.1/commons-codec/commons-codec/1.10/4b95f4897fa13f2cd904aee711aeafc0c5295cd8/commons-codec-1.10.jar for mixin tweaker
[13:29:55] [main/DEBUG] [org.spongepowered.asm.service.mojang.MixinServiceLaunchWrapper]: Scanning file:/C:/Users/jason/.gradle/caches/modules-2/files-2.1/com.paulscode/librarylwjglopenal/20100824/73e80d0794c39665aec3f62eee88ca91676674ef/librarylwjglopenal-20100824.jar for mixin tweaker
[13:29:55] [main/DEBUG] [org.spongepowered.asm.service.mojang.MixinServiceLaunchWrapper]: Scanning file:/C:/Users/jason/.gradle/caches/modules-2/files-2.1/org.lwjgl.lwjgl/lwjgl_util/2.9.4-nightly-20150209/d51a7c040a721d13efdfbd34f8b257b2df882ad0/lwjgl_util-2.9.4-nightly-20150209.jar for mixin tweaker
[13:29:55] [main/DEBUG] [org.spongepowered.asm.service.mojang.MixinServiceLaunchWrapper]: Scanning file:/C:/Users/jason/.gradle/caches/modules-2/files-2.1/org.lwjgl.lwjgl/lwjgl/2.9.4-nightly-20150209/697517568c68e78ae0b4544145af031c81082dfe/lwjgl-2.9.4-nightly-20150209.jar for mixin tweaker
[13:29:55] [main/DEBUG] [org.spongepowered.asm.service.mojang.MixinServiceLaunchWrapper]: Scanning file:/C:/Users/jason/.gradle/caches/modules-2/files-2.1/net.java.jinput/jinput/2.0.5/39c7796b469a600f72380316f6b1f11db6c2c7c4/jinput-2.0.5.jar for mixin tweaker
[13:29:55] [main/DEBUG] [org.spongepowered.asm.service.mojang.MixinServiceLaunchWrapper]: Scanning file:/C:/Users/jason/.gradle/caches/modules-2/files-2.1/net.java.jutils/jutils/1.0.0/e12fe1fda814bd348c1579329c86943d2cd3c6a6/jutils-1.0.0.jar for mixin tweaker
[13:29:55] [main/DEBUG] [org.spongepowered.asm.service.mojang.MixinServiceLaunchWrapper]: Scanning file:/C:/Users/jason/.gradle/caches/modules-2/files-2.1/com.google.code.gson/gson/2.8.0/c4ba5371a29ac9b2ad6129b1d39ea38750043eff/gson-2.8.0.jar for mixin tweaker
[13:29:55] [main/DEBUG] [org.spongepowered.asm.service.mojang.MixinServiceLaunchWrapper]: Scanning file:/C:/Users/jason/.gradle/caches/modules-2/files-2.1/org.apache.commons/commons-compress/1.8.1/a698750c16740fd5b3871425f4cb3bbaa87f529d/commons-compress-1.8.1.jar for mixin tweaker
[13:29:55] [main/DEBUG] [org.spongepowered.asm.service.mojang.MixinServiceLaunchWrapper]: Scanning file:/C:/Users/jason/.gradle/caches/modules-2/files-2.1/commons-logging/commons-logging/1.1.3/f6f66e966c70a83ffbdb6f17a0919eaf7c8aca7f/commons-logging-1.1.3.jar for mixin tweaker
[13:29:55] [main/DEBUG] [org.spongepowered.asm.service.mojang.MixinServiceLaunchWrapper]: Scanning file:/C:/Users/jason/.gradle/caches/modules-2/files-2.1/org.apache.httpcomponents/httpcore/4.3.2/31fbbff1ddbf98f3aa7377c94d33b0447c646b6e/httpcore-4.3.2.jar for mixin tweaker
[13:29:55] [main/DEBUG] [org.spongepowered.asm.service.mojang.MixinServiceLaunchWrapper]: Scanning file:/C:/Users/jason/.gradle/caches/modules-2/files-2.1/it.unimi.dsi/fastutil/7.1.0/9835253257524c1be7ab50c057aa2d418fb72082/fastutil-7.1.0.jar for mixin tweaker
[13:29:55] [main/DEBUG] [org.spongepowered.asm.service.mojang.MixinServiceLaunchWrapper]: Scanning file:/C:/Users/jason/.gradle/caches/modules-2/files-2.1/org.apache.logging.log4j/log4j-core/2.8.1/4ac28ff2f1ddf05dae3043a190451e8c46b73c31/log4j-core-2.8.1.jar for mixin tweaker
[13:29:55] [main/DEBUG] [org.spongepowered.asm.service.mojang.MixinServiceLaunchWrapper]: Scanning file:/C:/Users/jason/.gradle/caches/modules-2/files-2.1/org.apache.logging.log4j/log4j-api/2.8.1/e801d13612e22cad62a3f4f3fe7fdbe6334a8e72/log4j-api-2.8.1.jar for mixin tweaker
[13:29:55] [main/DEBUG] [org.spongepowered.asm.service.mojang.MixinServiceLaunchWrapper]: Scanning file:/C:/Users/jason/.gradle/caches/modules-2/files-2.1/org.jline/jline/3.5.1/51800e9d7a13608894a5a28eed0f5c7fa2f300fb/jline-3.5.1.jar for mixin tweaker
[13:29:55] [main/DEBUG] [org.spongepowered.asm.service.mojang.MixinServiceLaunchWrapper]: Scanning file:/C:/Users/jason/.gradle/caches/modules-2/files-2.1/org.ow2.asm/asm-debug-all/5.2/3354e11e2b34215f06dab629ab88e06aca477c19/asm-debug-all-5.2.jar for mixin tweaker
[13:29:55] [main/DEBUG] [org.spongepowered.asm.service.mojang.MixinServiceLaunchWrapper]: Scanning file:/C:/Users/jason/.gradle/caches/modules-2/files-2.1/com.typesafe.akka/akka-actor_2.11/2.3.3/ed62e9fc709ca0f2ff1a3220daa8b70a2870078e/akka-actor_2.11-2.3.3.jar for mixin tweaker
[13:29:55] [main/DEBUG] [org.spongepowered.asm.service.mojang.MixinServiceLaunchWrapper]: Scanning file:/C:/Users/jason/.gradle/caches/modules-2/files-2.1/com.typesafe/config/1.2.1/f771f71fdae3df231bcd54d5ca2d57f0bf93f467/config-1.2.1.jar for mixin tweaker
[13:29:55] [main/DEBUG] [org.spongepowered.asm.service.mojang.MixinServiceLaunchWrapper]: Scanning file:/C:/Users/jason/.gradle/caches/modules-2/files-2.1/org.scala-lang/scala-actors-migration_2.11/1.1.0/dfa8bc42b181d5b9f1a5dd147f8ae308b893eb6f/scala-actors-migration_2.11-1.1.0.jar for mixin tweaker
[13:29:55] [main/DEBUG] [org.spongepowered.asm.service.mojang.MixinServiceLaunchWrapper]: Scanning file:/C:/Users/jason/.gradle/caches/modules-2/files-2.1/org.scala-lang.plugins/scala-continuations-plugin_2.11.1/1.0.2/f361a3283452c57fa30c1ee69448995de23c60f7/scala-continuations-plugin_2.11.1-1.0.2.jar for mixin tweaker
[13:29:55] [main/DEBUG] [org.spongepowered.asm.service.mojang.MixinServiceLaunchWrapper]: Scanning file:/C:/Users/jason/.gradle/caches/modules-2/files-2.1/org.scala-lang/scala-compiler/2.11.1/56ea2e6c025e0821f28d73ca271218b8dd04926a/scala-compiler-2.11.1.jar for mixin tweaker
[13:29:55] [main/DEBUG] [org.spongepowered.asm.service.mojang.MixinServiceLaunchWrapper]: Scanning file:/C:/Users/jason/.gradle/caches/modules-2/files-2.1/org.scala-lang.plugins/scala-continuations-library_2.11/1.0.2/e517c53a7e9acd6b1668c5a35eccbaa3bab9aac/scala-continuations-library_2.11-1.0.2.jar for mixin tweaker
[13:29:55] [main/DEBUG] [org.spongepowered.asm.service.mojang.MixinServiceLaunchWrapper]: Scanning file:/C:/Users/jason/.gradle/caches/modules-2/files-2.1/org.scala-lang.modules/scala-parser-combinators_2.11/1.0.1/f05d7345bf5a58924f2837c6c1f4d73a938e1ff0/scala-parser-combinators_2.11-1.0.1.jar for mixin tweaker
[13:29:55] [main/DEBUG] [org.spongepowered.asm.service.mojang.MixinServiceLaunchWrapper]: Scanning file:/C:/Users/jason/.gradle/caches/modules-2/files-2.1/org.scala-lang/scala-reflect/2.11.1/6580347e61cc7f8e802941e7fde40fa83b8badeb/scala-reflect-2.11.1.jar for mixin tweaker
[13:29:55] [main/DEBUG] [org.spongepowered.asm.service.mojang.MixinServiceLaunchWrapper]: Scanning file:/C:/Users/jason/.gradle/caches/modules-2/files-2.1/org.scala-lang.modules/scala-swing_2.11/1.0.1/b1cdd92bd47b1e1837139c1c53020e86bb9112ae/scala-swing_2.11-1.0.1.jar for mixin tweaker
[13:29:55] [main/DEBUG] [org.spongepowered.asm.service.mojang.MixinServiceLaunchWrapper]: Scanning file:/C:/Users/jason/.gradle/caches/modules-2/files-2.1/org.scala-lang.modules/scala-xml_2.11/1.0.2/820fbca7e524b530fdadc594c39d49a21ea0337e/scala-xml_2.11-1.0.2.jar for mixin tweaker
[13:29:55] [main/DEBUG] [org.spongepowered.asm.service.mojang.MixinServiceLaunchWrapper]: Scanning file:/C:/Users/jason/.gradle/caches/modules-2/files-2.1/org.scala-lang/scala-actors/2.11.0/8ccfb6541de179bb1c4d45cf414acee069b7f78b/scala-actors-2.11.0.jar for mixin tweaker
[13:29:55] [main/DEBUG] [org.spongepowered.asm.service.mojang.MixinServiceLaunchWrapper]: Scanning file:/C:/Users/jason/.gradle/caches/modules-2/files-2.1/org.scala-lang/scala-library/2.11.1/e11da23da3eabab9f4777b9220e60d44c1aab6a/scala-library-2.11.1.jar for mixin tweaker
[13:29:55] [main/DEBUG] [org.spongepowered.asm.service.mojang.MixinServiceLaunchWrapper]: Scanning file:/C:/Users/jason/.gradle/caches/modules-2/files-2.1/lzma/lzma/0.0.1/521616dc7487b42bef0e803bd2fa3faf668101d7/lzma-0.0.1.jar for mixin tweaker
[13:29:55] [main/DEBUG] [org.spongepowered.asm.service.mojang.MixinServiceLaunchWrapper]: Scanning file:/C:/Users/jason/.gradle/caches/modules-2/files-2.1/net.sf.trove4j/trove4j/3.0.3/42ccaf4761f0dfdfa805c9e340d99a755907e2dd/trove4j-3.0.3.jar for mixin tweaker
[13:29:55] [main/DEBUG] [org.spongepowered.asm.service.mojang.MixinServiceLaunchWrapper]: Scanning file:/C:/Users/jason/.gradle/caches/modules-2/files-2.1/com.paulscode/codecjorbis/20101023/c73b5636faf089d9f00e8732a829577de25237ee/codecjorbis-20101023.jar for mixin tweaker
[13:29:55] [main/DEBUG] [org.spongepowered.asm.service.mojang.MixinServiceLaunchWrapper]: Scanning file:/C:/Users/jason/.gradle/caches/modules-2/files-2.1/com.paulscode/codecwav/20101023/12f031cfe88fef5c1dd36c563c0a3a69bd7261da/codecwav-20101023.jar for mixin tweaker
[13:29:55] [main/DEBUG] [org.spongepowered.asm.service.mojang.MixinServiceLaunchWrapper]: Scanning file:/C:/Users/jason/.gradle/caches/modules-2/files-2.1/com.paulscode/libraryjavasound/20101123/5c5e304366f75f9eaa2e8cca546a1fb6109348b3/libraryjavasound-20101123.jar for mixin tweaker
[13:29:55] [main/DEBUG] [org.spongepowered.asm.service.mojang.MixinServiceLaunchWrapper]: Scanning file:/C:/Users/jason/.gradle/caches/modules-2/files-2.1/com.paulscode/soundsystem/20120107/419c05fe9be71f792b2d76cfc9b67f1ed0fec7f6/soundsystem-20120107.jar for mixin tweaker
[13:29:55] [main/DEBUG] [org.spongepowered.asm.service.mojang.MixinServiceLaunchWrapper]: Scanning file:/C:/Users/jason/.gradle/caches/modules-2/files-2.1/java3d/vecmath/1.5.2/79846ba34cbd89e2422d74d53752f993dcc2ccaf/vecmath-1.5.2.jar for mixin tweaker
[13:29:55] [main/DEBUG] [org.spongepowered.asm.service.mojang.MixinServiceLaunchWrapper]: Scanning file:/C:/Users/jason/.gradle/caches/modules-2/files-2.1/org.codehaus.plexus/plexus-utils/3.1.0/60eecb6f15abdb1c653ad80abaac6fe188b3feaa/plexus-utils-3.1.0.jar for mixin tweaker
[13:29:55] [main/DEBUG] [org.spongepowered.asm.service.mojang.MixinServiceLaunchWrapper]: Scanning file:/C:/Users/jason/.gradle/caches/modules-2/files-2.1/net.java.jinput/jinput-platform/2.0.5/7ff832a6eb9ab6a767f1ade2b548092d0fa64795/jinput-platform-2.0.5-natives-linux.jar for mixin tweaker
[13:29:55] [main/DEBUG] [org.spongepowered.asm.service.mojang.MixinServiceLaunchWrapper]: Scanning file:/C:/Users/jason/.gradle/caches/modules-2/files-2.1/net.java.jinput/jinput-platform/2.0.5/385ee093e01f587f30ee1c8a2ee7d408fd732e16/jinput-platform-2.0.5-natives-windows.jar for mixin tweaker
[13:29:55] [main/DEBUG] [org.spongepowered.asm.service.mojang.MixinServiceLaunchWrapper]: Scanning file:/C:/Users/jason/.gradle/caches/modules-2/files-2.1/net.java.jinput/jinput-platform/2.0.5/53f9c919f34d2ca9de8c51fc4e1e8282029a9232/jinput-platform-2.0.5-natives-osx.jar for mixin tweaker
[13:29:55] [main/DEBUG] [org.spongepowered.asm.service.mojang.MixinServiceLaunchWrapper]: Scanning file:/C:/Users/jason/.gradle/caches/modules-2/files-2.1/org.lwjgl.lwjgl/lwjgl-platform/2.9.4-nightly-20150209/b84d5102b9dbfabfeb5e43c7e2828d98a7fc80e0/lwjgl-platform-2.9.4-nightly-20150209-natives-windows.jar for mixin tweaker
[13:29:55] [main/DEBUG] [org.spongepowered.asm.service.mojang.MixinServiceLaunchWrapper]: Scanning file:/C:/Users/jason/.gradle/caches/modules-2/files-2.1/org.lwjgl.lwjgl/lwjgl-platform/2.9.4-nightly-20150209/931074f46c795d2f7b30ed6395df5715cfd7675b/lwjgl-platform-2.9.4-nightly-20150209-natives-linux.jar for mixin tweaker
[13:29:55] [main/DEBUG] [org.spongepowered.asm.service.mojang.MixinServiceLaunchWrapper]: Scanning file:/C:/Users/jason/.gradle/caches/modules-2/files-2.1/org.lwjgl.lwjgl/lwjgl-platform/2.9.4-nightly-20150209/bcab850f8f487c3f4c4dbabde778bb82bd1a40ed/lwjgl-platform-2.9.4-nightly-20150209-natives-osx.jar for mixin tweaker
[13:29:55] [main/DEBUG] [org.spongepowered.asm.service.mojang.MixinServiceLaunchWrapper]: Scanning file:/C:/Users/jason/.gradle/caches/minecraft/net/minecraftforge/forge/1.12.2-14.23.5.2847/start/ for mixin tweaker
[13:29:55] [main/DEBUG] [org.spongepowered.asm.service.mojang.MixinServiceLaunchWrapper]: Scanning file:/C:/mywork/adversity/build/libs/Adversity-1.0.0.jar for mixin tweaker
[13:29:55] [main/DEBUG] [mixin]: Adding agents for Mixin Container ContainerHandleURI(file:/C:/mywork/adversity/libs/%60FermiumBooter-1.2.0.jar)
[13:29:55] [main/DEBUG] [mixin]: Processing prepare() for PlatformAgent[MixinPlatformAgentDefault:ContainerHandleURI(file:/C:/mywork/adversity/libs/%60FermiumBooter-1.2.0.jar)]
[13:29:55] [main/DEBUG] [mixin]: Creating FML remapper adapter: org.spongepowered.asm.bridge.RemapperAdapterFML
[13:29:55] [main/DEBUG] [mixin]: Preparing mixins for MixinEnvironment[PREINIT]
[13:29:55] [main/INFO] [mixin]: Initialised Mixin FML Remapper Adapter with net.minecraftforge.fml.common.asm.transformers.deobf.FMLDeobfuscatingRemapper@1458ed9c
[13:29:55] [main/DEBUG] [MixinExtras|Service]: com.llamalad7.mixinextras.service.MixinExtrasServiceImpl(version=0.4.1) is taking over from null
[13:29:55] [main/DEBUG] [mixin]: Registering new injector for @Inject with org.spongepowered.asm.mixin.injection.struct.CallbackInjectionInfo
[13:29:55] [main/DEBUG] [mixin]: Registering new injector for @ModifyArg with org.spongepowered.asm.mixin.injection.struct.ModifyArgInjectionInfo
[13:29:55] [main/DEBUG] [mixin]: Registering new injector for @ModifyArgs with org.spongepowered.asm.mixin.injection.struct.ModifyArgsInjectionInfo
[13:29:55] [main/DEBUG] [mixin]: Registering new injector for @Redirect with org.spongepowered.asm.mixin.injection.struct.RedirectInjectionInfo
[13:29:55] [main/DEBUG] [mixin]: Registering new injector for @ModifyVariable with org.spongepowered.asm.mixin.injection.struct.ModifyVariableInjectionInfo
[13:29:55] [main/DEBUG] [mixin]: Registering new injector for @ModifyConstant with org.spongepowered.asm.mixin.injection.struct.ModifyConstantInjectionInfo
[13:29:55] [main/INFO] [mixin]: Compatibility level set to JAVA_8
[13:29:55] [main/DEBUG] [FML]: Enqueued coremod FermiumBooter
[13:29:55] [main/DEBUG] [FML]: Discovering coremods
[13:29:55] [main/INFO] [FML]: Searching C:\mywork\adversity\run\.\mods for mods
[13:29:55] [main/DEBUG] [FML]:   Adding Baubles-1.12-1.5.2.jar to the mod list
[13:29:55] [main/DEBUG] [FML]:   Adding jei_1.12.2-4.16.1.1013.jar to the mod list
[13:29:55] [main/DEBUG] [FML]:   Adding worldedit-forge-mc1.12.2-6.1.10-SNAPSHOT-dist.jar to the mod list
[13:29:55] [main/DEBUG] [FML]: Examining for coremod candidacy Baubles-1.12-1.5.2.jar
[13:29:55] [main/DEBUG] [FML]: Not found coremod data in Baubles-1.12-1.5.2.jar
[13:29:55] [main/DEBUG] [FML]: Examining for coremod candidacy jei_1.12.2-4.16.1.1013.jar
[13:29:55] [main/DEBUG] [FML]: Not found coremod data in jei_1.12.2-4.16.1.1013.jar
[13:29:55] [main/DEBUG] [FML]: Examining for coremod candidacy worldedit-forge-mc1.12.2-6.1.10-SNAPSHOT-dist.jar
[13:29:55] [main/DEBUG] [FML]: Not found coremod data in worldedit-forge-mc1.12.2-6.1.10-SNAPSHOT-dist.jar
[13:29:55] [main/INFO] [LaunchWrapper]: Calling tweak class net.minecraftforge.gradle.tweakers.CoremodTweaker
[13:29:55] [main/INFO] [GradleStart]: Injecting location in coremod net.minecraftforge.fml.relauncher.FMLCorePlugin
[13:29:55] [main/INFO] [GradleStart]: Injecting location in coremod net.minecraftforge.classloading.FMLForgePlugin
[13:29:55] [main/INFO] [GradleStart]: Injecting location in coremod com.adversity.asm.AdversityLoadingPlugin
[13:29:55] [main/INFO] [GradleStart]: Injecting location in coremod fermiumbooter.FermiumPlugin
[13:29:55] [main/INFO] [LaunchWrapper]: Loading tweak class name net.minecraftforge.fml.common.launcher.FMLInjectionAndSortingTweaker
[13:29:55] [main/INFO] [LaunchWrapper]: Loading tweak class name org.spongepowered.asm.mixin.EnvironmentStateTweaker
[13:29:55] [main/INFO] [LaunchWrapper]: Loading tweak class name net.minecraftforge.fml.common.launcher.FMLDeobfTweaker
[13:29:55] [main/INFO] [LaunchWrapper]: Loading tweak class name net.minecraftforge.gradle.tweakers.AccessTransformerTweaker
[13:29:55] [main/INFO] [LaunchWrapper]: Calling tweak class net.minecraftforge.fml.common.launcher.FMLInjectionAndSortingTweaker
[13:29:55] [main/INFO] [LaunchWrapper]: Calling tweak class net.minecraftforge.fml.common.launcher.FMLInjectionAndSortingTweaker
[13:29:55] [main/INFO] [LaunchWrapper]: Calling tweak class net.minecraftforge.fml.relauncher.CoreModManager$FMLPluginWrapper
[13:29:55] [main/DEBUG] [FML]: Injecting coremod FMLCorePlugin \{net.minecraftforge.fml.relauncher.FMLCorePlugin\} class transformers
[13:29:55] [main/TRACE] [FML]: Registering transformer net.minecraftforge.fml.common.asm.transformers.SideTransformer
[13:29:55] [main/DEBUG] [mixin]: Checking for additional mixins for MixinEnvironment[PREINIT]
[13:29:55] [main/TRACE] [FML]: Registering transformer net.minecraftforge.fml.common.asm.transformers.EventSubscriptionTransformer
[13:29:55] [main/TRACE] [FML]: Registering transformer net.minecraftforge.fml.common.asm.transformers.EventSubscriberTransformer
[13:29:55] [main/TRACE] [FML]: Registering transformer net.minecraftforge.fml.common.asm.transformers.SoundEngineFixTransformer
[13:29:55] [main/DEBUG] [FML]: Injection complete
[13:29:55] [main/DEBUG] [FML]: Running coremod plugin for FMLCorePlugin \{net.minecraftforge.fml.relauncher.FMLCorePlugin\}
[13:29:55] [main/DEBUG] [FML]: Running coremod plugin FMLCorePlugin
[13:29:55] [main/DEBUG] [FML]: Loading deobfuscation resource C:\Users\jason\.gradle\caches\minecraft\de\oceanlabs\mcp\mcp_stable\39\1.12.2\srgs\srg-mcp.srg with 36076 records
[13:29:55] [main/ERROR] [FML]: FML appears to be missing any signature data. This is not a good thing
[13:29:55] [main/DEBUG] [FML]: Coremod plugin class FMLCorePlugin run successfully
[13:29:55] [main/INFO] [LaunchWrapper]: Calling tweak class net.minecraftforge.fml.relauncher.CoreModManager$FMLPluginWrapper
[13:29:55] [main/DEBUG] [FML]: Injecting coremod FMLForgePlugin \{net.minecraftforge.classloading.FMLForgePlugin\} class transformers
[13:29:55] [main/DEBUG] [FML]: Injection complete
[13:29:55] [main/DEBUG] [FML]: Running coremod plugin for FMLForgePlugin \{net.minecraftforge.classloading.FMLForgePlugin\}
[13:29:55] [main/DEBUG] [FML]: Running coremod plugin FMLForgePlugin
[13:29:55] [main/DEBUG] [FML]: Coremod plugin class FMLForgePlugin run successfully
[13:29:55] [main/INFO] [LaunchWrapper]: Calling tweak class org.spongepowered.asm.mixin.EnvironmentStateTweaker
[13:29:55] [main/DEBUG] [mixin]: Processing launch tasks for PlatformAgent[MixinPlatformAgentDefault:ContainerHandleURI(file:/C:/mywork/adversity/libs/%60FermiumBooter-1.2.0.jar)]
[13:29:55] [main/DEBUG] [org.spongepowered.asm.service.mojang.MixinServiceLaunchWrapper]: Scanning file:/C:/mywork/adversity/libs/CraftTweaker2-1.12-4.1.20.703.jar for mixin tweaker
[13:29:55] [main/DEBUG] [org.spongepowered.asm.service.mojang.MixinServiceLaunchWrapper]: Scanning file:/C:/mywork/adversity/libs/%60FermiumBooter-1.2.0.jar for mixin tweaker
[13:29:55] [main/DEBUG] [org.spongepowered.asm.service.mojang.MixinServiceLaunchWrapper]: Scanning file:/C:/Users/jason/.gradle/caches/minecraft/deobfedDeps/compileDummy.jar for mixin tweaker
[13:29:55] [main/DEBUG] [org.spongepowered.asm.service.mojang.MixinServiceLaunchWrapper]: Scanning file:/C:/Users/jason/.gradle/caches/minecraft/deobfedDeps/providedDummy.jar for mixin tweaker
[13:29:55] [main/DEBUG] [org.spongepowered.asm.service.mojang.MixinServiceLaunchWrapper]: Scanning file:/C:/Users/jason/.gradle/caches/minecraft/net/minecraftforge/forge/1.12.2-14.23.5.2847/stable/39/forgeSrc-1.12.2-14.23.5.2847.jar for mixin tweaker
[13:29:55] [main/DEBUG] [org.spongepowered.asm.service.mojang.MixinServiceLaunchWrapper]: Scanning file:/C:/Users/jason/.gradle/caches/modules-2/files-2.1/com.mojang/authlib/1.5.25/9834cdf236c22e84b946bba989e2f94ef5897c3c/authlib-1.5.25.jar for mixin tweaker
[13:29:55] [main/DEBUG] [org.spongepowered.asm.service.mojang.MixinServiceLaunchWrapper]: Scanning file:/C:/Users/jason/.gradle/caches/modules-2/files-2.1/com.google.code.findbugs/jsr305/3.0.1/f7be08ec23c21485b9b5a1cf1654c2ec8c58168d/jsr305-3.0.1.jar for mixin tweaker
[13:29:55] [main/DEBUG] [org.spongepowered.asm.service.mojang.MixinServiceLaunchWrapper]: Scanning file:/C:/Users/jason/.gradle/caches/modules-2/files-2.1/com.mojang/patchy/1.3.9/eb8bb7b66fa0e2152b1b40b3856e82f7619439ee/patchy-1.3.9.jar for mixin tweaker
[13:29:55] [main/DEBUG] [org.spongepowered.asm.service.mojang.MixinServiceLaunchWrapper]: Scanning file:/C:/Users/jason/.gradle/caches/modules-2/files-2.1/oshi-project/oshi-core/1.1/9ddf7b048a8d701be231c0f4f95fd986198fd2d8/oshi-core-1.1.jar for mixin tweaker
[13:29:55] [main/DEBUG] [org.spongepowered.asm.service.mojang.MixinServiceLaunchWrapper]: Scanning file:/C:/Users/jason/.gradle/caches/modules-2/files-2.1/com.mojang/text2speech/1.10.3/48fd510879dff266c3815947de66e3d4809f8668/text2speech-1.10.3.jar for mixin tweaker
[13:29:55] [main/DEBUG] [org.spongepowered.asm.service.mojang.MixinServiceLaunchWrapper]: Scanning file:/C:/Users/jason/.gradle/caches/modules-2/files-2.1/ca.weblite/java-objc-bridge/1.0.0/6ef160c3133a78de015830860197602ca1c855d3/java-objc-bridge-1.0.0.jar for mixin tweaker
[13:29:55] [main/DEBUG] [org.spongepowered.asm.service.mojang.MixinServiceLaunchWrapper]: Scanning file:/C:/Users/jason/.gradle/caches/modules-2/files-2.1/net.java.dev.jna/jna/4.4.0/cb208278274bf12ebdb56c61bd7407e6f774d65a/jna-4.4.0.jar for mixin tweaker
[13:29:55] [main/DEBUG] [org.spongepowered.asm.service.mojang.MixinServiceLaunchWrapper]: Scanning file:/C:/Users/jason/.gradle/caches/modules-2/files-2.1/net.java.dev.jna/platform/3.4.0/e3f70017be8100d3d6923f50b3d2ee17714e9c13/platform-3.4.0.jar for mixin tweaker
[13:29:55] [main/DEBUG] [org.spongepowered.asm.service.mojang.MixinServiceLaunchWrapper]: Scanning file:/C:/Users/jason/.gradle/caches/modules-2/files-2.1/com.ibm.icu/icu4j-core-mojang/51.2/63d216a9311cca6be337c1e458e587f99d382b84/icu4j-core-mojang-51.2.jar for mixin tweaker
[13:29:55] [main/DEBUG] [org.spongepowered.asm.service.mojang.MixinServiceLaunchWrapper]: Scanning file:/C:/Users/jason/.gradle/caches/modules-2/files-2.1/net.minecraft/launchwrapper/1.12/111e7bea9c968cdb3d06ef4632bf7ff0824d0f36/launchwrapper-1.12.jar for mixin tweaker
[13:29:55] [main/DEBUG] [org.spongepowered.asm.service.mojang.MixinServiceLaunchWrapper]: Scanning file:/C:/Users/jason/.gradle/caches/modules-2/files-2.1/net.sf.jopt-simple/jopt-simple/5.0.3/cdd846cfc4e0f7eefafc02c0f5dce32b9303aa2a/jopt-simple-5.0.3.jar for mixin tweaker
[13:29:55] [main/DEBUG] [org.spongepowered.asm.service.mojang.MixinServiceLaunchWrapper]: Scanning file:/C:/Users/jason/.gradle/caches/modules-2/files-2.1/io.netty/netty-all/4.1.9.Final/97860965d6a0a6b98e7f569f3f966727b8db75/netty-all-4.1.9.Final.jar for mixin tweaker
[13:29:55] [main/DEBUG] [org.spongepowered.asm.service.mojang.MixinServiceLaunchWrapper]: Scanning file:/C:/Users/jason/.gradle/caches/modules-2/files-2.1/com.google.guava/guava/21.0/3a3d111be1be1b745edfa7d91678a12d7ed38709/guava-21.0.jar for mixin tweaker
[13:29:55] [main/DEBUG] [org.spongepowered.asm.service.mojang.MixinServiceLaunchWrapper]: Scanning file:/C:/Users/jason/.gradle/caches/modules-2/files-2.1/org.apache.maven/maven-artifact/3.5.3/7dc72b6d6d8a6dced3d294ed54c2cc3515ade9f4/maven-artifact-3.5.3.jar for mixin tweaker
[13:29:55] [main/DEBUG] [org.spongepowered.asm.service.mojang.MixinServiceLaunchWrapper]: Scanning file:/C:/Users/jason/.gradle/caches/modules-2/files-2.1/org.apache.commons/commons-lang3/3.5/6c6c702c89bfff3cd9e80b04d668c5e190d588c6/commons-lang3-3.5.jar for mixin tweaker
[13:29:55] [main/DEBUG] [org.spongepowered.asm.service.mojang.MixinServiceLaunchWrapper]: Scanning file:/C:/Users/jason/.gradle/caches/modules-2/files-2.1/commons-io/commons-io/2.5/2852e6e05fbb95076fc091f6d1780f1f8fe35e0f/commons-io-2.5.jar for mixin tweaker
[13:29:55] [main/DEBUG] [org.spongepowered.asm.service.mojang.MixinServiceLaunchWrapper]: Scanning file:/C:/Users/jason/.gradle/caches/modules-2/files-2.1/com.mojang/realms/1.10.22/bd0dccebdf3744c75f1ca20063f16e8f7d5e663f/realms-1.10.22.jar for mixin tweaker
[13:29:55] [main/DEBUG] [org.spongepowered.asm.service.mojang.MixinServiceLaunchWrapper]: Scanning file:/C:/Users/jason/.gradle/caches/modules-2/files-2.1/org.apache.httpcomponents/httpclient/4.3.3/18f4247ff4572a074444572cee34647c43e7c9c7/httpclient-4.3.3.jar for mixin tweaker
[13:29:55] [main/DEBUG] [org.spongepowered.asm.service.mojang.MixinServiceLaunchWrapper]: Scanning file:/C:/Users/jason/.gradle/caches/modules-2/files-2.1/commons-codec/commons-codec/1.10/4b95f4897fa13f2cd904aee711aeafc0c5295cd8/commons-codec-1.10.jar for mixin tweaker
[13:29:55] [main/DEBUG] [org.spongepowered.asm.service.mojang.MixinServiceLaunchWrapper]: Scanning file:/C:/Users/jason/.gradle/caches/modules-2/files-2.1/com.paulscode/librarylwjglopenal/20100824/73e80d0794c39665aec3f62eee88ca91676674ef/librarylwjglopenal-20100824.jar for mixin tweaker
[13:29:55] [main/DEBUG] [org.spongepowered.asm.service.mojang.MixinServiceLaunchWrapper]: Scanning file:/C:/Users/jason/.gradle/caches/modules-2/files-2.1/org.lwjgl.lwjgl/lwjgl_util/2.9.4-nightly-20150209/d51a7c040a721d13efdfbd34f8b257b2df882ad0/lwjgl_util-2.9.4-nightly-20150209.jar for mixin tweaker
[13:29:55] [main/DEBUG] [org.spongepowered.asm.service.mojang.MixinServiceLaunchWrapper]: Scanning file:/C:/Users/jason/.gradle/caches/modules-2/files-2.1/org.lwjgl.lwjgl/lwjgl/2.9.4-nightly-20150209/697517568c68e78ae0b4544145af031c81082dfe/lwjgl-2.9.4-nightly-20150209.jar for mixin tweaker
[13:29:55] [main/DEBUG] [org.spongepowered.asm.service.mojang.MixinServiceLaunchWrapper]: Scanning file:/C:/Users/jason/.gradle/caches/modules-2/files-2.1/net.java.jinput/jinput/2.0.5/39c7796b469a600f72380316f6b1f11db6c2c7c4/jinput-2.0.5.jar for mixin tweaker
[13:29:55] [main/DEBUG] [org.spongepowered.asm.service.mojang.MixinServiceLaunchWrapper]: Scanning file:/C:/Users/jason/.gradle/caches/modules-2/files-2.1/net.java.jutils/jutils/1.0.0/e12fe1fda814bd348c1579329c86943d2cd3c6a6/jutils-1.0.0.jar for mixin tweaker
[13:29:55] [main/DEBUG] [org.spongepowered.asm.service.mojang.MixinServiceLaunchWrapper]: Scanning file:/C:/Users/jason/.gradle/caches/modules-2/files-2.1/com.google.code.gson/gson/2.8.0/c4ba5371a29ac9b2ad6129b1d39ea38750043eff/gson-2.8.0.jar for mixin tweaker
[13:29:55] [main/DEBUG] [org.spongepowered.asm.service.mojang.MixinServiceLaunchWrapper]: Scanning file:/C:/Users/jason/.gradle/caches/modules-2/files-2.1/org.apache.commons/commons-compress/1.8.1/a698750c16740fd5b3871425f4cb3bbaa87f529d/commons-compress-1.8.1.jar for mixin tweaker
[13:29:55] [main/DEBUG] [org.spongepowered.asm.service.mojang.MixinServiceLaunchWrapper]: Scanning file:/C:/Users/jason/.gradle/caches/modules-2/files-2.1/commons-logging/commons-logging/1.1.3/f6f66e966c70a83ffbdb6f17a0919eaf7c8aca7f/commons-logging-1.1.3.jar for mixin tweaker
[13:29:55] [main/DEBUG] [org.spongepowered.asm.service.mojang.MixinServiceLaunchWrapper]: Scanning file:/C:/Users/jason/.gradle/caches/modules-2/files-2.1/org.apache.httpcomponents/httpcore/4.3.2/31fbbff1ddbf98f3aa7377c94d33b0447c646b6e/httpcore-4.3.2.jar for mixin tweaker
[13:29:55] [main/DEBUG] [org.spongepowered.asm.service.mojang.MixinServiceLaunchWrapper]: Scanning file:/C:/Users/jason/.gradle/caches/modules-2/files-2.1/it.unimi.dsi/fastutil/7.1.0/9835253257524c1be7ab50c057aa2d418fb72082/fastutil-7.1.0.jar for mixin tweaker
[13:29:55] [main/DEBUG] [org.spongepowered.asm.service.mojang.MixinServiceLaunchWrapper]: Scanning file:/C:/Users/jason/.gradle/caches/modules-2/files-2.1/org.apache.logging.log4j/log4j-core/2.8.1/4ac28ff2f1ddf05dae3043a190451e8c46b73c31/log4j-core-2.8.1.jar for mixin tweaker
[13:29:55] [main/DEBUG] [org.spongepowered.asm.service.mojang.MixinServiceLaunchWrapper]: Scanning file:/C:/Users/jason/.gradle/caches/modules-2/files-2.1/org.apache.logging.log4j/log4j-api/2.8.1/e801d13612e22cad62a3f4f3fe7fdbe6334a8e72/log4j-api-2.8.1.jar for mixin tweaker
[13:29:55] [main/DEBUG] [org.spongepowered.asm.service.mojang.MixinServiceLaunchWrapper]: Scanning file:/C:/Users/jason/.gradle/caches/modules-2/files-2.1/org.jline/jline/3.5.1/51800e9d7a13608894a5a28eed0f5c7fa2f300fb/jline-3.5.1.jar for mixin tweaker
[13:29:55] [main/DEBUG] [org.spongepowered.asm.service.mojang.MixinServiceLaunchWrapper]: Scanning file:/C:/Users/jason/.gradle/caches/modules-2/files-2.1/org.ow2.asm/asm-debug-all/5.2/3354e11e2b34215f06dab629ab88e06aca477c19/asm-debug-all-5.2.jar for mixin tweaker
[13:29:55] [main/DEBUG] [org.spongepowered.asm.service.mojang.MixinServiceLaunchWrapper]: Scanning file:/C:/Users/jason/.gradle/caches/modules-2/files-2.1/com.typesafe.akka/akka-actor_2.11/2.3.3/ed62e9fc709ca0f2ff1a3220daa8b70a2870078e/akka-actor_2.11-2.3.3.jar for mixin tweaker
[13:29:55] [main/DEBUG] [org.spongepowered.asm.service.mojang.MixinServiceLaunchWrapper]: Scanning file:/C:/Users/jason/.gradle/caches/modules-2/files-2.1/com.typesafe/config/1.2.1/f771f71fdae3df231bcd54d5ca2d57f0bf93f467/config-1.2.1.jar for mixin tweaker
[13:29:55] [main/DEBUG] [org.spongepowered.asm.service.mojang.MixinServiceLaunchWrapper]: Scanning file:/C:/Users/jason/.gradle/caches/modules-2/files-2.1/org.scala-lang/scala-actors-migration_2.11/1.1.0/dfa8bc42b181d5b9f1a5dd147f8ae308b893eb6f/scala-actors-migration_2.11-1.1.0.jar for mixin tweaker
[13:29:55] [main/DEBUG] [org.spongepowered.asm.service.mojang.MixinServiceLaunchWrapper]: Scanning file:/C:/Users/jason/.gradle/caches/modules-2/files-2.1/org.scala-lang.plugins/scala-continuations-plugin_2.11.1/1.0.2/f361a3283452c57fa30c1ee69448995de23c60f7/scala-continuations-plugin_2.11.1-1.0.2.jar for mixin tweaker
[13:29:55] [main/DEBUG] [org.spongepowered.asm.service.mojang.MixinServiceLaunchWrapper]: Scanning file:/C:/Users/jason/.gradle/caches/modules-2/files-2.1/org.scala-lang/scala-compiler/2.11.1/56ea2e6c025e0821f28d73ca271218b8dd04926a/scala-compiler-2.11.1.jar for mixin tweaker
[13:29:55] [main/DEBUG] [org.spongepowered.asm.service.mojang.MixinServiceLaunchWrapper]: Scanning file:/C:/Users/jason/.gradle/caches/modules-2/files-2.1/org.scala-lang.plugins/scala-continuations-library_2.11/1.0.2/e517c53a7e9acd6b1668c5a35eccbaa3bab9aac/scala-continuations-library_2.11-1.0.2.jar for mixin tweaker
[13:29:55] [main/DEBUG] [org.spongepowered.asm.service.mojang.MixinServiceLaunchWrapper]: Scanning file:/C:/Users/jason/.gradle/caches/modules-2/files-2.1/org.scala-lang.modules/scala-parser-combinators_2.11/1.0.1/f05d7345bf5a58924f2837c6c1f4d73a938e1ff0/scala-parser-combinators_2.11-1.0.1.jar for mixin tweaker
[13:29:55] [main/DEBUG] [org.spongepowered.asm.service.mojang.MixinServiceLaunchWrapper]: Scanning file:/C:/Users/jason/.gradle/caches/modules-2/files-2.1/org.scala-lang/scala-reflect/2.11.1/6580347e61cc7f8e802941e7fde40fa83b8badeb/scala-reflect-2.11.1.jar for mixin tweaker
[13:29:55] [main/DEBUG] [org.spongepowered.asm.service.mojang.MixinServiceLaunchWrapper]: Scanning file:/C:/Users/jason/.gradle/caches/modules-2/files-2.1/org.scala-lang.modules/scala-swing_2.11/1.0.1/b1cdd92bd47b1e1837139c1c53020e86bb9112ae/scala-swing_2.11-1.0.1.jar for mixin tweaker
[13:29:55] [main/DEBUG] [org.spongepowered.asm.service.mojang.MixinServiceLaunchWrapper]: Scanning file:/C:/Users/jason/.gradle/caches/modules-2/files-2.1/org.scala-lang.modules/scala-xml_2.11/1.0.2/820fbca7e524b530fdadc594c39d49a21ea0337e/scala-xml_2.11-1.0.2.jar for mixin tweaker
[13:29:55] [main/DEBUG] [org.spongepowered.asm.service.mojang.MixinServiceLaunchWrapper]: Scanning file:/C:/Users/jason/.gradle/caches/modules-2/files-2.1/org.scala-lang/scala-actors/2.11.0/8ccfb6541de179bb1c4d45cf414acee069b7f78b/scala-actors-2.11.0.jar for mixin tweaker
[13:29:55] [main/DEBUG] [org.spongepowered.asm.service.mojang.MixinServiceLaunchWrapper]: Scanning file:/C:/Users/jason/.gradle/caches/modules-2/files-2.1/org.scala-lang/scala-library/2.11.1/e11da23da3eabab9f4777b9220e60d44c1aab6a/scala-library-2.11.1.jar for mixin tweaker
[13:29:55] [main/DEBUG] [org.spongepowered.asm.service.mojang.MixinServiceLaunchWrapper]: Scanning file:/C:/Users/jason/.gradle/caches/modules-2/files-2.1/lzma/lzma/0.0.1/521616dc7487b42bef0e803bd2fa3faf668101d7/lzma-0.0.1.jar for mixin tweaker
[13:29:55] [main/DEBUG] [org.spongepowered.asm.service.mojang.MixinServiceLaunchWrapper]: Scanning file:/C:/Users/jason/.gradle/caches/modules-2/files-2.1/net.sf.trove4j/trove4j/3.0.3/42ccaf4761f0dfdfa805c9e340d99a755907e2dd/trove4j-3.0.3.jar for mixin tweaker
[13:29:55] [main/DEBUG] [org.spongepowered.asm.service.mojang.MixinServiceLaunchWrapper]: Scanning file:/C:/Users/jason/.gradle/caches/modules-2/files-2.1/com.paulscode/codecjorbis/20101023/c73b5636faf089d9f00e8732a829577de25237ee/codecjorbis-20101023.jar for mixin tweaker
[13:29:55] [main/DEBUG] [org.spongepowered.asm.service.mojang.MixinServiceLaunchWrapper]: Scanning file:/C:/Users/jason/.gradle/caches/modules-2/files-2.1/com.paulscode/codecwav/20101023/12f031cfe88fef5c1dd36c563c0a3a69bd7261da/codecwav-20101023.jar for mixin tweaker
[13:29:55] [main/DEBUG] [org.spongepowered.asm.service.mojang.MixinServiceLaunchWrapper]: Scanning file:/C:/Users/jason/.gradle/caches/modules-2/files-2.1/com.paulscode/libraryjavasound/20101123/5c5e304366f75f9eaa2e8cca546a1fb6109348b3/libraryjavasound-20101123.jar for mixin tweaker
[13:29:55] [main/DEBUG] [org.spongepowered.asm.service.mojang.MixinServiceLaunchWrapper]: Scanning file:/C:/Users/jason/.gradle/caches/modules-2/files-2.1/com.paulscode/soundsystem/20120107/419c05fe9be71f792b2d76cfc9b67f1ed0fec7f6/soundsystem-20120107.jar for mixin tweaker
[13:29:55] [main/DEBUG] [org.spongepowered.asm.service.mojang.MixinServiceLaunchWrapper]: Scanning file:/C:/Users/jason/.gradle/caches/modules-2/files-2.1/java3d/vecmath/1.5.2/79846ba34cbd89e2422d74d53752f993dcc2ccaf/vecmath-1.5.2.jar for mixin tweaker
[13:29:55] [main/DEBUG] [org.spongepowered.asm.service.mojang.MixinServiceLaunchWrapper]: Scanning file:/C:/Users/jason/.gradle/caches/modules-2/files-2.1/org.codehaus.plexus/plexus-utils/3.1.0/60eecb6f15abdb1c653ad80abaac6fe188b3feaa/plexus-utils-3.1.0.jar for mixin tweaker
[13:29:55] [main/DEBUG] [org.spongepowered.asm.service.mojang.MixinServiceLaunchWrapper]: Scanning file:/C:/Users/jason/.gradle/caches/modules-2/files-2.1/net.java.jinput/jinput-platform/2.0.5/7ff832a6eb9ab6a767f1ade2b548092d0fa64795/jinput-platform-2.0.5-natives-linux.jar for mixin tweaker
[13:29:55] [main/DEBUG] [org.spongepowered.asm.service.mojang.MixinServiceLaunchWrapper]: Scanning file:/C:/Users/jason/.gradle/caches/modules-2/files-2.1/net.java.jinput/jinput-platform/2.0.5/385ee093e01f587f30ee1c8a2ee7d408fd732e16/jinput-platform-2.0.5-natives-windows.jar for mixin tweaker
[13:29:55] [main/DEBUG] [org.spongepowered.asm.service.mojang.MixinServiceLaunchWrapper]: Scanning file:/C:/Users/jason/.gradle/caches/modules-2/files-2.1/net.java.jinput/jinput-platform/2.0.5/53f9c919f34d2ca9de8c51fc4e1e8282029a9232/jinput-platform-2.0.5-natives-osx.jar for mixin tweaker
[13:29:55] [main/DEBUG] [org.spongepowered.asm.service.mojang.MixinServiceLaunchWrapper]: Scanning file:/C:/Users/jason/.gradle/caches/modules-2/files-2.1/org.lwjgl.lwjgl/lwjgl-platform/2.9.4-nightly-20150209/b84d5102b9dbfabfeb5e43c7e2828d98a7fc80e0/lwjgl-platform-2.9.4-nightly-20150209-natives-windows.jar for mixin tweaker
[13:29:55] [main/DEBUG] [org.spongepowered.asm.service.mojang.MixinServiceLaunchWrapper]: Scanning file:/C:/Users/jason/.gradle/caches/modules-2/files-2.1/org.lwjgl.lwjgl/lwjgl-platform/2.9.4-nightly-20150209/931074f46c795d2f7b30ed6395df5715cfd7675b/lwjgl-platform-2.9.4-nightly-20150209-natives-linux.jar for mixin tweaker
[13:29:55] [main/DEBUG] [org.spongepowered.asm.service.mojang.MixinServiceLaunchWrapper]: Scanning file:/C:/Users/jason/.gradle/caches/modules-2/files-2.1/org.lwjgl.lwjgl/lwjgl-platform/2.9.4-nightly-20150209/bcab850f8f487c3f4c4dbabde778bb82bd1a40ed/lwjgl-platform-2.9.4-nightly-20150209-natives-osx.jar for mixin tweaker
[13:29:55] [main/DEBUG] [org.spongepowered.asm.service.mojang.MixinServiceLaunchWrapper]: Scanning file:/C:/Users/jason/.gradle/caches/minecraft/net/minecraftforge/forge/1.12.2-14.23.5.2847/start/ for mixin tweaker
[13:29:55] [main/DEBUG] [org.spongepowered.asm.service.mojang.MixinServiceLaunchWrapper]: Scanning file:/C:/mywork/adversity/build/libs/Adversity-1.0.0.jar for mixin tweaker
[13:29:55] [main/DEBUG] [org.spongepowered.asm.service.mojang.MixinServiceLaunchWrapper]: Scanning asmgen:/ for mixin tweaker
[13:29:55] [main/DEBUG] [mixin]: Adding agents for Mixin Container ContainerHandleURI(file:/C:/mywork/adversity/libs/%60FermiumBooter-1.2.0.jar)
[13:29:55] [main/DEBUG] [mixin]: inject() running with 1 agents
[13:29:55] [main/DEBUG] [mixin]: Processing inject() for PlatformAgent[MixinPlatformAgentDefault:ContainerHandleURI(file:/C:/mywork/adversity/libs/%60FermiumBooter-1.2.0.jar)]
[13:29:55] [main/INFO] [LaunchWrapper]: Calling tweak class net.minecraftforge.fml.relauncher.CoreModManager$FMLPluginWrapper
[13:29:55] [main/DEBUG] [FML]: Injecting coremod FermiumBooter \{fermiumbooter.FermiumPlugin\} class transformers
[13:29:55] [main/DEBUG] [FML]: Injection complete
[13:29:55] [main/DEBUG] [FML]: Running coremod plugin for FermiumBooter \{fermiumbooter.FermiumPlugin\}
[13:29:55] [main/DEBUG] [FML]: Running coremod plugin FermiumBooter
[13:29:55] [main/INFO] [FermiumBooter]: FermiumBooter adding "adversity.early.mixins.json" for early mixin application.
[13:29:55] [main/DEBUG] [FML]: Coremod plugin class FermiumPlugin run successfully
[13:29:55] [main/INFO] [LaunchWrapper]: Calling tweak class net.minecraftforge.fml.common.launcher.FMLDeobfTweaker
[13:29:55] [main/DEBUG] [FML]: Loaded 215 rules from AccessTransformer config file forge_at.cfg
[13:29:55] [main/DEBUG] [FML]: Loaded 28 rules from AccessTransformer mod jar file C:\mywork\adversity\libs\CraftTweaker2-1.12-4.1.20.703.jar!META-INF/crafttweaker_at.cfg

[13:29:55] [main/DEBUG] [FML]: Loaded 13 rules from AccessTransformer mod jar file .\mods\jei_1.12.2-4.16.1.1013.jar!META-INF/jei_at.cfg

[13:29:55] [main/DEBUG] [FML]: Loaded 1 rules from AccessTransformer mod jar file .\mods\worldedit-forge-mc1.12.2-6.1.10-SNAPSHOT-dist.jar!META-INF/worldedit_at.cfg

[13:29:55] [main/DEBUG] [mixin]: Adding new mixin transformer proxy #2
[13:29:55] [main/DEBUG] [FML]: Validating minecraft
[13:29:55] [main/DEBUG] [mixin]: Preparing mixins for MixinEnvironment[INIT]
[13:29:55] [main/DEBUG] [mixin]: Selecting config mixins.fermiumbooter.init.json
[13:29:55] [main/INFO] [mixin]: Remapping refMap mixins.fermiumbooter.refmap.json using C:\Users\jason\.gradle\caches\minecraft\de\oceanlabs\mcp\mcp_stable\39\1.12.2\srgs\srg-mcp.srg
[13:29:55] [main/DEBUG] [mixin]: Preparing mixins.fermiumbooter.init.json (1)
[13:29:55] [main/DEBUG] [org.spongepowered.asm.service.mojang.MixinServiceLaunchWrapper]: Found name transformer: net.minecraftforge.fml.common.asm.transformers.DeobfuscationTransformer
[13:29:55] [main/DEBUG] [org.spongepowered.asm.service.mojang.MixinServiceLaunchWrapper]: Rebuilding transformer delegation list:
[13:29:55] [main/DEBUG] [org.spongepowered.asm.service.mojang.MixinServiceLaunchWrapper]: Found name transformer: net.minecraftforge.fml.common.asm.transformers.DeobfuscationTransformer
[13:29:55] [main/DEBUG] [org.spongepowered.asm.service.mojang.MixinServiceLaunchWrapper]:   Adding:    net.minecraftforge.fml.common.asm.transformers.PatchingTransformer
[13:29:55] [main/DEBUG] [org.spongepowered.asm.service.mojang.MixinServiceLaunchWrapper]:   Excluding: org.spongepowered.asm.mixin.transformer.Proxy
[13:29:55] [main/DEBUG] [org.spongepowered.asm.service.mojang.MixinServiceLaunchWrapper]:   Adding:    $wrapper.net.minecraftforge.fml.common.asm.transformers.SideTransformer
[13:29:55] [main/DEBUG] [org.spongepowered.asm.service.mojang.MixinServiceLaunchWrapper]:   Excluding: $wrapper.net.minecraftforge.fml.common.asm.transformers.EventSubscriptionTransformer
[13:29:55] [main/DEBUG] [org.spongepowered.asm.service.mojang.MixinServiceLaunchWrapper]:   Adding:    $wrapper.net.minecraftforge.fml.common.asm.transformers.EventSubscriberTransformer
[13:29:55] [main/DEBUG] [org.spongepowered.asm.service.mojang.MixinServiceLaunchWrapper]:   Adding:    $wrapper.net.minecraftforge.fml.common.asm.transformers.SoundEngineFixTransformer
[13:29:55] [main/DEBUG] [org.spongepowered.asm.service.mojang.MixinServiceLaunchWrapper]:   Adding:    net.minecraftforge.fml.common.asm.transformers.DeobfuscationTransformer
[13:29:55] [main/DEBUG] [org.spongepowered.asm.service.mojang.MixinServiceLaunchWrapper]:   Adding:    net.minecraftforge.fml.common.asm.transformers.AccessTransformer
[13:29:55] [main/DEBUG] [org.spongepowered.asm.service.mojang.MixinServiceLaunchWrapper]:   Adding:    net.minecraftforge.fml.common.asm.transformers.ModAccessTransformer
[13:29:55] [main/DEBUG] [org.spongepowered.asm.service.mojang.MixinServiceLaunchWrapper]:   Adding:    net.minecraftforge.fml.common.asm.transformers.ItemStackTransformer
[13:29:55] [main/DEBUG] [org.spongepowered.asm.service.mojang.MixinServiceLaunchWrapper]:   Adding:    net.minecraftforge.fml.common.asm.transformers.ItemBlockTransformer
[13:29:55] [main/DEBUG] [org.spongepowered.asm.service.mojang.MixinServiceLaunchWrapper]:   Adding:    net.minecraftforge.fml.common.asm.transformers.ItemBlockSpecialTransformer
[13:29:55] [main/DEBUG] [org.spongepowered.asm.service.mojang.MixinServiceLaunchWrapper]:   Adding:    net.minecraftforge.fml.common.asm.transformers.PotionEffectTransformer
[13:29:55] [main/DEBUG] [org.spongepowered.asm.service.mojang.MixinServiceLaunchWrapper]:   Excluding: org.spongepowered.asm.mixin.transformer.Proxy
[13:29:55] [main/DEBUG] [org.spongepowered.asm.service.mojang.MixinServiceLaunchWrapper]: Transformer delegation list created with 11 entries
[13:29:55] [main/TRACE] [mixin]: Added class metadata for net/minecraftforge/fml/common/Loader to metadata cache
[13:29:55] [main/TRACE] [mixin]: Added class metadata for java/util/Map$Entry to metadata cache
[13:29:55] [main/INFO] [MixinExtras|Service]: Initializing MixinExtras via com.llamalad7.mixinextras.service.MixinExtrasServiceImpl(version=0.4.1).
[13:29:55] [main/DEBUG] [mixin]: Registering new injector for @SugarWrapper with com.llamalad7.mixinextras.sugar.impl.SugarWrapperInjectionInfo
[13:29:55] [main/DEBUG] [mixin]: Registering new injector for @FactoryRedirectWrapper with com.llamalad7.mixinextras.wrapper.factory.FactoryRedirectWrapperInjectionInfo
[13:29:55] [main/DEBUG] [mixin]: Mixing FermiumMixinLoader from mixins.fermiumbooter.init.json into net.minecraftforge.fml.common.Loader
[13:29:55] [main/TRACE] [mixin]: Added class metadata for java/util/List to metadata cache
[13:29:55] [main/TRACE] [mixin]: Added class metadata for java/util/Iterator to metadata cache
[13:29:55] [main/TRACE] [mixin]: Added class metadata for net/minecraftforge/fml/common/ModContainer to metadata cache
[13:29:55] [main/TRACE] [mixin]: Added class metadata for net/minecraftforge/fml/common/ModClassLoader to metadata cache
[13:29:55] [main/TRACE] [mixin]: Added class metadata for java/lang/RuntimeException to metadata cache
[13:29:55] [main/TRACE] [mixin]: Added class metadata for java/lang/Exception to metadata cache
[13:29:55] [main/TRACE] [mixin]: Added class metadata for java/lang/Throwable to metadata cache
[13:29:55] [main/TRACE] [mixin]: Added class metadata for java/io/Serializable to metadata cache
[13:29:55] [main/TRACE] [mixin]: Added class metadata for fermiumbooter/FermiumRegistryAPI to metadata cache
[13:29:55] [main/TRACE] [mixin]: Added class metadata for java/util/HashMap to metadata cache
[13:29:55] [main/TRACE] [mixin]: Added class metadata for java/util/Set to metadata cache
[13:29:55] [main/TRACE] [mixin]: Added class metadata for fermiumbooter/FermiumPlugin to metadata cache
[13:29:55] [main/TRACE] [mixin]: Added class metadata for org/apache/logging/log4j/Level to metadata cache
[13:29:55] [main/TRACE] [mixin]: Added class metadata for org/apache/logging/log4j/Logger to metadata cache
[13:29:55] [main/TRACE] [mixin]: Added class metadata for java/util/function/Supplier to metadata cache
[13:29:55] [main/TRACE] [mixin]: Added class metadata for java/lang/Boolean to metadata cache
[13:29:55] [main/TRACE] [mixin]: Added class metadata for org/spongepowered/asm/mixin/Mixins to metadata cache
[13:29:55] [main/TRACE] [mixin]: Added class metadata for java/lang/Class to metadata cache
[13:29:55] [main/TRACE] [mixin]: Added class metadata for java/lang/reflect/AnnotatedElement to metadata cache
[13:29:55] [main/TRACE] [mixin]: Added class metadata for java/lang/reflect/GenericDeclaration to metadata cache
[13:29:55] [main/TRACE] [mixin]: Added class metadata for java/lang/reflect/Type to metadata cache
[13:29:55] [main/TRACE] [mixin]: Added class metadata for java/lang/reflect/Field to metadata cache
[13:29:55] [main/TRACE] [mixin]: Added class metadata for java/lang/reflect/AccessibleObject to metadata cache
[13:29:55] [main/TRACE] [mixin]: Added class metadata for java/lang/reflect/Method to metadata cache
[13:29:55] [main/TRACE] [mixin]: Added class metadata for java/lang/reflect/Executable to metadata cache
[13:29:55] [main/TRACE] [mixin]: Added class metadata for org/spongepowered/asm/mixin/MixinEnvironment to metadata cache
[13:29:55] [main/TRACE] [mixin]: Added class metadata for org/spongepowered/asm/util/ITokenProvider to metadata cache
[13:29:55] [main/TRACE] [mixin]: Added class metadata for java/lang/UnsupportedOperationException to metadata cache
[13:29:55] [main/TRACE] [mixin]: Added class metadata for java/net/MalformedURLException to metadata cache
[13:29:55] [main/TRACE] [mixin]: Added class metadata for org/spongepowered/asm/mixin/injection/callback/CallbackInfo to metadata cache
[13:29:55] [main/TRACE] [mixin]: Added class metadata for org/spongepowered/asm/mixin/transformer/ext/Extensions to metadata cache
[13:29:55] [main/TRACE] [mixin]: Added class metadata for net/minecraftforge/fml/common/toposort/ModSorter to metadata cache
[13:29:55] [main/TRACE] [mixin]: Added class metadata for com/google/common/collect/ImmutableList to metadata cache
[13:29:55] [main/TRACE] [mixin]: Added class metadata for com/google/common/collect/ImmutableCollection to metadata cache
[13:29:55] [main/TRACE] [mixin]: Added class metadata for java/util/AbstractCollection to metadata cache
[13:29:55] [main/TRACE] [mixin]: Added class metadata for java/io/InputStream to metadata cache
[13:29:55] [main/TRACE] [mixin]: Added class metadata for java/util/Properties to metadata cache
[13:29:55] [main/TRACE] [mixin]: Added class metadata for java/util/Hashtable to metadata cache
[13:29:55] [main/TRACE] [mixin]: Added class metadata for java/util/Dictionary to metadata cache
[13:29:55] [main/TRACE] [mixin]: Added class metadata for java/lang/NoSuchMethodException to metadata cache
[13:29:55] [main/TRACE] [mixin]: Added class metadata for java/lang/ReflectiveOperationException to metadata cache
[13:29:55] [main/DEBUG] [FML]: Minecraft validated, launching...
[13:29:55] [main/INFO] [LaunchWrapper]: Calling tweak class net.minecraftforge.fml.relauncher.CoreModManager$FMLPluginWrapper
[13:29:55] [main/DEBUG] [FML]: Injecting coremod AdversityCore \{com.adversity.asm.AdversityLoadingPlugin\} class transformers
[13:29:55] [main/DEBUG] [FML]: Injection complete
[13:29:55] [main/DEBUG] [FML]: Running coremod plugin for AdversityCore \{com.adversity.asm.AdversityLoadingPlugin\}
[13:29:55] [main/DEBUG] [FML]: Running coremod plugin AdversityCore
[13:29:55] [main/DEBUG] [FML]: Coremod plugin class AdversityLoadingPlugin run successfully
[13:29:55] [main/INFO] [LaunchWrapper]: Calling tweak class net.minecraftforge.gradle.tweakers.AccessTransformerTweaker
[13:29:55] [main/DEBUG] [GradleStart]: Reading CSV file: C:\Users\jason\.gradle\caches\minecraft\de\oceanlabs\mcp\mcp_stable\39\fields.csv
[13:29:55] [main/DEBUG] [GradleStart]: Reading CSV file: C:\Users\jason\.gradle\caches\minecraft\de\oceanlabs\mcp\mcp_stable\39\methods.csv
[13:29:55] [main/INFO] [GradleStart]: Remapping AccessTransformer rules...
[13:29:55] [main/INFO] [LaunchWrapper]: Loading tweak class name net.minecraftforge.fml.common.launcher.TerminalTweaker
[13:29:55] [main/INFO] [LaunchWrapper]: Calling tweak class net.minecraftforge.fml.common.launcher.TerminalTweaker
[13:29:55] [main/DEBUG] [mixin]: Adding new mixin transformer proxy #3
[13:29:55] [main/DEBUG] [mixin]: Ending MixinEnvironment[INIT], applied 1 mixins
[13:29:55] [main/DEBUG] [mixin]: Preparing mixins for MixinEnvironment[DEFAULT]
[13:29:55] [main/DEBUG] [mixin]: Selecting config adversity.early.mixins.json
[13:29:55] [main/WARN] [mixin]: Reference map 'mixins.adversity.refmap.json' for adversity.early.mixins.json could not be read. If this is a development environment you can ignore this message
[13:29:55] [main/DEBUG] [mixin]: Preparing adversity.early.mixins.json (8)
[13:29:55] [main/ERROR] [mixin]: Classloader restrictions [PACKAGE_TRANSFORMER_EXCLUSION] encountered loading adversity.early.mixins.json:MixinContainerEnchantment, name: com.adversity.mixin.MixinContainerEnchantment
[13:29:55] [main/ERROR] [mixin]: Classloader restrictions [PACKAGE_TRANSFORMER_EXCLUSION] encountered loading adversity.early.mixins.json:MixinContainerRepair, name: com.adversity.mixin.MixinContainerRepair
[13:29:55] [main/ERROR] [mixin]: Classloader restrictions [PACKAGE_TRANSFORMER_EXCLUSION] encountered loading adversity.early.mixins.json:MixinSlot, name: com.adversity.mixin.MixinSlot
[13:29:55] [main/ERROR] [mixin]: Classloader restrictions [PACKAGE_TRANSFORMER_EXCLUSION] encountered loading adversity.early.mixins.json:MixinCraftingManager, name: com.adversity.mixin.MixinCraftingManager
[13:29:55] [main/DEBUG] [org.spongepowered.asm.service.mojang.MixinServiceLaunchWrapper]: Rebuilding transformer delegation list:
[13:29:55] [main/DEBUG] [org.spongepowered.asm.service.mojang.MixinServiceLaunchWrapper]: Found name transformer: net.minecraftforge.fml.common.asm.transformers.DeobfuscationTransformer
[13:29:55] [main/DEBUG] [org.spongepowered.asm.service.mojang.MixinServiceLaunchWrapper]:   Adding:    net.minecraftforge.fml.common.asm.transformers.PatchingTransformer
[13:29:55] [main/DEBUG] [org.spongepowered.asm.service.mojang.MixinServiceLaunchWrapper]:   Excluding: org.spongepowered.asm.mixin.transformer.Proxy
[13:29:55] [main/DEBUG] [org.spongepowered.asm.service.mojang.MixinServiceLaunchWrapper]:   Adding:    $wrapper.net.minecraftforge.fml.common.asm.transformers.SideTransformer
[13:29:55] [main/DEBUG] [org.spongepowered.asm.service.mojang.MixinServiceLaunchWrapper]:   Excluding: $wrapper.net.minecraftforge.fml.common.asm.transformers.EventSubscriptionTransformer
[13:29:55] [main/DEBUG] [org.spongepowered.asm.service.mojang.MixinServiceLaunchWrapper]:   Adding:    $wrapper.net.minecraftforge.fml.common.asm.transformers.EventSubscriberTransformer
[13:29:55] [main/DEBUG] [org.spongepowered.asm.service.mojang.MixinServiceLaunchWrapper]:   Adding:    $wrapper.net.minecraftforge.fml.common.asm.transformers.SoundEngineFixTransformer
[13:29:55] [main/DEBUG] [org.spongepowered.asm.service.mojang.MixinServiceLaunchWrapper]:   Adding:    net.minecraftforge.fml.common.asm.transformers.DeobfuscationTransformer
[13:29:55] [main/DEBUG] [org.spongepowered.asm.service.mojang.MixinServiceLaunchWrapper]:   Adding:    net.minecraftforge.fml.common.asm.transformers.AccessTransformer
[13:29:55] [main/DEBUG] [org.spongepowered.asm.service.mojang.MixinServiceLaunchWrapper]:   Adding:    net.minecraftforge.fml.common.asm.transformers.ModAccessTransformer
[13:29:55] [main/DEBUG] [org.spongepowered.asm.service.mojang.MixinServiceLaunchWrapper]:   Adding:    net.minecraftforge.fml.common.asm.transformers.ItemStackTransformer
[13:29:55] [main/DEBUG] [org.spongepowered.asm.service.mojang.MixinServiceLaunchWrapper]:   Adding:    net.minecraftforge.fml.common.asm.transformers.ItemBlockTransformer
[13:29:55] [main/DEBUG] [org.spongepowered.asm.service.mojang.MixinServiceLaunchWrapper]:   Adding:    net.minecraftforge.fml.common.asm.transformers.ItemBlockSpecialTransformer
[13:29:55] [main/DEBUG] [org.spongepowered.asm.service.mojang.MixinServiceLaunchWrapper]:   Adding:    net.minecraftforge.fml.common.asm.transformers.PotionEffectTransformer
[13:29:55] [main/DEBUG] [org.spongepowered.asm.service.mojang.MixinServiceLaunchWrapper]:   Excluding: org.spongepowered.asm.mixin.transformer.Proxy
[13:29:55] [main/DEBUG] [org.spongepowered.asm.service.mojang.MixinServiceLaunchWrapper]:   Adding:    net.minecraftforge.gradle.GradleForgeHacks$AccessTransformerTransformer
[13:29:55] [main/DEBUG] [org.spongepowered.asm.service.mojang.MixinServiceLaunchWrapper]:   Excluding: net.minecraftforge.fml.common.asm.transformers.TerminalTransformer
[13:29:55] [main/DEBUG] [org.spongepowered.asm.service.mojang.MixinServiceLaunchWrapper]:   Excluding: org.spongepowered.asm.mixin.transformer.Proxy
[13:29:55] [main/DEBUG] [org.spongepowered.asm.service.mojang.MixinServiceLaunchWrapper]: Transformer delegation list created with 12 entries
[13:29:55] [main/TRACE] [mixin]: Added class metadata for net/minecraft/inventory/ContainerEnchantment to metadata cache
[13:29:55] [main/TRACE] [mixin]: Added class metadata for net/minecraft/inventory/ContainerRepair to metadata cache
[13:29:55] [main/TRACE] [mixin]: Added class metadata for net/minecraft/inventory/Slot to metadata cache
[13:29:55] [main/TRACE] [mixin]: Added class metadata for net/minecraft/item/crafting/CraftingManager to metadata cache
[13:29:55] [main/ERROR] [mixin]: Classloader restrictions [PACKAGE_TRANSFORMER_EXCLUSION] encountered loading adversity.early.mixins.json:MixinGuiCrafting, name: com.adversity.mixin.MixinGuiCrafting
[13:29:55] [main/ERROR] [mixin]: Classloader restrictions [PACKAGE_TRANSFORMER_EXCLUSION] encountered loading adversity.early.mixins.json:MixinGuiInventory, name: com.adversity.mixin.MixinGuiInventory
[13:29:55] [main/ERROR] [mixin]: Classloader restrictions [PACKAGE_TRANSFORMER_EXCLUSION] encountered loading adversity.early.mixins.json:MixinGuiEnchantment, name: com.adversity.mixin.MixinGuiEnchantment
[13:29:55] [main/ERROR] [mixin]: Classloader restrictions [PACKAGE_TRANSFORMER_EXCLUSION] encountered loading adversity.early.mixins.json:MixinGuiRepair, name: com.adversity.mixin.MixinGuiRepair
[13:29:55] [main/TRACE] [mixin]: Added class metadata for net/minecraft/client/gui/inventory/GuiCrafting to metadata cache
[13:29:55] [main/TRACE] [mixin]: Added class metadata for net/minecraft/client/gui/inventory/GuiInventory to metadata cache
[13:29:55] [main/TRACE] [mixin]: Added class metadata for net/minecraft/client/gui/GuiEnchantment to metadata cache
[13:29:55] [main/TRACE] [mixin]: Added class metadata for net/minecraft/client/gui/GuiRepair to metadata cache
[13:29:55] [main/TRACE] [mixin]: Added class metadata for com/adversity/config/AdversityConfig$SanctuarySettings to metadata cache
[13:29:55] [main/TRACE] [mixin]: Added class metadata for com/adversity/client/gui/SealedSlotOverlayRenderer$ClientCurseCache to metadata cache
[13:29:55] [main/TRACE] [mixin]: Added class metadata for com/adversity/capability/IAdversityCapability$IProgression to metadata cache
[13:29:55] [main/INFO] [LaunchWrapper]: Launching wrapped minecraft {net.minecraft.client.main.Main}
[13:29:55] [main/DEBUG] [mixin]: Mixing MixinGuiInventory from adversity.early.mixins.json into net.minecraft.client.gui.inventory.GuiInventory
[13:29:55] [main/TRACE] [mixin]: Added class metadata for net/minecraft/client/renderer/InventoryEffectRenderer to metadata cache
[13:29:55] [main/TRACE] [mixin]: Added class metadata for net/minecraft/client/gui/inventory/GuiContainer to metadata cache
[13:29:55] [main/TRACE] [mixin]: Added class metadata for net/minecraft/client/gui/GuiScreen to metadata cache
[13:29:55] [main/TRACE] [mixin]: Added class metadata for net/minecraft/client/gui/Gui to metadata cache
[13:29:55] [main/TRACE] [mixin]: Added class metadata for com/adversity/client/gui/GatingHudRenderer to metadata cache
[13:29:55] [main/TRACE] [mixin]: Added class metadata for net/minecraft/client/Minecraft to metadata cache
[13:29:55] [main/TRACE] [mixin]: Added class metadata for java/util/ArrayList to metadata cache
[13:29:55] [main/TRACE] [mixin]: Added class metadata for java/util/AbstractList to metadata cache
[13:29:55] [main/TRACE] [mixin]: Added class metadata for java/util/Collection to metadata cache
[13:29:55] [main/TRACE] [mixin]: Added class metadata for java/lang/Iterable to metadata cache
[13:29:55] [main/TRACE] [mixin]: Added class metadata for java/lang/Cloneable to metadata cache
[13:29:55] [main/TRACE] [mixin]: Added class metadata for java/util/RandomAccess to metadata cache
[13:29:55] [main/TRACE] [mixin]: Added class metadata for net/minecraft/inventory/Container to metadata cache
[13:29:55] [main/TRACE] [mixin]: Added class metadata for net/minecraft/client/resources/I18n to metadata cache
[13:29:55] [main/TRACE] [mixin]: Added class metadata for net/minecraft/client/gui/GuiYesNoCallback to metadata cache
[13:29:55] [main/TRACE] [mixin]: Added class metadata for net/minecraft/client/gui/recipebook/IRecipeShownListener to metadata cache
[13:29:56] [Client thread/INFO] [net.minecraft.client.Minecraft]: Setting user: Player312
[13:29:56] [Client thread/DEBUG] [mixin]: Mixing MixinCraftingManager from adversity.early.mixins.json into net.minecraft.item.crafting.CraftingManager
[13:29:56] [Client thread/TRACE] [mixin]: Added class metadata for org/spongepowered/asm/mixin/injection/callback/CallbackInfoReturnable to metadata cache
[13:29:56] [Client thread/TRACE] [mixin]: Added class metadata for net/minecraft/item/crafting/IRecipe to metadata cache
[13:29:56] [Client thread/TRACE] [mixin]: Added class metadata for net/minecraft/item/ItemStack to metadata cache
[13:29:56] [Client thread/TRACE] [mixin]: Added class metadata for com/adversity/sanctuary/StageGatingRegistry to metadata cache
[13:29:56] [Client thread/TRACE] [mixin]: Added class metadata for com/adversity/capability/CapabilityHandler to metadata cache
[13:29:56] [Client thread/TRACE] [mixin]: Added class metadata for net/minecraft/entity/player/EntityPlayer to metadata cache
[13:29:56] [Client thread/TRACE] [mixin]: Added class metadata for net/minecraft/inventory/InventoryCrafting to metadata cache
[13:29:56] [Client thread/TRACE] [mixin]: Added class metadata for net/minecraft/world/World to metadata cache
[13:29:56] [Client thread/TRACE] [mixin]: Added class metadata for net/minecraft/inventory/IContainerListener to metadata cache
[13:29:56] [Client thread/TRACE] [mixin]: Added class metadata for java/lang/NoSuchFieldException to metadata cache
[13:29:56] [Client thread/TRACE] [mixin]: Added class metadata for java/io/IOException to metadata cache
[13:29:56] [Client thread/TRACE] [mixin]: Added class metadata for java/net/URISyntaxException to metadata cache
[13:29:56] [Client thread/DEBUG] [FML]: Creating vanilla freeze snapshot
[13:29:56] [Client thread/DEBUG] [FML]: Vanilla freeze snapshot created
[13:29:57] [Client thread/WARN] [net.minecraft.client.settings.GameSettings]: Skipping bad option: lastServer:
[13:29:57] [Client thread/INFO] [net.minecraft.client.Minecraft]: LWJGL Version: 2.9.4
[13:29:57] [Client thread/DEBUG] [FML]: Bar Finished: Loading Resource - LanguageManager took 0.000s
[13:29:57] [Client thread/INFO] [FML]: -- System Details --
Details:
	Minecraft Version: 1.12.2
	Operating System: Windows 11 (amd64) version 10.0
	Java Version: 1.8.0_472, Temurin
	Java VM Version: OpenJDK 64-Bit Server VM (mixed mode), Temurin
	Memory: 1226027120 bytes (1169 MB) / 1379401728 bytes (1315 MB) up to 15176040448 bytes (14473 MB)
	JVM Flags: 0 total; 
	IntCache: cache: 0, tcache: 0, allocated: 0, tallocated: 0
	FML: 
	Loaded coremods (and transformers): 
AdversityCore (Adversity-1.0.0.jar)
  
FermiumBooter (`FermiumBooter-1.2.0.jar)
  
	GL info: ' Vendor: 'NVIDIA Corporation' Version: '4.6.0 NVIDIA 591.44' Renderer: 'NVIDIA GeForce RTX 5070/PCIe/SSE2'
[13:29:57] [Client thread/INFO] [FML]: MinecraftForge v14.23.5.2847 Initialized
[13:29:57] [Client thread/INFO] [FML]: Starts to replace vanilla recipe ingredients with ore ingredients.
[13:29:57] [Client thread/INFO] [FML]: Invalid recipe found with multiple oredict ingredients in the same ingredient...
[13:29:57] [Client thread/INFO] [FML]: Replaced 1227 ore ingredients
[13:29:57] [Client thread/DEBUG] [FML]: File C:\mywork\adversity\run\config\injectedDependencies.json not found. No dependencies injected
[13:29:57] [Client thread/DEBUG] [FML]: Building injected Mod Containers [net.minecraftforge.fml.common.FMLContainer, net.minecraftforge.common.ForgeModContainer]
[13:29:57] [Client thread/DEBUG] [FML]: Attempting to load mods contained in the minecraft jar file and associated classes
[13:29:57] [Client thread/DEBUG] [FML]: Found a minecraft related file at C:\mywork\adversity\libs\CraftTweaker2-1.12-4.1.20.703.jar, examining for mod candidates
[13:29:57] [Client thread/TRACE] [FML]: Skipping known library file C:\mywork\adversity\libs\`FermiumBooter-1.2.0.jar
[13:29:57] [Client thread/DEBUG] [FML]: Found a minecraft related file at C:\Users\jason\.gradle\caches\minecraft\deobfedDeps\compileDummy.jar, examining for mod candidates
[13:29:57] [Client thread/DEBUG] [FML]: Found a minecraft related file at C:\Users\jason\.gradle\caches\minecraft\deobfedDeps\providedDummy.jar, examining for mod candidates
[13:29:57] [Client thread/DEBUG] [FML]: Found a minecraft related file at C:\Users\jason\.gradle\caches\minecraft\net\minecraftforge\forge\1.12.2-14.23.5.2847\stable\39\forgeSrc-1.12.2-14.23.5.2847.jar, examining for mod candidates
[13:29:57] [Client thread/TRACE] [FML]: Skipping known library file C:\Users\jason\.gradle\caches\modules-2\files-2.1\com.mojang\authlib\1.5.25\9834cdf236c22e84b946bba989e2f94ef5897c3c\authlib-1.5.25.jar
[13:29:57] [Client thread/DEBUG] [FML]: Found a minecraft related file at C:\Users\jason\.gradle\caches\modules-2\files-2.1\com.google.code.findbugs\jsr305\3.0.1\f7be08ec23c21485b9b5a1cf1654c2ec8c58168d\jsr305-3.0.1.jar, examining for mod candidates
[13:29:57] [Client thread/DEBUG] [FML]: Found a minecraft related file at C:\Users\jason\.gradle\caches\modules-2\files-2.1\com.mojang\patchy\1.3.9\eb8bb7b66fa0e2152b1b40b3856e82f7619439ee\patchy-1.3.9.jar, examining for mod candidates
[13:29:57] [Client thread/TRACE] [FML]: Skipping known library file C:\Users\jason\.gradle\caches\modules-2\files-2.1\oshi-project\oshi-core\1.1\9ddf7b048a8d701be231c0f4f95fd986198fd2d8\oshi-core-1.1.jar
[13:29:57] [Client thread/DEBUG] [FML]: Found a minecraft related file at C:\Users\jason\.gradle\caches\modules-2\files-2.1\com.mojang\text2speech\1.10.3\48fd510879dff266c3815947de66e3d4809f8668\text2speech-1.10.3.jar, examining for mod candidates
[13:29:57] [Client thread/DEBUG] [FML]: Found a minecraft related file at C:\Users\jason\.gradle\caches\modules-2\files-2.1\ca.weblite\java-objc-bridge\1.0.0\6ef160c3133a78de015830860197602ca1c855d3\java-objc-bridge-1.0.0.jar, examining for mod candidates
[13:29:57] [Client thread/TRACE] [FML]: Skipping known library file C:\Users\jason\.gradle\caches\modules-2\files-2.1\net.java.dev.jna\jna\4.4.0\cb208278274bf12ebdb56c61bd7407e6f774d65a\jna-4.4.0.jar
[13:29:57] [Client thread/TRACE] [FML]: Skipping known library file C:\Users\jason\.gradle\caches\modules-2\files-2.1\net.java.dev.jna\platform\3.4.0\e3f70017be8100d3d6923f50b3d2ee17714e9c13\platform-3.4.0.jar
[13:29:57] [Client thread/TRACE] [FML]: Skipping known library file C:\Users\jason\.gradle\caches\modules-2\files-2.1\com.ibm.icu\icu4j-core-mojang\51.2\63d216a9311cca6be337c1e458e587f99d382b84\icu4j-core-mojang-51.2.jar
[13:29:57] [Client thread/TRACE] [FML]: Skipping known library file C:\Users\jason\.gradle\caches\modules-2\files-2.1\net.minecraft\launchwrapper\1.12\111e7bea9c968cdb3d06ef4632bf7ff0824d0f36\launchwrapper-1.12.jar
[13:29:57] [Client thread/TRACE] [FML]: Skipping known library file C:\Users\jason\.gradle\caches\modules-2\files-2.1\net.sf.jopt-simple\jopt-simple\5.0.3\cdd846cfc4e0f7eefafc02c0f5dce32b9303aa2a\jopt-simple-5.0.3.jar
[13:29:57] [Client thread/TRACE] [FML]: Skipping known library file C:\Users\jason\.gradle\caches\modules-2\files-2.1\io.netty\netty-all\4.1.9.Final\97860965d6a0a6b98e7f569f3f966727b8db75\netty-all-4.1.9.Final.jar
[13:29:57] [Client thread/TRACE] [FML]: Skipping known library file C:\Users\jason\.gradle\caches\modules-2\files-2.1\com.google.guava\guava\21.0\3a3d111be1be1b745edfa7d91678a12d7ed38709\guava-21.0.jar
[13:29:57] [Client thread/DEBUG] [FML]: Found a minecraft related file at C:\Users\jason\.gradle\caches\modules-2\files-2.1\org.apache.maven\maven-artifact\3.5.3\7dc72b6d6d8a6dced3d294ed54c2cc3515ade9f4\maven-artifact-3.5.3.jar, examining for mod candidates
[13:29:57] [Client thread/TRACE] [FML]: Skipping known library file C:\Users\jason\.gradle\caches\modules-2\files-2.1\org.apache.commons\commons-lang3\3.5\6c6c702c89bfff3cd9e80b04d668c5e190d588c6\commons-lang3-3.5.jar
[13:29:57] [Client thread/TRACE] [FML]: Skipping known library file C:\Users\jason\.gradle\caches\modules-2\files-2.1\commons-io\commons-io\2.5\2852e6e05fbb95076fc091f6d1780f1f8fe35e0f\commons-io-2.5.jar
[13:29:57] [Client thread/TRACE] [FML]: Skipping known library file C:\Users\jason\.gradle\caches\modules-2\files-2.1\com.mojang\realms\1.10.22\bd0dccebdf3744c75f1ca20063f16e8f7d5e663f\realms-1.10.22.jar
[13:29:57] [Client thread/TRACE] [FML]: Skipping known library file C:\Users\jason\.gradle\caches\modules-2\files-2.1\org.apache.httpcomponents\httpclient\4.3.3\18f4247ff4572a074444572cee34647c43e7c9c7\httpclient-4.3.3.jar
[13:29:57] [Client thread/TRACE] [FML]: Skipping known library file C:\Users\jason\.gradle\caches\modules-2\files-2.1\commons-codec\commons-codec\1.10\4b95f4897fa13f2cd904aee711aeafc0c5295cd8\commons-codec-1.10.jar
[13:29:57] [Client thread/TRACE] [FML]: Skipping known library file C:\Users\jason\.gradle\caches\modules-2\files-2.1\com.paulscode\librarylwjglopenal\20100824\73e80d0794c39665aec3f62eee88ca91676674ef\librarylwjglopenal-20100824.jar
[13:29:57] [Client thread/TRACE] [FML]: Skipping known library file C:\Users\jason\.gradle\caches\modules-2\files-2.1\org.lwjgl.lwjgl\lwjgl_util\2.9.4-nightly-20150209\d51a7c040a721d13efdfbd34f8b257b2df882ad0\lwjgl_util-2.9.4-nightly-20150209.jar
[13:29:57] [Client thread/TRACE] [FML]: Skipping known library file C:\Users\jason\.gradle\caches\modules-2\files-2.1\org.lwjgl.lwjgl\lwjgl\2.9.4-nightly-20150209\697517568c68e78ae0b4544145af031c81082dfe\lwjgl-2.9.4-nightly-20150209.jar
[13:29:57] [Client thread/TRACE] [FML]: Skipping known library file C:\Users\jason\.gradle\caches\modules-2\files-2.1\net.java.jinput\jinput\2.0.5\39c7796b469a600f72380316f6b1f11db6c2c7c4\jinput-2.0.5.jar
[13:29:57] [Client thread/TRACE] [FML]: Skipping known library file C:\Users\jason\.gradle\caches\modules-2\files-2.1\net.java.jutils\jutils\1.0.0\e12fe1fda814bd348c1579329c86943d2cd3c6a6\jutils-1.0.0.jar
[13:29:57] [Client thread/TRACE] [FML]: Skipping known library file C:\Users\jason\.gradle\caches\modules-2\files-2.1\com.google.code.gson\gson\2.8.0\c4ba5371a29ac9b2ad6129b1d39ea38750043eff\gson-2.8.0.jar
[13:29:57] [Client thread/TRACE] [FML]: Skipping known library file C:\Users\jason\.gradle\caches\modules-2\files-2.1\org.apache.commons\commons-compress\1.8.1\a698750c16740fd5b3871425f4cb3bbaa87f529d\commons-compress-1.8.1.jar
[13:29:57] [Client thread/TRACE] [FML]: Skipping known library file C:\Users\jason\.gradle\caches\modules-2\files-2.1\commons-logging\commons-logging\1.1.3\f6f66e966c70a83ffbdb6f17a0919eaf7c8aca7f\commons-logging-1.1.3.jar
[13:29:57] [Client thread/TRACE] [FML]: Skipping known library file C:\Users\jason\.gradle\caches\modules-2\files-2.1\org.apache.httpcomponents\httpcore\4.3.2\31fbbff1ddbf98f3aa7377c94d33b0447c646b6e\httpcore-4.3.2.jar
[13:29:57] [Client thread/TRACE] [FML]: Skipping known library file C:\Users\jason\.gradle\caches\modules-2\files-2.1\it.unimi.dsi\fastutil\7.1.0\9835253257524c1be7ab50c057aa2d418fb72082\fastutil-7.1.0.jar
[13:29:57] [Client thread/TRACE] [FML]: Skipping known library file C:\Users\jason\.gradle\caches\modules-2\files-2.1\org.apache.logging.log4j\log4j-core\2.8.1\4ac28ff2f1ddf05dae3043a190451e8c46b73c31\log4j-core-2.8.1.jar
[13:29:57] [Client thread/TRACE] [FML]: Skipping known library file C:\Users\jason\.gradle\caches\modules-2\files-2.1\org.apache.logging.log4j\log4j-api\2.8.1\e801d13612e22cad62a3f4f3fe7fdbe6334a8e72\log4j-api-2.8.1.jar
[13:29:57] [Client thread/TRACE] [FML]: Skipping known library file C:\Users\jason\.gradle\caches\modules-2\files-2.1\org.jline\jline\3.5.1\51800e9d7a13608894a5a28eed0f5c7fa2f300fb\jline-3.5.1.jar
[13:29:57] [Client thread/DEBUG] [FML]: Found a minecraft related file at C:\Users\jason\.gradle\caches\modules-2\files-2.1\org.ow2.asm\asm-debug-all\5.2\3354e11e2b34215f06dab629ab88e06aca477c19\asm-debug-all-5.2.jar, examining for mod candidates
[13:29:57] [Client thread/TRACE] [FML]: Skipping known library file C:\Users\jason\.gradle\caches\modules-2\files-2.1\com.typesafe.akka\akka-actor_2.11\2.3.3\ed62e9fc709ca0f2ff1a3220daa8b70a2870078e\akka-actor_2.11-2.3.3.jar
[13:29:57] [Client thread/TRACE] [FML]: Skipping known library file C:\Users\jason\.gradle\caches\modules-2\files-2.1\com.typesafe\config\1.2.1\f771f71fdae3df231bcd54d5ca2d57f0bf93f467\config-1.2.1.jar
[13:29:57] [Client thread/TRACE] [FML]: Skipping known library file C:\Users\jason\.gradle\caches\modules-2\files-2.1\org.scala-lang\scala-actors-migration_2.11\1.1.0\dfa8bc42b181d5b9f1a5dd147f8ae308b893eb6f\scala-actors-migration_2.11-1.1.0.jar
[13:29:57] [Client thread/TRACE] [FML]: Skipping known library file C:\Users\jason\.gradle\caches\modules-2\files-2.1\org.scala-lang.plugins\scala-continuations-plugin_2.11.1\1.0.2\f361a3283452c57fa30c1ee69448995de23c60f7\scala-continuations-plugin_2.11.1-1.0.2.jar
[13:29:57] [Client thread/TRACE] [FML]: Skipping known library file C:\Users\jason\.gradle\caches\modules-2\files-2.1\org.scala-lang\scala-compiler\2.11.1\56ea2e6c025e0821f28d73ca271218b8dd04926a\scala-compiler-2.11.1.jar
[13:29:57] [Client thread/TRACE] [FML]: Skipping known library file C:\Users\jason\.gradle\caches\modules-2\files-2.1\org.scala-lang.plugins\scala-continuations-library_2.11\1.0.2\e517c53a7e9acd6b1668c5a35eccbaa3bab9aac\scala-continuations-library_2.11-1.0.2.jar
[13:29:57] [Client thread/TRACE] [FML]: Skipping known library file C:\Users\jason\.gradle\caches\modules-2\files-2.1\org.scala-lang.modules\scala-parser-combinators_2.11\1.0.1\f05d7345bf5a58924f2837c6c1f4d73a938e1ff0\scala-parser-combinators_2.11-1.0.1.jar
[13:29:57] [Client thread/TRACE] [FML]: Skipping known library file C:\Users\jason\.gradle\caches\modules-2\files-2.1\org.scala-lang\scala-reflect\2.11.1\6580347e61cc7f8e802941e7fde40fa83b8badeb\scala-reflect-2.11.1.jar
[13:29:57] [Client thread/TRACE] [FML]: Skipping known library file C:\Users\jason\.gradle\caches\modules-2\files-2.1\org.scala-lang.modules\scala-swing_2.11\1.0.1\b1cdd92bd47b1e1837139c1c53020e86bb9112ae\scala-swing_2.11-1.0.1.jar
[13:29:57] [Client thread/TRACE] [FML]: Skipping known library file C:\Users\jason\.gradle\caches\modules-2\files-2.1\org.scala-lang.modules\scala-xml_2.11\1.0.2\820fbca7e524b530fdadc594c39d49a21ea0337e\scala-xml_2.11-1.0.2.jar
[13:29:57] [Client thread/TRACE] [FML]: Skipping known library file C:\Users\jason\.gradle\caches\modules-2\files-2.1\org.scala-lang\scala-actors\2.11.0\8ccfb6541de179bb1c4d45cf414acee069b7f78b\scala-actors-2.11.0.jar
[13:29:57] [Client thread/TRACE] [FML]: Skipping known library file C:\Users\jason\.gradle\caches\modules-2\files-2.1\org.scala-lang\scala-library\2.11.1\e11da23da3eabab9f4777b9220e60d44c1aab6a\scala-library-2.11.1.jar
[13:29:57] [Client thread/TRACE] [FML]: Skipping known library file C:\Users\jason\.gradle\caches\modules-2\files-2.1\lzma\lzma\0.0.1\521616dc7487b42bef0e803bd2fa3faf668101d7\lzma-0.0.1.jar
[13:29:57] [Client thread/TRACE] [FML]: Skipping known library file C:\Users\jason\.gradle\caches\modules-2\files-2.1\net.sf.trove4j\trove4j\3.0.3\42ccaf4761f0dfdfa805c9e340d99a755907e2dd\trove4j-3.0.3.jar
[13:29:57] [Client thread/TRACE] [FML]: Skipping known library file C:\Users\jason\.gradle\caches\modules-2\files-2.1\com.paulscode\codecjorbis\20101023\c73b5636faf089d9f00e8732a829577de25237ee\codecjorbis-20101023.jar
[13:29:57] [Client thread/TRACE] [FML]: Skipping known library file C:\Users\jason\.gradle\caches\modules-2\files-2.1\com.paulscode\codecwav\20101023\12f031cfe88fef5c1dd36c563c0a3a69bd7261da\codecwav-20101023.jar
[13:29:57] [Client thread/TRACE] [FML]: Skipping known library file C:\Users\jason\.gradle\caches\modules-2\files-2.1\com.paulscode\libraryjavasound\20101123\5c5e304366f75f9eaa2e8cca546a1fb6109348b3\libraryjavasound-20101123.jar
[13:29:57] [Client thread/TRACE] [FML]: Skipping known library file C:\Users\jason\.gradle\caches\modules-2\files-2.1\com.paulscode\soundsystem\20120107\419c05fe9be71f792b2d76cfc9b67f1ed0fec7f6\soundsystem-20120107.jar
[13:29:57] [Client thread/TRACE] [FML]: Skipping known library file C:\Users\jason\.gradle\caches\modules-2\files-2.1\java3d\vecmath\1.5.2\79846ba34cbd89e2422d74d53752f993dcc2ccaf\vecmath-1.5.2.jar
[13:29:57] [Client thread/DEBUG] [FML]: Found a minecraft related file at C:\Users\jason\.gradle\caches\modules-2\files-2.1\org.codehaus.plexus\plexus-utils\3.1.0\60eecb6f15abdb1c653ad80abaac6fe188b3feaa\plexus-utils-3.1.0.jar, examining for mod candidates
[13:29:57] [Client thread/TRACE] [FML]: Skipping known library file C:\Users\jason\.gradle\caches\modules-2\files-2.1\net.java.jinput\jinput-platform\2.0.5\7ff832a6eb9ab6a767f1ade2b548092d0fa64795\jinput-platform-2.0.5-natives-linux.jar
[13:29:57] [Client thread/TRACE] [FML]: Skipping known library file C:\Users\jason\.gradle\caches\modules-2\files-2.1\net.java.jinput\jinput-platform\2.0.5\385ee093e01f587f30ee1c8a2ee7d408fd732e16\jinput-platform-2.0.5-natives-windows.jar
[13:29:57] [Client thread/TRACE] [FML]: Skipping known library file C:\Users\jason\.gradle\caches\modules-2\files-2.1\net.java.jinput\jinput-platform\2.0.5\53f9c919f34d2ca9de8c51fc4e1e8282029a9232\jinput-platform-2.0.5-natives-osx.jar
[13:29:57] [Client thread/TRACE] [FML]: Skipping known library file C:\Users\jason\.gradle\caches\modules-2\files-2.1\org.lwjgl.lwjgl\lwjgl-platform\2.9.4-nightly-20150209\b84d5102b9dbfabfeb5e43c7e2828d98a7fc80e0\lwjgl-platform-2.9.4-nightly-20150209-natives-windows.jar
[13:29:57] [Client thread/TRACE] [FML]: Skipping known library file C:\Users\jason\.gradle\caches\modules-2\files-2.1\org.lwjgl.lwjgl\lwjgl-platform\2.9.4-nightly-20150209\931074f46c795d2f7b30ed6395df5715cfd7675b\lwjgl-platform-2.9.4-nightly-20150209-natives-linux.jar
[13:29:57] [Client thread/TRACE] [FML]: Skipping known library file C:\Users\jason\.gradle\caches\modules-2\files-2.1\org.lwjgl.lwjgl\lwjgl-platform\2.9.4-nightly-20150209\bcab850f8f487c3f4c4dbabde778bb82bd1a40ed\lwjgl-platform-2.9.4-nightly-20150209-natives-osx.jar
[13:29:57] [Client thread/DEBUG] [FML]: Found a minecraft related directory at C:\Users\jason\.gradle\caches\minecraft\net\minecraftforge\forge\1.12.2-14.23.5.2847\start, examining for mod candidates
[13:29:57] [Client thread/DEBUG] [FML]: Found a minecraft related file at C:\mywork\adversity\build\libs\Adversity-1.0.0.jar, examining for mod candidates
[13:29:57] [Client thread/DEBUG] [FML]: Minecraft jar mods loaded successfully
[13:29:57] [Client thread/INFO] [FML]: Searching C:\mywork\adversity\run\.\mods for mods
[13:29:57] [Client thread/DEBUG] [FML]:   Adding Baubles-1.12-1.5.2.jar to the mod list
[13:29:57] [Client thread/DEBUG] [FML]:   Adding jei_1.12.2-4.16.1.1013.jar to the mod list
[13:29:57] [Client thread/DEBUG] [FML]:   Adding worldedit-forge-mc1.12.2-6.1.10-SNAPSHOT-dist.jar to the mod list
[13:29:57] [Client thread/DEBUG] [FML]: Found a candidate zip or jar file Baubles-1.12-1.5.2.jar
[13:29:57] [Client thread/DEBUG] [FML]: Found a candidate zip or jar file jei_1.12.2-4.16.1.1013.jar
[13:29:57] [Client thread/DEBUG] [FML]: Found a candidate zip or jar file worldedit-forge-mc1.12.2-6.1.10-SNAPSHOT-dist.jar
[13:29:57] [Client thread/DEBUG] [FML]: Examining file CraftTweaker2-1.12-4.1.20.703.jar for potential mods
[13:29:57] [Client thread/TRACE] [FML]: Located mcmod.info file in file CraftTweaker2-1.12-4.1.20.703.jar
[13:29:58] [Client thread/DEBUG] [FML]: Identified a mod of type Lnet/minecraftforge/fml/common/Mod; (com.blamejared.ctgui.MTRecipe) - loading
[13:29:58] [Client thread/TRACE] [FML]: Parsed dependency info for ctgui: Requirements: [crafttweaker] After:[crafttweaker] Before:[]
[13:29:58] [Client thread/DEBUG] [FML]: Identified a mod of type Lnet/minecraftforge/fml/common/Mod; (crafttweaker.mc1120.CraftTweaker) - loading
[13:29:58] [Client thread/TRACE] [FML]: Parsed dependency info for crafttweaker: Requirements: [] After:[] Before:[jei]
[13:29:58] [Client thread/DEBUG] [FML]: Identified a mod of type Lnet/minecraftforge/fml/common/Mod; (crafttweaker.mods.jei.JEIMod) - loading
[13:29:58] [Client thread/TRACE] [FML]: Parsed dependency info for crafttweakerjei: Requirements: [] After:[jei@[4.12.0,)] Before:[]
[13:29:58] [Client thread/DEBUG] [FML]: Examining file compileDummy.jar for potential mods
[13:29:58] [Client thread/DEBUG] [FML]: The mod container compileDummy.jar appears to be missing an mcmod.info file
[13:29:58] [Client thread/DEBUG] [FML]: Examining file providedDummy.jar for potential mods
[13:29:58] [Client thread/DEBUG] [FML]: The mod container providedDummy.jar appears to be missing an mcmod.info file
[13:29:58] [Client thread/DEBUG] [FML]: Examining file forgeSrc-1.12.2-14.23.5.2847.jar for potential mods
[13:29:58] [Client thread/DEBUG] [FML]: The mod container forgeSrc-1.12.2-14.23.5.2847.jar appears to be missing an mcmod.info file
[13:29:58] [Client thread/DEBUG] [FML]: Examining file jsr305-3.0.1.jar for potential mods
[13:29:58] [Client thread/DEBUG] [FML]: The mod container jsr305-3.0.1.jar appears to be missing an mcmod.info file
[13:29:58] [Client thread/DEBUG] [FML]: Examining file patchy-1.3.9.jar for potential mods
[13:29:58] [Client thread/DEBUG] [FML]: The mod container patchy-1.3.9.jar appears to be missing an mcmod.info file
[13:29:58] [Client thread/DEBUG] [FML]: Examining file text2speech-1.10.3.jar for potential mods
[13:29:58] [Client thread/DEBUG] [FML]: The mod container text2speech-1.10.3.jar appears to be missing an mcmod.info file
[13:29:58] [Client thread/DEBUG] [FML]: Examining file java-objc-bridge-1.0.0.jar for potential mods
[13:29:58] [Client thread/DEBUG] [FML]: The mod container java-objc-bridge-1.0.0.jar appears to be missing an mcmod.info file
[13:29:58] [Client thread/DEBUG] [FML]: Examining file maven-artifact-3.5.3.jar for potential mods
[13:29:58] [Client thread/DEBUG] [FML]: The mod container maven-artifact-3.5.3.jar appears to be missing an mcmod.info file
[13:29:58] [Client thread/DEBUG] [FML]: Examining file asm-debug-all-5.2.jar for potential mods
[13:29:58] [Client thread/DEBUG] [FML]: The mod container asm-debug-all-5.2.jar appears to be missing an mcmod.info file
[13:29:58] [Client thread/DEBUG] [FML]: Examining file plexus-utils-3.1.0.jar for potential mods
[13:29:58] [Client thread/DEBUG] [FML]: The mod container plexus-utils-3.1.0.jar appears to be missing an mcmod.info file
[13:29:58] [Client thread/DEBUG] [FML]: Examining directory start for potential mods
[13:29:58] [Client thread/DEBUG] [FML]: No mcmod.info file found in directory start
[13:29:58] [Client thread/TRACE] [FML]: Recursing into package net
[13:29:58] [Client thread/TRACE] [FML]: Recursing into package net/minecraftforge
[13:29:58] [Client thread/TRACE] [FML]: Recursing into package net/minecraftforge/gradle
[13:29:58] [Client thread/TRACE] [FML]: Recursing into package net/minecraftforge/gradle/tweakers
[13:29:58] [Client thread/DEBUG] [FML]: Examining file Adversity-1.0.0.jar for potential mods
[13:29:58] [Client thread/TRACE] [FML]: Located mcmod.info file in file Adversity-1.0.0.jar
[13:29:58] [Client thread/DEBUG] [FML]: Identified a mod of type Lnet/minecraftforge/fml/common/Mod; (com.adversity.Adversity) - loading
[13:29:58] [Client thread/TRACE] [FML]: Parsed dependency info for adversity: Requirements: [] After:[] Before:[]
[13:29:58] [Client thread/DEBUG] [FML]: Examining file Baubles-1.12-1.5.2.jar for potential mods
[13:29:58] [Client thread/TRACE] [FML]: Located mcmod.info file in file Baubles-1.12-1.5.2.jar
[13:29:58] [Client thread/DEBUG] [FML]: Identified a mod of type Lnet/minecraftforge/fml/common/Mod; (baubles.common.Baubles) - loading
[13:29:58] [Client thread/TRACE] [FML]: Parsed dependency info for baubles: Requirements: [forge@[14.21.0.2348,)] After:[forge@[14.21.0.2348,)] Before:[]
[13:29:58] [Client thread/DEBUG] [FML]: Examining file jei_1.12.2-4.16.1.1013.jar for potential mods
[13:29:58] [Client thread/TRACE] [FML]: Located mcmod.info file in file jei_1.12.2-4.16.1.1013.jar
[13:29:58] [Client thread/DEBUG] [FML]: Identified a mod of type Lnet/minecraftforge/fml/common/Mod; (mezz.jei.JustEnoughItems) - loading
[13:29:58] [Client thread/TRACE] [FML]: Parsed dependency info for jei: Requirements: [forge@[14.23.5.2816,)] After:[forge@[14.23.5.2816,)] Before:[]
[13:29:58] [Client thread/DEBUG] [FML]: Examining file worldedit-forge-mc1.12.2-6.1.10-SNAPSHOT-dist.jar for potential mods
[13:29:58] [Client thread/TRACE] [FML]: Located mcmod.info file in file worldedit-forge-mc1.12.2-6.1.10-SNAPSHOT-dist.jar
[13:29:58] [Client thread/DEBUG] [FML]: Identified a mod of type Lnet/minecraftforge/fml/common/Mod; (com.sk89q.worldedit.forge.ForgeWorldEdit) - loading
[13:29:58] [Client thread/TRACE] [FML]: Parsed dependency info for worldedit: Requirements: [] After:[] Before:[]
[13:29:58] [Client thread/INFO] [FML]: Forge Mod Loader has identified 11 mods to load
[13:29:58] [Client thread/DEBUG] [FML]: Found API baubles.api (owned by Baubles providing Baubles|API) embedded in baubles
[13:29:58] [Client thread/DEBUG] [FML]: Found API mezz.jei.api (owned by jei providing JustEnoughItemsAPI) embedded in jei
[13:29:58] [Client thread/DEBUG] [FML]: Creating API container dummy for API Baubles|API: owner: Baubles, dependents: [baubles]
[13:29:58] [Client thread/DEBUG] [FML]: Creating API container dummy for API JustEnoughItemsAPI: owner: jei, dependents: []
[13:29:58] [Client thread/TRACE] [FML]: Received a system property request ''
[13:29:58] [Client thread/TRACE] [FML]: System property request managing the state of 0 mods
[13:29:58] [Client thread/DEBUG] [FML]: After merging, found state information for 0 mods
[13:29:58] [Client thread/DEBUG] [FML]: Mod Forge Mod Loader is missing a pack.mcmeta file, substituting a dummy one
[13:29:58] [Client thread/DEBUG] [FML]: Mod Minecraft Forge is missing a pack.mcmeta file, substituting a dummy one
[13:29:58] [Client thread/DEBUG] [FML]: Enabling mod ctgui
[13:29:58] [Client thread/DEBUG] [FML]: Enabling mod crafttweaker
[13:29:58] [Client thread/DEBUG] [FML]: Enabling mod crafttweakerjei
[13:29:58] [Client thread/DEBUG] [FML]: Enabling mod adversity
[13:29:58] [Client thread/DEBUG] [FML]: Enabling mod baubles
[13:29:58] [Client thread/DEBUG] [FML]: Enabling mod jei
[13:29:58] [Client thread/DEBUG] [FML]: Enabling mod worldedit
[13:29:58] [Client thread/DEBUG] [FML]: Mod WorldEdit is missing a pack.mcmeta file, substituting a dummy one
[13:29:58] [Client thread/TRACE] [FML]: Verifying mod requirements are satisfied
[13:29:58] [Client thread/TRACE] [FML]: All mod requirements are satisfied
[13:29:58] [Client thread/TRACE] [FML]: Sorting mods into an ordered list
[13:29:58] [Client thread/TRACE] [FML]: Mod sorting completed successfully
[13:29:58] [Client thread/DEBUG] [FML]: Mod sorting data
[13:29:58] [Client thread/DEBUG] [FML]: 	crafttweaker(CraftTweaker2:4.1.20): CraftTweaker2-1.12-4.1.20.703.jar (before:jei)
[13:29:58] [Client thread/DEBUG] [FML]: 	ctgui(CT-GUI:1.0.0): CraftTweaker2-1.12-4.1.20.703.jar (required-after:crafttweaker;)
[13:29:58] [Client thread/DEBUG] [FML]: 	jei(Just Enough Items:4.16.1.1013): jei_1.12.2-4.16.1.1013.jar (required-after:forge@[14.23.5.2816,);)
[13:29:58] [Client thread/DEBUG] [FML]: 	crafttweakerjei(CraftTweaker JEI Support:2.0.3): CraftTweaker2-1.12-4.1.20.703.jar (after:jei@[4.12.0,);)
[13:29:58] [Client thread/DEBUG] [FML]: 	adversity(Adversity:1.0.0): Adversity-1.0.0.jar ()
[13:29:58] [Client thread/DEBUG] [FML]: 	Baubles|API(API: Baubles|API:1.4.0.2): Baubles-1.12-1.5.2.jar ()
[13:29:58] [Client thread/DEBUG] [FML]: 	baubles(Baubles:1.5.2): Baubles-1.12-1.5.2.jar (required-after:forge@[14.21.0.2348,);)
[13:29:58] [Client thread/DEBUG] [FML]: 	worldedit(WorldEdit:6.1.10-SNAPSHOT): worldedit-forge-mc1.12.2-6.1.10-SNAPSHOT-dist.jar ()
[13:29:58] [Client thread/DEBUG] [FML]: 	JustEnoughItemsAPI(API: JustEnoughItemsAPI:4.13.0): jei_1.12.2-4.16.1.1013.jar ()
[13:29:58] [Client thread/DEBUG] [FML]: Loading @Config anotation data
[13:29:58] [Client thread/INFO] [FermiumBooter]: FermiumBooter adding "adversity.late.mixins.json" for late mixin application.
[13:29:58] [Client thread/DEBUG] [mixin]: Selecting config adversity.late.mixins.json
[13:29:58] [Client thread/WARN] [mixin]: Reference map 'mixins.adversity.refmap.json' for adversity.late.mixins.json could not be read. If this is a development environment you can ignore this message
[13:29:58] [Client thread/DEBUG] [mixin]: Preparing adversity.late.mixins.json (1)
[13:29:58] [Client thread/ERROR] [mixin]: Classloader restrictions [PACKAGE_TRANSFORMER_EXCLUSION] encountered loading adversity.late.mixins.json:MixinJeiRecipeRegistry, name: com.adversity.mixin.MixinJeiRecipeRegistry
[13:29:58] [Client thread/TRACE] [mixin]: Added class metadata for mezz/jei/recipes/RecipeRegistry to metadata cache
[13:29:58] [Client thread/TRACE] [FML]: Sending event FMLConstructionEvent to mod minecraft
[13:29:58] [Client thread/TRACE] [FML]: Sent event FMLConstructionEvent to mod minecraft
[13:29:58] [Client thread/DEBUG] [FML]: Bar Step: Construction - Minecraft took 0.001s
[13:29:58] [Client thread/TRACE] [FML]: Sending event FMLConstructionEvent to mod mcp
[13:29:58] [Client thread/TRACE] [FML]: Sent event FMLConstructionEvent to mod mcp
[13:29:58] [Client thread/DEBUG] [FML]: Bar Step: Construction - Minecraft Coder Pack took 0.000s
[13:29:58] [Client thread/TRACE] [FML]: Sending event FMLConstructionEvent to mod FML
[13:29:58] [Client thread/TRACE] [FML]: Mod FML is using network checker : Invoking method checkModLists
[13:29:58] [Client thread/TRACE] [FML]: Testing mod FML to verify it accepts its own version in a remote connection
[13:29:58] [Client thread/TRACE] [FML]: The mod FML accepts its own version (8.0.99.99)
[13:29:58] [Client thread/INFO] [FML]: Attempting connection with missing mods [minecraft, mcp, FML, forge, ctgui, crafttweaker, crafttweakerjei, adversity, baubles, jei, worldedit] at CLIENT
[13:29:58] [Client thread/INFO] [FML]: Attempting connection with missing mods [minecraft, mcp, FML, forge, ctgui, crafttweaker, crafttweakerjei, adversity, baubles, jei, worldedit] at SERVER
[13:29:58] [Client thread/TRACE] [FML]: Sent event FMLConstructionEvent to mod FML
[13:29:58] [Client thread/DEBUG] [FML]: Bar Step: Construction - Forge Mod Loader took 0.168s
[13:29:58] [Client thread/TRACE] [FML]: Sending event FMLConstructionEvent to mod forge
[13:29:58] [Client thread/DEBUG] [forge]: Loading Vanilla annotations: null
[13:29:58] [Client thread/DEBUG] [forge]: Preloading CrashReport Classes
[13:29:58] [Client thread/DEBUG] [forge]: 	net/minecraft/client/Minecraft$10
[13:29:58] [Client thread/DEBUG] [forge]: 	net/minecraft/client/Minecraft$11
[13:29:58] [Client thread/DEBUG] [forge]: 	net/minecraft/client/Minecraft$12
[13:29:58] [Client thread/DEBUG] [forge]: 	net/minecraft/client/Minecraft$13
[13:29:58] [Client thread/DEBUG] [forge]: 	net/minecraft/client/Minecraft$14
[13:29:58] [Client thread/DEBUG] [forge]: 	net/minecraft/client/Minecraft$2
[13:29:58] [Client thread/DEBUG] [forge]: 	net/minecraft/client/Minecraft$3
[13:29:58] [Client thread/DEBUG] [forge]: 	net/minecraft/client/Minecraft$4
[13:29:58] [Client thread/DEBUG] [forge]: 	net/minecraft/client/Minecraft$5
[13:29:58] [Client thread/DEBUG] [forge]: 	net/minecraft/client/Minecraft$6
[13:29:58] [Client thread/DEBUG] [forge]: 	net/minecraft/client/Minecraft$7
[13:29:58] [Client thread/DEBUG] [forge]: 	net/minecraft/client/Minecraft$8
[13:29:58] [Client thread/DEBUG] [forge]: 	net/minecraft/client/Minecraft$9
[13:29:58] [Client thread/DEBUG] [forge]: 	net/minecraft/client/multiplayer/WorldClient$1
[13:29:58] [Client thread/DEBUG] [forge]: 	net/minecraft/client/multiplayer/WorldClient$2
[13:29:58] [Client thread/DEBUG] [forge]: 	net/minecraft/client/multiplayer/WorldClient$3
[13:29:58] [Client thread/DEBUG] [forge]: 	net/minecraft/client/multiplayer/WorldClient$4
[13:29:58] [Client thread/DEBUG] [forge]: 	net/minecraft/client/particle/ParticleManager$1
[13:29:58] [Client thread/DEBUG] [forge]: 	net/minecraft/client/particle/ParticleManager$2
[13:29:58] [Client thread/DEBUG] [forge]: 	net/minecraft/client/particle/ParticleManager$3
[13:29:58] [Client thread/DEBUG] [forge]: 	net/minecraft/client/particle/ParticleManager$4
[13:29:58] [Client thread/DEBUG] [forge]: 	net/minecraft/client/renderer/EntityRenderer$2
[13:29:58] [Client thread/DEBUG] [forge]: 	net/minecraft/client/renderer/EntityRenderer$3
[13:29:58] [Client thread/DEBUG] [forge]: 	net/minecraft/client/renderer/EntityRenderer$4
[13:29:58] [Client thread/DEBUG] [forge]: 	net/minecraft/client/renderer/RenderGlobal$1
[13:29:58] [Client thread/DEBUG] [forge]: 	net/minecraft/client/renderer/RenderItem$1
[13:29:58] [Client thread/DEBUG] [forge]: 	net/minecraft/client/renderer/RenderItem$2
[13:29:58] [Client thread/DEBUG] [forge]: 	net/minecraft/client/renderer/RenderItem$3
[13:29:58] [Client thread/DEBUG] [forge]: 	net/minecraft/client/renderer/RenderItem$4
[13:29:58] [Client thread/DEBUG] [forge]: 	net/minecraft/client/renderer/texture/TextureAtlasSprite$1
[13:29:58] [Client thread/DEBUG] [forge]: 	net/minecraft/client/renderer/texture/TextureManager$1
[13:29:58] [Client thread/DEBUG] [forge]: 	net/minecraft/client/renderer/texture/TextureMap$1
[13:29:58] [Client thread/DEBUG] [forge]: 	net/minecraft/client/renderer/texture/TextureMap$2
[13:29:58] [Client thread/DEBUG] [forge]: 	net/minecraft/client/renderer/texture/TextureMap$3
[13:29:58] [Client thread/DEBUG] [forge]: 	net/minecraft/crash/CrashReport$1
[13:29:58] [Client thread/DEBUG] [forge]: 	net/minecraft/crash/CrashReport$2
[13:29:58] [Client thread/DEBUG] [forge]: 	net/minecraft/crash/CrashReport$3
[13:29:58] [Client thread/DEBUG] [forge]: 	net/minecraft/crash/CrashReport$4
[13:29:58] [Client thread/DEBUG] [forge]: 	net/minecraft/crash/CrashReport$5
[13:29:58] [Client thread/DEBUG] [forge]: 	net/minecraft/crash/CrashReport$6
[13:29:58] [Client thread/DEBUG] [forge]: 	net/minecraft/crash/CrashReport$7
[13:29:58] [Client thread/DEBUG] [forge]: 	net/minecraft/crash/CrashReportCategory$1
[13:29:58] [Client thread/DEBUG] [forge]: 	net/minecraft/crash/CrashReportCategory$2
[13:29:58] [Client thread/DEBUG] [forge]: 	net/minecraft/crash/CrashReportCategory$3
[13:29:58] [Client thread/DEBUG] [forge]: 	net/minecraft/crash/CrashReportCategory$4
[13:29:58] [Client thread/DEBUG] [forge]: 	net/minecraft/crash/CrashReportCategory$5
[13:29:58] [Client thread/DEBUG] [forge]: 	net/minecraft/entity/Entity$2
[13:29:58] [Client thread/DEBUG] [forge]: 	net/minecraft/entity/Entity$3
[13:29:58] [Client thread/DEBUG] [forge]: 	net/minecraft/entity/Entity$4
[13:29:58] [Client thread/DEBUG] [forge]: 	net/minecraft/entity/Entity$5
[13:29:58] [Client thread/DEBUG] [forge]: 	net/minecraft/entity/EntityTracker$1
[13:29:58] [Client thread/DEBUG] [forge]: 	net/minecraft/entity/player/InventoryPlayer$1
[13:29:58] [Client thread/DEBUG] [forge]: 	net/minecraft/nbt/NBTTagCompound$1
[13:29:58] [Client thread/DEBUG] [forge]: 	net/minecraft/nbt/NBTTagCompound$2
[13:29:58] [Client thread/DEBUG] [forge]: 	net/minecraft/network/NetHandlerPlayServer$3
[13:29:58] [Client thread/DEBUG] [forge]: 	net/minecraft/network/NetworkSystem$6
[13:29:58] [Client thread/DEBUG] [forge]: 	net/minecraft/server/MinecraftServer$2
[13:29:58] [Client thread/DEBUG] [forge]: 	net/minecraft/server/MinecraftServer$3
[13:29:58] [Client thread/DEBUG] [forge]: 	net/minecraft/server/dedicated/DedicatedServer$3
[13:29:58] [Client thread/DEBUG] [forge]: 	net/minecraft/server/dedicated/DedicatedServer$4
[13:29:58] [Client thread/DEBUG] [forge]: 	net/minecraft/server/integrated/IntegratedServer$1
[13:29:58] [Client thread/DEBUG] [forge]: 	net/minecraft/server/integrated/IntegratedServer$2
[13:29:58] [Client thread/DEBUG] [forge]: 	net/minecraft/tileentity/CommandBlockBaseLogic$1
[13:29:58] [Client thread/DEBUG] [forge]: 	net/minecraft/tileentity/CommandBlockBaseLogic$2
[13:29:58] [Client thread/DEBUG] [forge]: 	net/minecraft/tileentity/TileEntity$1
[13:29:58] [Client thread/DEBUG] [forge]: 	net/minecraft/tileentity/TileEntity$2
[13:29:58] [Client thread/DEBUG] [forge]: 	net/minecraft/tileentity/TileEntity$3
[13:29:58] [Client thread/DEBUG] [forge]: 	net/minecraft/world/World$1
[13:29:58] [Client thread/DEBUG] [forge]: 	net/minecraft/world/World$2
[13:29:58] [Client thread/DEBUG] [forge]: 	net/minecraft/world/World$3
[13:29:58] [Client thread/DEBUG] [forge]: 	net/minecraft/world/World$4
[13:29:58] [Client thread/DEBUG] [forge]: 	net/minecraft/world/World$5
[13:29:58] [Client thread/DEBUG] [forge]: 	net/minecraft/world/chunk/Chunk$1
[13:29:58] [Client thread/DEBUG] [forge]: 	net/minecraft/world/gen/structure/MapGenStructure$1
[13:29:58] [Client thread/DEBUG] [forge]: 	net/minecraft/world/gen/structure/MapGenStructure$2
[13:29:58] [Client thread/DEBUG] [forge]: 	net/minecraft/world/gen/structure/MapGenStructure$3
[13:29:58] [Client thread/DEBUG] [forge]: 	net/minecraft/world/storage/WorldInfo$10
[13:29:58] [Client thread/DEBUG] [forge]: 	net/minecraft/world/storage/WorldInfo$2
[13:29:58] [Client thread/DEBUG] [forge]: 	net/minecraft/world/storage/WorldInfo$3
[13:29:58] [Client thread/DEBUG] [forge]: 	net/minecraft/world/storage/WorldInfo$4
[13:29:58] [Client thread/DEBUG] [forge]: 	net/minecraft/world/storage/WorldInfo$5
[13:29:58] [Client thread/DEBUG] [forge]: 	net/minecraft/world/storage/WorldInfo$6
[13:29:58] [Client thread/DEBUG] [forge]: 	net/minecraft/world/storage/WorldInfo$7
[13:29:58] [Client thread/DEBUG] [forge]: 	net/minecraft/world/storage/WorldInfo$8
[13:29:58] [Client thread/DEBUG] [forge]: 	net/minecraft/world/storage/WorldInfo$9
[13:29:58] [Client thread/DEBUG] [forge]: 	net/minecraftforge/common/util/TextTable
[13:29:58] [Client thread/DEBUG] [forge]: 	net/minecraftforge/common/util/TextTable$Alignment
[13:29:58] [Client thread/DEBUG] [forge]: 	net/minecraftforge/common/util/TextTable$Column
[13:29:58] [Client thread/DEBUG] [forge]: 	net/minecraftforge/common/util/TextTable$Row
[13:29:58] [Client thread/DEBUG] [forge]: 	net/minecraftforge/fml/client/SplashProgress$1
[13:29:58] [Client thread/DEBUG] [forge]: 	net/minecraftforge/fml/common/FMLCommonHandler$1
[13:29:58] [Client thread/DEBUG] [forge]: 	net/minecraftforge/fml/common/ICrashCallable
[13:29:58] [Client thread/DEBUG] [forge]: 	net/minecraftforge/fml/common/Loader$1
[13:29:58] [Client thread/TRACE] [FML]: Mod forge is using network checker : No network checking performed
[13:29:58] [Client thread/TRACE] [FML]: Testing mod forge to verify it accepts its own version in a remote connection
[13:29:58] [Client thread/TRACE] [FML]: The mod forge accepts its own version (14.23.5.2847)
[13:29:58] [Client thread/DEBUG] [FML]: Attempting to inject @Config classes into forge for type INSTANCE
[13:29:58] [Client thread/TRACE] [FML]: Sent event FMLConstructionEvent to mod forge
[13:29:58] [Client thread/DEBUG] [FML]: Bar Step: Construction - Minecraft Forge took 0.027s
[13:29:58] [Client thread/TRACE] [FML]: Sending event FMLConstructionEvent to mod crafttweaker
[13:29:58] [Client thread/TRACE] [FML]: Mod crafttweaker is using network checker : Accepting version 4.1.20
[13:29:58] [Client thread/TRACE] [FML]: Testing mod crafttweaker to verify it accepts its own version in a remote connection
[13:29:58] [Client thread/TRACE] [FML]: The mod crafttweaker accepts its own version (4.1.20)
[13:29:58] [Client thread/DEBUG] [FML]: Attempting to inject @SidedProxy classes into crafttweaker
[13:29:58] [Client thread/DEBUG] [FML]: Skipping proxy injection for com.blamejared.ctgui.MTRecipe.PROXY since it is not for mod crafttweaker
[13:29:58] [Client thread/DEBUG] [FML]: Attempting to inject @EventBusSubscriber classes into the eventbus for crafttweaker
[13:29:58] [Client thread/DEBUG] [FML]: Attempting to inject @Config classes into crafttweaker for type INSTANCE
[13:29:58] [Client thread/DEBUG] [FML]: Skipping @net.minecraftforge.fml.common.Mod$Instance injection for com.blamejared.ctgui.MTRecipe.INSTANCE since it is not for mod crafttweaker
[13:29:59] [Client thread/TRACE] [FML]: Sent event FMLConstructionEvent to mod crafttweaker
[13:29:59] [Client thread/DEBUG] [FML]: Bar Step: Construction - CraftTweaker2 took 0.270s
[13:29:59] [Client thread/TRACE] [FML]: Sending event FMLConstructionEvent to mod ctgui
[13:29:59] [Client thread/TRACE] [FML]: Mod ctgui is using network checker : Accepting version 1.0.0
[13:29:59] [Client thread/TRACE] [FML]: Testing mod ctgui to verify it accepts its own version in a remote connection
[13:29:59] [Client thread/TRACE] [FML]: The mod ctgui accepts its own version (1.0.0)
[13:29:59] [Client thread/DEBUG] [FML]: Attempting to inject @SidedProxy classes into ctgui
[13:29:59] [Client thread/DEBUG] [FML]: Skipping proxy injection for crafttweaker.mc1120.CraftTweaker.PROXY since it is not for mod ctgui
[13:29:59] [Client thread/DEBUG] [FML]: Attempting to inject @EventBusSubscriber classes into the eventbus for ctgui
[13:29:59] [Client thread/DEBUG] [FML]: Attempting to inject @Config classes into ctgui for type INSTANCE
[13:29:59] [Client thread/DEBUG] [FML]: Skipping @net.minecraftforge.fml.common.Mod$Instance injection for crafttweaker.mc1120.CraftTweaker.INSTANCE since it is not for mod ctgui
[13:29:59] [Client thread/TRACE] [FML]: Sent event FMLConstructionEvent to mod ctgui
[13:29:59] [Client thread/DEBUG] [FML]: Bar Step: Construction - CT-GUI took 0.003s
[13:29:59] [Client thread/TRACE] [FML]: Sending event FMLConstructionEvent to mod jei
[13:29:59] [Client thread/TRACE] [FML]: Mod jei is using network checker : Invoking method checkModLists
[13:29:59] [Client thread/TRACE] [FML]: Testing mod jei to verify it accepts its own version in a remote connection
[13:29:59] [Client thread/TRACE] [FML]: The mod jei accepts its own version (4.16.1.1013)
[13:29:59] [Client thread/DEBUG] [FML]: Attempting to inject @SidedProxy classes into jei
[13:29:59] [Client thread/DEBUG] [FML]: Attempting to inject @EventBusSubscriber classes into the eventbus for jei
[13:29:59] [Client thread/DEBUG] [FML]: Registering @EventBusSubscriber for mezz.jei.input.MouseHelper for mod jei
[13:29:59] [Client thread/DEBUG] [FML]: Injected @EventBusSubscriber class mezz.jei.input.MouseHelper
[13:29:59] [Client thread/DEBUG] [FML]: Attempting to inject @Config classes into jei for type INSTANCE
[13:29:59] [Client thread/TRACE] [FML]: Sent event FMLConstructionEvent to mod jei
[13:29:59] [Client thread/DEBUG] [FML]: Bar Step: Construction - Just Enough Items took 0.043s
[13:29:59] [Client thread/TRACE] [FML]: Sending event FMLConstructionEvent to mod crafttweakerjei
[13:29:59] [Client thread/TRACE] [FML]: Mod crafttweakerjei is using network checker : Accepting version 2.0.3
[13:29:59] [Client thread/TRACE] [FML]: Testing mod crafttweakerjei to verify it accepts its own version in a remote connection
[13:29:59] [Client thread/TRACE] [FML]: The mod crafttweakerjei accepts its own version (2.0.3)
[13:29:59] [Client thread/DEBUG] [FML]: Attempting to inject @SidedProxy classes into crafttweakerjei
[13:29:59] [Client thread/DEBUG] [FML]: Skipping proxy injection for crafttweaker.mc1120.CraftTweaker.PROXY since it is not for mod crafttweakerjei
[13:29:59] [Client thread/DEBUG] [FML]: Skipping proxy injection for com.blamejared.ctgui.MTRecipe.PROXY since it is not for mod crafttweakerjei
[13:29:59] [Client thread/DEBUG] [FML]: Attempting to inject @EventBusSubscriber classes into the eventbus for crafttweakerjei
[13:29:59] [Client thread/DEBUG] [FML]: Attempting to inject @Config classes into crafttweakerjei for type INSTANCE
[13:29:59] [Client thread/DEBUG] [FML]: Skipping @net.minecraftforge.fml.common.Mod$Instance injection for crafttweaker.mc1120.CraftTweaker.INSTANCE since it is not for mod crafttweakerjei
[13:29:59] [Client thread/DEBUG] [FML]: Skipping @net.minecraftforge.fml.common.Mod$Instance injection for com.blamejared.ctgui.MTRecipe.INSTANCE since it is not for mod crafttweakerjei
[13:29:59] [Client thread/TRACE] [FML]: Sent event FMLConstructionEvent to mod crafttweakerjei
[13:29:59] [Client thread/DEBUG] [FML]: Bar Step: Construction - CraftTweaker JEI Support took 0.009s
[13:29:59] [Client thread/TRACE] [FML]: Sending event FMLConstructionEvent to mod adversity
[13:29:59] [Client thread/TRACE] [FML]: Mod adversity is using network checker : Accepting version 1.0.0
[13:29:59] [Client thread/TRACE] [FML]: Testing mod adversity to verify it accepts its own version in a remote connection
[13:29:59] [Client thread/TRACE] [FML]: The mod adversity accepts its own version (1.0.0)
[13:29:59] [Client thread/DEBUG] [FML]: Attempting to inject @SidedProxy classes into adversity
[13:29:59] [Client thread/DEBUG] [FML]: Attempting to inject @EventBusSubscriber classes into the eventbus for adversity
[13:29:59] [Client thread/DEBUG] [FML]: Registering @EventBusSubscriber for com.adversity.block.BlockRegistry for mod adversity
[13:29:59] [Client thread/DEBUG] [FML]: Injected @EventBusSubscriber class com.adversity.block.BlockRegistry
[13:29:59] [Client thread/DEBUG] [FML]: Registering @EventBusSubscriber for com.adversity.handler.SanctuaryProtectionHandler for mod adversity
[13:29:59] [Client thread/DEBUG] [FML]: Injected @EventBusSubscriber class com.adversity.handler.SanctuaryProtectionHandler
[13:29:59] [Client thread/DEBUG] [FML]: Registering @EventBusSubscriber for com.adversity.progression.ProgressionEventHandler for mod adversity
[13:29:59] [Client thread/DEBUG] [FML]: Injected @EventBusSubscriber class com.adversity.progression.ProgressionEventHandler
[13:29:59] [Client thread/DEBUG] [FML]: Registering @EventBusSubscriber for com.adversity.seal.SealedItemHandler for mod adversity
[13:29:59] [Client thread/DEBUG] [FML]: Injected @EventBusSubscriber class com.adversity.seal.SealedItemHandler
[13:29:59] [Client thread/DEBUG] [FML]: Registering @EventBusSubscriber for com.adversity.bauble.BaubleAuraHandler for mod adversity
[13:29:59] [Client thread/DEBUG] [FML]: Injected @EventBusSubscriber class com.adversity.bauble.BaubleAuraHandler
[13:29:59] [Client thread/DEBUG] [FML]: Registering @EventBusSubscriber for com.adversity.debug.ArmorChangeTracker for mod adversity
[13:29:59] [Client thread/DEBUG] [FML]: Injected @EventBusSubscriber class com.adversity.debug.ArmorChangeTracker
[13:29:59] [Client thread/DEBUG] [FML]: Registering @EventBusSubscriber for com.adversity.handler.SanctuaryCraftingHandler for mod adversity
[13:29:59] [Client thread/DEBUG] [FML]: Injected @EventBusSubscriber class com.adversity.handler.SanctuaryCraftingHandler
[13:29:59] [Client thread/DEBUG] [FML]: Registering @EventBusSubscriber for com.adversity.handler.VillagerTradeHandler for mod adversity
[13:29:59] [Client thread/DEBUG] [FML]: Injected @EventBusSubscriber class com.adversity.handler.VillagerTradeHandler
[13:29:59] [Client thread/DEBUG] [FML]: Registering @EventBusSubscriber for com.adversity.handler.BaubleEffectHandler for mod adversity
[13:29:59] [Client thread/DEBUG] [FML]: Injected @EventBusSubscriber class com.adversity.handler.BaubleEffectHandler
[13:29:59] [Client thread/DEBUG] [FML]: Registering @EventBusSubscriber for com.adversity.item.ItemRegistry for mod adversity
[13:29:59] [Client thread/DEBUG] [FML]: Injected @EventBusSubscriber class com.adversity.item.ItemRegistry
[13:29:59] [Client thread/DEBUG] [FML]: Registering @EventBusSubscriber for com.adversity.progression.StageTriggerRegistry for mod adversity
[13:29:59] [Client thread/DEBUG] [FML]: Injected @EventBusSubscriber class com.adversity.progression.StageTriggerRegistry
[13:29:59] [Client thread/DEBUG] [FML]: Registering @EventBusSubscriber for com.adversity.config.AdversityConfig$ConfigSyncHandler for mod adversity
[13:29:59] [Client thread/DEBUG] [FML]: Injected @EventBusSubscriber class com.adversity.config.AdversityConfig$ConfigSyncHandler
[13:29:59] [Client thread/DEBUG] [FML]: Registering @EventBusSubscriber for com.adversity.sanctuary.SanctuaryManager for mod adversity
[13:29:59] [Client thread/DEBUG] [FML]: Injected @EventBusSubscriber class com.adversity.sanctuary.SanctuaryManager
[13:29:59] [Client thread/DEBUG] [FML]: Registering @EventBusSubscriber for com.adversity.event.EliteDropHandler for mod adversity
[13:29:59] [Client thread/DEBUG] [FML]: Injected @EventBusSubscriber class com.adversity.event.EliteDropHandler
[13:29:59] [Client thread/DEBUG] [FML]: Registering @EventBusSubscriber for com.adversity.potion.PotionRegistry for mod adversity
[13:29:59] [Client thread/DEBUG] [FML]: Injected @EventBusSubscriber class com.adversity.potion.PotionRegistry
[13:29:59] [Client thread/DEBUG] [FML]: Registering @EventBusSubscriber for com.adversity.curse.CurseEffectHandler for mod adversity
[13:29:59] [Client thread/DEBUG] [FML]: Injected @EventBusSubscriber class com.adversity.curse.CurseEffectHandler
[13:29:59] [Client thread/DEBUG] [FML]: Registering @EventBusSubscriber for com.adversity.spawn.NightmareSpawnHandler for mod adversity
[13:29:59] [Client thread/DEBUG] [FML]: Injected @EventBusSubscriber class com.adversity.spawn.NightmareSpawnHandler
[13:29:59] [Client thread/DEBUG] [FML]: Registering @EventBusSubscriber for com.adversity.curse.CurseInventoryHandler for mod adversity
[13:29:59] [Client thread/DEBUG] [FML]: Injected @EventBusSubscriber class com.adversity.curse.CurseInventoryHandler
[13:29:59] [Client thread/DEBUG] [FML]: Registering @EventBusSubscriber for com.adversity.effect.SuppressionManager for mod adversity
[13:29:59] [Client thread/DEBUG] [FML]: Injected @EventBusSubscriber class com.adversity.effect.SuppressionManager
[13:29:59] [Client thread/DEBUG] [FML]: Registering @EventBusSubscriber for com.adversity.client.gui.SealedSlotOverlayRenderer for mod adversity
[13:29:59] [Client thread/DEBUG] [FML]: Injected @EventBusSubscriber class com.adversity.client.gui.SealedSlotOverlayRenderer
[13:29:59] [Client thread/DEBUG] [FML]: Registering @EventBusSubscriber for com.adversity.enchantment.EnchantmentHandler for mod adversity
[13:29:59] [Client thread/DEBUG] [FML]: Injected @EventBusSubscriber class com.adversity.enchantment.EnchantmentHandler
[13:29:59] [Client thread/DEBUG] [FML]: Registering @EventBusSubscriber for com.adversity.enchantment.EnchantmentRegistry for mod adversity
[13:29:59] [Client thread/DEBUG] [FML]: Injected @EventBusSubscriber class com.adversity.enchantment.EnchantmentRegistry
[13:29:59] [Client thread/DEBUG] [FML]: Registering @EventBusSubscriber for com.adversity.client.handler.SanctuaryBoundaryHandler for mod adversity
[13:29:59] [Client thread/DEBUG] [FML]: Injected @EventBusSubscriber class com.adversity.client.handler.SanctuaryBoundaryHandler
[13:29:59] [Client thread/DEBUG] [FML]: Attempting to inject @Config classes into adversity for type INSTANCE
[13:29:59] [Client thread/TRACE] [FML]: Sent event FMLConstructionEvent to mod adversity
[13:29:59] [Client thread/DEBUG] [FML]: Bar Step: Construction - Adversity took 0.143s
[13:29:59] [Client thread/TRACE] [FML]: Sending event FMLConstructionEvent to mod baubles
[13:29:59] [Client thread/TRACE] [FML]: Mod baubles is using network checker : Accepting version 1.5.2
[13:29:59] [Client thread/TRACE] [FML]: Testing mod baubles to verify it accepts its own version in a remote connection
[13:29:59] [Client thread/TRACE] [FML]: The mod baubles accepts its own version (1.5.2)
[13:29:59] [Client thread/DEBUG] [FML]: Attempting to inject @SidedProxy classes into baubles
[13:29:59] [Client thread/DEBUG] [FML]: Attempting to inject @EventBusSubscriber classes into the eventbus for baubles
[13:29:59] [Client thread/DEBUG] [FML]: Registering @EventBusSubscriber for baubles.common.items.ItemRing for mod baubles
[13:29:59] [Client thread/DEBUG] [FML]: Injected @EventBusSubscriber class baubles.common.items.ItemRing
[13:29:59] [Client thread/DEBUG] [FML]: Attempting to inject @Config classes into baubles for type INSTANCE
[13:29:59] [Client thread/TRACE] [FML]: Sent event FMLConstructionEvent to mod baubles
[13:29:59] [Client thread/DEBUG] [FML]: Bar Step: Construction - Baubles took 0.017s
[13:29:59] [Client thread/TRACE] [FML]: Sending event FMLConstructionEvent to mod worldedit
[13:29:59] [Client thread/TRACE] [FML]: Mod worldedit is using network checker : No network checking performed
[13:29:59] [Client thread/TRACE] [FML]: Testing mod worldedit to verify it accepts its own version in a remote connection
[13:29:59] [Client thread/TRACE] [FML]: The mod worldedit accepts its own version (6.1.10-SNAPSHOT)
[13:29:59] [Client thread/DEBUG] [FML]: Attempting to inject @SidedProxy classes into worldedit
[13:29:59] [Client thread/DEBUG] [FML]: Attempting to inject @EventBusSubscriber classes into the eventbus for worldedit
[13:29:59] [Client thread/DEBUG] [FML]: Attempting to inject @Config classes into worldedit for type INSTANCE
[13:29:59] [Client thread/TRACE] [FML]: Sent event FMLConstructionEvent to mod worldedit
[13:29:59] [Client thread/DEBUG] [FML]: Bar Step: Construction - WorldEdit took 0.075s
[13:29:59] [Client thread/DEBUG] [FML]: Bar Finished: Construction took 0.755s
[13:29:59] [Client thread/DEBUG] [FML]: Mod signature data
[13:29:59] [Client thread/DEBUG] [FML]:  	Valid Signatures:
[13:29:59] [Client thread/DEBUG] [FML]:  	Missing Signatures:
[13:29:59] [Client thread/DEBUG] [FML]: 		minecraft	(Minecraft	1.12.2)	minecraft.jar
[13:29:59] [Client thread/DEBUG] [FML]: 		mcp	(Minecraft Coder Pack	9.42)	minecraft.jar
[13:29:59] [Client thread/DEBUG] [FML]: 		FML	(Forge Mod Loader	8.0.99.99)	forgeSrc-1.12.2-14.23.5.2847.jar
[13:29:59] [Client thread/DEBUG] [FML]: 		forge	(Minecraft Forge	14.23.5.2847)	forgeSrc-1.12.2-14.23.5.2847.jar
[13:29:59] [Client thread/DEBUG] [FML]: 		crafttweaker	(CraftTweaker2	4.1.20)	CraftTweaker2-1.12-4.1.20.703.jar
[13:29:59] [Client thread/DEBUG] [FML]: 		ctgui	(CT-GUI	1.0.0)	CraftTweaker2-1.12-4.1.20.703.jar
[13:29:59] [Client thread/DEBUG] [FML]: 		jei	(Just Enough Items	4.16.1.1013)	jei_1.12.2-4.16.1.1013.jar
[13:29:59] [Client thread/DEBUG] [FML]: 		crafttweakerjei	(CraftTweaker JEI Support	2.0.3)	CraftTweaker2-1.12-4.1.20.703.jar
[13:29:59] [Client thread/DEBUG] [FML]: 		adversity	(Adversity	1.0.0)	Adversity-1.0.0.jar
[13:29:59] [Client thread/DEBUG] [FML]: 		baubles	(Baubles	1.5.2)	Baubles-1.12-1.5.2.jar
[13:29:59] [Client thread/DEBUG] [FML]: 		worldedit	(WorldEdit	6.1.10-SNAPSHOT)	worldedit-forge-mc1.12.2-6.1.10-SNAPSHOT-dist.jar
[13:29:59] [Client thread/INFO] [net.minecraft.client.resources.SimpleReloadableResourceManager]: Reloading ResourceManager: Default, FMLFileResourcePack:Forge Mod Loader, FMLFileResourcePack:Minecraft Forge, FMLFileResourcePack:CT-GUI, FMLFileResourcePack:CraftTweaker2, FMLFileResourcePack:CraftTweaker JEI Support, FMLFileResourcePack:Adversity, FMLFileResourcePack:Baubles, FMLFileResourcePack:Just Enough Items, FMLFileResourcePack:WorldEdit
[13:29:59] [Client thread/DEBUG] [FML]: Bar Step: Loading Resources - Default took 0.002s
[13:29:59] [Client thread/DEBUG] [FML]: Bar Step: Loading Resources - FMLFileResourcePack:Forge Mod Loader took 0.004s
[13:29:59] [Client thread/DEBUG] [FML]: Bar Step: Loading Resources - FMLFileResourcePack:Minecraft Forge took 0.003s
[13:29:59] [Client thread/DEBUG] [FML]: Bar Step: Loading Resources - FMLFileResourcePack:CT-GUI took 0.001s
[13:29:59] [Client thread/DEBUG] [FML]: Bar Step: Loading Resources - FMLFileResourcePack:CraftTweaker2 took 0.000s
[13:29:59] [Client thread/DEBUG] [FML]: Bar Step: Loading Resources - FMLFileResourcePack:CraftTweaker JEI Support took 0.000s
[13:29:59] [Client thread/DEBUG] [FML]: Bar Step: Loading Resources - FMLFileResourcePack:Adversity took 0.000s
[13:29:59] [Client thread/DEBUG] [FML]: Bar Step: Loading Resources - FMLFileResourcePack:Baubles took 0.000s
[13:29:59] [Client thread/DEBUG] [FML]: Bar Step: Loading Resources - FMLFileResourcePack:Just Enough Items took 0.000s
[13:29:59] [Client thread/DEBUG] [FML]: Bar Step: Loading Resources - FMLFileResourcePack:WorldEdit took 0.000s
[13:29:59] [Client thread/DEBUG] [FML]: Bar Finished: Reloading - LanguageManager took 0.040s
[13:29:59] [Client thread/DEBUG] [FML]: Bar Step: Loading Resources - Reloading listeners took 0.040s
[13:29:59] [Client thread/DEBUG] [FML]: Bar Finished: Loading Resources took 0.051s
[13:29:59] [Client thread/DEBUG] [FML]: Mod Forge Mod Loader is missing a pack.mcmeta file, substituting a dummy one
[13:29:59] [Client thread/DEBUG] [FML]: Mod Minecraft Forge is missing a pack.mcmeta file, substituting a dummy one
[13:29:59] [Client thread/DEBUG] [FML]: Mod WorldEdit is missing a pack.mcmeta file, substituting a dummy one
[13:29:59] [Client thread/INFO] [FML]: Processing ObjectHolder annotations
[13:29:59] [Client thread/INFO] [FML]: Found 1219 ObjectHolder annotations
[13:29:59] [Client thread/INFO] [FML]: Identifying ItemStackHolder annotations
[13:29:59] [Client thread/INFO] [FML]: Found 0 ItemStackHolder annotations
[13:29:59] [Client thread/TRACE] [FML]: Sending event FMLPreInitializationEvent to mod minecraft
[13:29:59] [Client thread/TRACE] [FML]: Sent event FMLPreInitializationEvent to mod minecraft
[13:29:59] [Client thread/DEBUG] [FML]: Bar Step: PreInitialization - Minecraft took 0.000s
[13:29:59] [Client thread/TRACE] [FML]: Sending event FMLPreInitializationEvent to mod mcp
[13:29:59] [Client thread/TRACE] [FML]: Sent event FMLPreInitializationEvent to mod mcp
[13:29:59] [Client thread/DEBUG] [FML]: Bar Step: PreInitialization - Minecraft Coder Pack took 0.000s
[13:29:59] [Client thread/TRACE] [FML]: Sending event FMLPreInitializationEvent to mod FML
[13:29:59] [Client thread/TRACE] [FML]: Sent event FMLPreInitializationEvent to mod FML
[13:29:59] [Client thread/DEBUG] [FML]: Bar Step: PreInitialization - Forge Mod Loader took 0.000s
[13:29:59] [Client thread/TRACE] [FML]: Sending event FMLPreInitializationEvent to mod forge
[13:29:59] [Client thread/INFO] [FML]: Configured a dormant chunk cache size of 0
[13:29:59] [Client thread/TRACE] [FML]: Sent event FMLPreInitializationEvent to mod forge
[13:29:59] [Client thread/DEBUG] [FML]: Bar Step: PreInitialization - Minecraft Forge took 0.021s
[13:29:59] [Client thread/TRACE] [FML]: Sending event FMLPreInitializationEvent to mod crafttweaker
[13:29:59] [Forge Version Check/INFO] [forge.VersionCheck]: [forge] Starting version check at http://files.minecraftforge.net/maven/net/minecraftforge/forge/promotions_slim.json
[13:29:59] [Client thread/TRACE] [FML]: Sent event FMLPreInitializationEvent to mod crafttweaker
[13:29:59] [Client thread/DEBUG] [FML]: Bar Step: PreInitialization - CraftTweaker2 took 0.167s
[13:29:59] [Client thread/TRACE] [FML]: Sending event FMLPreInitializationEvent to mod ctgui
[13:29:59] [Client thread/TRACE] [FML]: Sent event FMLPreInitializationEvent to mod ctgui
[13:29:59] [Client thread/DEBUG] [FML]: Bar Step: PreInitialization - CT-GUI took 0.006s
[13:29:59] [Client thread/TRACE] [FML]: Sending event FMLPreInitializationEvent to mod jei
[13:29:59] [Client thread/TRACE] [FML]: Sent event FMLPreInitializationEvent to mod jei
[13:29:59] [Client thread/DEBUG] [FML]: Bar Step: PreInitialization - Just Enough Items took 0.083s
[13:29:59] [Client thread/TRACE] [FML]: Sending event FMLPreInitializationEvent to mod crafttweakerjei
[13:29:59] [Client thread/TRACE] [FML]: Sent event FMLPreInitializationEvent to mod crafttweakerjei
[13:29:59] [Client thread/DEBUG] [FML]: Bar Step: PreInitialization - CraftTweaker JEI Support took 0.000s
[13:29:59] [Client thread/TRACE] [FML]: Sending event FMLPreInitializationEvent to mod adversity
[13:29:59] [Client thread/INFO] [adversity]: Adversity Pre-Initialization
[13:29:59] [Client thread/INFO] [adversity]: Adversity Capabilities registered
[13:29:59] [Client thread/INFO] [adversity]: Progression Event Handler initialized
[13:29:59] [Client thread/INFO] [adversity]: Initializing Affix Registry
[13:29:59] [Client thread/DEBUG] [adversity]: Registered affix: adversity:fiery
[13:29:59] [Client thread/DEBUG] [adversity]: Registered affix: adversity:frosty
[13:29:59] [Client thread/DEBUG] [adversity]: Registered affix: adversity:withering
[13:29:59] [Client thread/DEBUG] [adversity]: Registered affix: adversity:reaper
[13:29:59] [Client thread/DEBUG] [adversity]: Registered affix: adversity:blunt
[13:29:59] [Client thread/DEBUG] [adversity]: Registered affix: adversity:giant_slayer
[13:29:59] [Client thread/DEBUG] [adversity]: Registered affix: adversity:shield_breaker
[13:29:59] [Client thread/DEBUG] [adversity]: Registered affix: adversity:bloodthirst
[13:29:59] [Client thread/DEBUG] [adversity]: Registered affix: adversity:avarice
[13:29:59] [Client thread/DEBUG] [adversity]: Registered affix: adversity:greed
[13:29:59] [Client thread/DEBUG] [adversity]: Registered affix: adversity:tetanus
[13:29:59] [Client thread/DEBUG] [adversity]: Registered affix: adversity:unclean
[13:29:59] [Client thread/DEBUG] [adversity]: Registered affix: adversity:vampiric
[13:29:59] [Client thread/DEBUG] [adversity]: Registered affix: adversity:reflective
[13:29:59] [Client thread/DEBUG] [adversity]: Registered affix: adversity:regenerating
[13:29:59] [Client thread/DEBUG] [adversity]: Registered affix: adversity:hero
[13:29:59] [Client thread/DEBUG] [adversity]: Registered affix: adversity:divine
[13:29:59] [Client thread/DEBUG] [adversity]: Registered affix: adversity:outer_god
[13:29:59] [Client thread/DEBUG] [adversity]: Registered affix: adversity:reversal
[13:29:59] [Client thread/DEBUG] [adversity]: Registered affix: adversity:fortified
[13:29:59] [Client thread/DEBUG] [adversity]: Registered affix: adversity:thorny
[13:29:59] [Client thread/DEBUG] [adversity]: Registered affix: adversity:hardened
[13:29:59] [Client thread/DEBUG] [adversity]: Registered affix: adversity:shedding
[13:29:59] [Client thread/DEBUG] [adversity]: Registered affix: adversity:symbiotic
[13:29:59] [Client thread/DEBUG] [adversity]: Registered affix: adversity:antimagic
[13:29:59] [Client thread/DEBUG] [adversity]: Registered affix: adversity:adaptive
[13:29:59] [Client thread/DEBUG] [adversity]: Registered affix: adversity:haste
[13:29:59] [Client thread/DEBUG] [adversity]: Registered affix: adversity:blinding
[13:29:59] [Client thread/DEBUG] [adversity]: Registered affix: adversity:gravity
[13:29:59] [Client thread/DEBUG] [adversity]: Registered affix: adversity:oblivion
[13:29:59] [Client thread/DEBUG] [adversity]: Registered affix: adversity:purifier
[13:29:59] [Client thread/DEBUG] [adversity]: Registered affix: adversity:disenchant
[13:29:59] [Client thread/DEBUG] [adversity]: Registered affix: adversity:shackle
[13:29:59] [Client thread/DEBUG] [adversity]: Registered affix: adversity:divest
[13:29:59] [Client thread/DEBUG] [adversity]: Registered affix: adversity:teleporting
[13:29:59] [Client thread/DEBUG] [adversity]: Registered affix: adversity:splitting
[13:29:59] [Client thread/DEBUG] [adversity]: Registered affix: adversity:horror
[13:29:59] [Client thread/DEBUG] [adversity]: Registered affix: adversity:ascension
[13:29:59] [Client thread/DEBUG] [adversity]: Registered affix: adversity:annihilate
[13:29:59] [Client thread/DEBUG] [adversity]: Registered affix: adversity:black_swan
[13:29:59] [Client thread/DEBUG] [adversity]: Registered affix: adversity:black_friday
[13:29:59] [Client thread/DEBUG] [adversity]: Registered affix: adversity:black_coffin
[13:29:59] [Client thread/DEBUG] [adversity]: Registered affix: adversity:nightmare
[13:29:59] [Client thread/INFO] [adversity]: Affix Registry initialized with 43 affixes
[13:29:59] [Client thread/INFO] [adversity]: Initializing Ritual System...
[13:29:59] [Client thread/INFO] [adversity]: Built-in rituals disabled by config. Ritual registration delegated to CRT/external mods.
[13:29:59] [Client thread/INFO] [adversity]: Network packets registered
[13:29:59] [Client thread/INFO] [adversity]: Capability, Affix Registry, Progression and Network initialized
[13:29:59] [Client thread/TRACE] [FML]: Sent event FMLPreInitializationEvent to mod adversity
[13:29:59] [Client thread/DEBUG] [FML]: Bar Step: PreInitialization - Adversity took 0.121s
[13:29:59] [Client thread/TRACE] [FML]: Sending event FMLPreInitializationEvent to mod baubles
[13:29:59] [Client thread/TRACE] [FML]: Sent event FMLPreInitializationEvent to mod baubles
[13:29:59] [Client thread/DEBUG] [FML]: Bar Step: PreInitialization - Baubles took 0.028s
[13:29:59] [Client thread/TRACE] [FML]: Sending event FMLPreInitializationEvent to mod worldedit
[13:29:59] [Client thread/TRACE] [FML]: Sent event FMLPreInitializationEvent to mod worldedit
[13:29:59] [Client thread/DEBUG] [FML]: Bar Step: PreInitialization - WorldEdit took 0.017s
[13:29:59] [Client thread/DEBUG] [FML]: Bar Finished: PreInitialization took 0.445s
[13:29:59] [Client thread/INFO] [adversity]: Registering Adversity blocks...
[13:29:59] [Client thread/INFO] [adversity]: Adversity blocks registered
[13:29:59] [Client thread/INFO] [FML]: Applying holder lookups
[13:29:59] [Client thread/DEBUG] [FML]: Unable to lookup adversity:light_amulet for public static net.minecraft.item.Item com.adversity.item.ItemRegistry.LIGHT_AMULET. This means the object wasn't registered. It's likely just mod options.
[13:29:59] [Client thread/DEBUG] [FML]: Unable to lookup adversity:guardian_soul for public static net.minecraft.item.Item com.adversity.item.ItemRegistry.GUARDIAN_SOUL. This means the object wasn't registered. It's likely just mod options.
[13:29:59] [Client thread/DEBUG] [FML]: Unable to lookup adversity:courage_charm for public static net.minecraft.item.Item com.adversity.item.ItemRegistry.COURAGE_CHARM. This means the object wasn't registered. It's likely just mod options.
[13:29:59] [Client thread/DEBUG] [FML]: Unable to lookup adversity:sanctuary_compass for public static net.minecraft.item.Item com.adversity.item.ItemRegistry.SANCTUARY_COMPASS. This means the object wasn't registered. It's likely just mod options.
[13:29:59] [Client thread/DEBUG] [FML]: Unable to lookup adversity:spatial_anchor for public static net.minecraft.item.Item com.adversity.item.ItemRegistry.SPATIAL_ANCHOR. This means the object wasn't registered. It's likely just mod options.
[13:29:59] [Client thread/DEBUG] [FML]: Unable to lookup adversity:wither_mark for public static net.minecraft.item.Item com.adversity.item.ItemRegistry.WITHER_MARK. This means the object wasn't registered. It's likely just mod options.
[13:29:59] [Client thread/DEBUG] [FML]: Unable to lookup adversity:armor_pierce for public static net.minecraft.item.Item com.adversity.item.ItemRegistry.ARMOR_PIERCE. This means the object wasn't registered. It's likely just mod options.
[13:29:59] [Client thread/DEBUG] [FML]: Unable to lookup adversity:affix_lens for public static net.minecraft.item.Item com.adversity.item.ItemRegistry.AFFIX_LENS. This means the object wasn't registered. It's likely just mod options.
[13:29:59] [Client thread/DEBUG] [FML]: Unable to lookup adversity:temporal_watch for public static net.minecraft.item.Item com.adversity.item.ItemRegistry.TEMPORAL_WATCH. This means the object wasn't registered. It's likely just mod options.
[13:29:59] [Client thread/DEBUG] [FML]: Unable to lookup adversity:true_crystal for public static net.minecraft.item.Item com.adversity.item.ItemRegistry.TRUE_CRYSTAL. This means the object wasn't registered. It's likely just mod options.
[13:29:59] [Client thread/DEBUG] [FML]: Unable to lookup adversity:entropy for public static net.minecraft.item.Item com.adversity.item.ItemRegistry.ENTROPY. This means the object wasn't registered. It's likely just mod options.
[13:29:59] [Client thread/DEBUG] [FML]: Unable to lookup adversity:redemption_heart for public static net.minecraft.item.Item com.adversity.item.ItemRegistry.REDEMPTION_HEART. This means the object wasn't registered. It's likely just mod options.
[13:29:59] [Client thread/DEBUG] [FML]: Unable to lookup adversity:soulbound for public static net.minecraft.enchantment.Enchantment com.adversity.enchantment.EnchantmentRegistry.SOULBOUND. This means the object wasn't registered. It's likely just mod options.
[13:29:59] [Client thread/DEBUG] [FML]: Unable to lookup adversity:void_heart for public static net.minecraft.item.Item com.adversity.item.ItemRegistry.VOID_HEART. This means the object wasn't registered. It's likely just mod options.
[13:29:59] [Client thread/DEBUG] [FML]: Unable to lookup adversity:affix_guide for public static net.minecraft.item.Item com.adversity.item.ItemRegistry.AFFIX_GUIDE. This means the object wasn't registered. It's likely just mod options.
[13:29:59] [Client thread/DEBUG] [FML]: Unable to lookup adversity:bloodrage_emblem for public static net.minecraft.item.Item com.adversity.item.ItemRegistry.BLOODRAGE_EMBLEM. This means the object wasn't registered. It's likely just mod options.
[13:29:59] [Client thread/DEBUG] [FML]: Unable to lookup adversity:breaker for public static net.minecraft.enchantment.Enchantment com.adversity.enchantment.EnchantmentRegistry.BREAKER. This means the object wasn't registered. It's likely just mod options.
[13:29:59] [Client thread/DEBUG] [FML]: Unable to lookup adversity:clarity_lens for public static net.minecraft.item.Item com.adversity.item.ItemRegistry.CLARITY_LENS. This means the object wasn't registered. It's likely just mod options.
[13:29:59] [Client thread/DEBUG] [FML]: Unable to lookup adversity:immunity_badge for public static net.minecraft.item.Item com.adversity.item.ItemRegistry.IMMUNITY_BADGE. This means the object wasn't registered. It's likely just mod options.
[13:29:59] [Client thread/DEBUG] [FML]: Unable to lookup adversity:soul_chain for public static net.minecraft.item.Item com.adversity.item.ItemRegistry.SOUL_CHAIN. This means the object wasn't registered. It's likely just mod options.
[13:29:59] [Client thread/DEBUG] [FML]: Unable to lookup adversity:calm_dust for public static net.minecraft.item.Item com.adversity.item.ItemRegistry.CALM_DUST. This means the object wasn't registered. It's likely just mod options.
[13:29:59] [Client thread/DEBUG] [FML]: Unable to lookup adversity:resolute_will for public static net.minecraft.enchantment.Enchantment com.adversity.enchantment.EnchantmentRegistry.RESOLUTE_WILL. This means the object wasn't registered. It's likely just mod options.
[13:29:59] [Client thread/DEBUG] [FML]: Unable to lookup adversity:flame_ward for public static net.minecraft.item.Item com.adversity.item.ItemRegistry.FLAME_WARD. This means the object wasn't registered. It's likely just mod options.
[13:29:59] [Client thread/DEBUG] [FML]: Unable to lookup adversity:phantom_cloak for public static net.minecraft.item.Item com.adversity.item.ItemRegistry.PHANTOM_CLOAK. This means the object wasn't registered. It's likely just mod options.
[13:29:59] [Client thread/DEBUG] [FML]: Unable to lookup adversity:enchant_guardian for public static net.minecraft.item.Item com.adversity.item.ItemRegistry.ENCHANT_GUARDIAN. This means the object wasn't registered. It's likely just mod options.
[13:29:59] [Client thread/DEBUG] [FML]: Unable to lookup adversity:frost_ward for public static net.minecraft.item.Item com.adversity.item.ItemRegistry.FROST_WARD. This means the object wasn't registered. It's likely just mod options.
[13:29:59] [Client thread/DEBUG] [FML]: Unable to lookup adversity:affix_essence for public static net.minecraft.item.Item com.adversity.item.ItemRegistry.AFFIX_ESSENCE. This means the object wasn't registered. It's likely just mod options.
[13:29:59] [Client thread/DEBUG] [FML]: Unable to lookup adversity:redemption_tear for public static net.minecraft.item.Item com.adversity.item.ItemRegistry.REDEMPTION_TEAR. This means the object wasn't registered. It's likely just mod options.
[13:29:59] [Client thread/DEBUG] [FML]: Unable to lookup adversity:guardian_heart for public static net.minecraft.item.Item com.adversity.item.ItemRegistry.GUARDIAN_HEART. This means the object wasn't registered. It's likely just mod options.
[13:29:59] [Client thread/DEBUG] [FML]: Unable to lookup adversity:anchor_stone for public static net.minecraft.item.Item com.adversity.item.ItemRegistry.ANCHOR_STONE. This means the object wasn't registered. It's likely just mod options.
[13:29:59] [Client thread/DEBUG] [FML]: Unable to lookup adversity:soul_seal_dust for public static net.minecraft.item.Item com.adversity.item.ItemRegistry.SOUL_SEAL_DUST. This means the object wasn't registered. It's likely just mod options.
[13:29:59] [Client thread/DEBUG] [FML]: Unable to lookup baubles:ring for public static net.minecraft.item.Item baubles.common.items.ItemRing.RING. This means the object wasn't registered. It's likely just mod options.
[13:29:59] [Client thread/DEBUG] [FML]: Unable to lookup adversity:affix_crystal for public static net.minecraft.item.Item com.adversity.item.ItemRegistry.AFFIX_CRYSTAL. This means the object wasn't registered. It's likely just mod options.
[13:29:59] [Client thread/DEBUG] [FML]: Unable to lookup adversity:corrosion_bane for public static net.minecraft.item.Item com.adversity.item.ItemRegistry.CORROSION_BANE. This means the object wasn't registered. It's likely just mod options.
[13:29:59] [Client thread/DEBUG] [FML]: Unable to lookup adversity:balance_charm for public static net.minecraft.item.Item com.adversity.item.ItemRegistry.BALANCE_CHARM. This means the object wasn't registered. It's likely just mod options.
[13:29:59] [Client thread/DEBUG] [FML]: Unable to lookup adversity:redemption_key for public static net.minecraft.item.Item com.adversity.item.ItemRegistry.REDEMPTION_KEY. This means the object wasn't registered. It's likely just mod options.
[13:29:59] [Client thread/DEBUG] [FML]: Unable to lookup adversity:difficulty_detector for public static net.minecraft.item.Item com.adversity.item.ItemRegistry.DIFFICULTY_DETECTOR. This means the object wasn't registered. It's likely just mod options.
[13:29:59] [Client thread/DEBUG] [FML]: Unable to lookup adversity:thunder_ring for public static net.minecraft.item.Item com.adversity.item.ItemRegistry.THUNDER_RING. This means the object wasn't registered. It's likely just mod options.
[13:29:59] [Client thread/DEBUG] [FML]: Unable to lookup adversity:aegis_medal for public static net.minecraft.item.Item com.adversity.item.ItemRegistry.AEGIS_MEDAL. This means the object wasn't registered. It's likely just mod options.
[13:29:59] [Client thread/DEBUG] [FML]: Unable to lookup adversity:purifying_touch for public static net.minecraft.enchantment.Enchantment com.adversity.enchantment.EnchantmentRegistry.PURIFYING_TOUCH. This means the object wasn't registered. It's likely just mod options.
[13:29:59] [Client thread/DEBUG] [FML]: Unable to lookup adversity:enchant_gating_tool for public static net.minecraft.item.Item com.adversity.item.ItemRegistry.ENCHANT_GATING_TOOL. This means the object wasn't registered. It's likely just mod options.
[13:29:59] [Client thread/DEBUG] [FML]: Unable to lookup adversity:void_shard for public static net.minecraft.item.Item com.adversity.item.ItemRegistry.VOID_SHARD. This means the object wasn't registered. It's likely just mod options.
[13:29:59] [Client thread/DEBUG] [FML]: Unable to lookup adversity:anchor_heart for public static net.minecraft.item.Item com.adversity.item.ItemRegistry.ANCHOR_HEART. This means the object wasn't registered. It's likely just mod options.
[13:29:59] [Client thread/DEBUG] [FML]: Unable to lookup adversity:sealed_token for public static net.minecraft.item.Item com.adversity.item.ItemRegistry.SEALED_TOKEN. This means the object wasn't registered. It's likely just mod options.
[13:29:59] [Client thread/DEBUG] [FML]: Unable to lookup adversity:purify_badge for public static net.minecraft.item.Item com.adversity.item.ItemRegistry.PURIFY_BADGE. This means the object wasn't registered. It's likely just mod options.
[13:29:59] [Client thread/DEBUG] [FML]: Unable to lookup adversity:entropy_affinity for public static net.minecraft.enchantment.Enchantment com.adversity.enchantment.EnchantmentRegistry.ENTROPY_AFFINITY. This means the object wasn't registered. It's likely just mod options.
[13:29:59] [Client thread/DEBUG] [FML]: Unable to lookup adversity:memory_crystal for public static net.minecraft.item.Item com.adversity.item.ItemRegistry.MEMORY_CRYSTAL. This means the object wasn't registered. It's likely just mod options.
[13:29:59] [Client thread/DEBUG] [FML]: Unable to lookup adversity:barrier_ward for public static net.minecraft.item.Item com.adversity.item.ItemRegistry.BARRIER_WARD. This means the object wasn't registered. It's likely just mod options.
[13:29:59] [Client thread/INFO] [FML]: Holder lookups applied
[13:29:59] [Client thread/INFO] [adversity]: Registering Adversity items...
[13:29:59] [Client thread/INFO] [adversity]: Adversity items registered
[13:29:59] [Client thread/INFO] [FML]: Applying holder lookups
[13:29:59] [Client thread/DEBUG] [FML]: Unable to lookup adversity:soulbound for public static net.minecraft.enchantment.Enchantment com.adversity.enchantment.EnchantmentRegistry.SOULBOUND. This means the object wasn't registered. It's likely just mod options.
[13:29:59] [Client thread/DEBUG] [FML]: Unable to lookup adversity:breaker for public static net.minecraft.enchantment.Enchantment com.adversity.enchantment.EnchantmentRegistry.BREAKER. This means the object wasn't registered. It's likely just mod options.
[13:29:59] [Client thread/DEBUG] [FML]: Unable to lookup adversity:resolute_will for public static net.minecraft.enchantment.Enchantment com.adversity.enchantment.EnchantmentRegistry.RESOLUTE_WILL. This means the object wasn't registered. It's likely just mod options.
[13:29:59] [Client thread/DEBUG] [FML]: Unable to lookup adversity:purifying_touch for public static net.minecraft.enchantment.Enchantment com.adversity.enchantment.EnchantmentRegistry.PURIFYING_TOUCH. This means the object wasn't registered. It's likely just mod options.
[13:29:59] [Client thread/DEBUG] [FML]: Unable to lookup adversity:entropy_affinity for public static net.minecraft.enchantment.Enchantment com.adversity.enchantment.EnchantmentRegistry.ENTROPY_AFFINITY. This means the object wasn't registered. It's likely just mod options.
[13:29:59] [Client thread/INFO] [FML]: Holder lookups applied
[13:29:59] [Client thread/INFO] [adversity]: Registering Adversity enchantments...
[13:29:59] [Client thread/INFO] [adversity]: Adversity enchantments registered
[13:29:59] [Client thread/INFO] [adversity]: [Adversity] Registered potions
[13:29:59] [Client thread/INFO] [FML]: Applying holder lookups
[13:29:59] [Client thread/INFO] [FML]: Holder lookups applied
[13:29:59] [Client thread/INFO] [FML]: Applying holder lookups
[13:29:59] [Client thread/INFO] [FML]: Holder lookups applied
[13:29:59] [Client thread/INFO] [FML]: Injecting itemstacks
[13:29:59] [Client thread/INFO] [FML]: Itemstack injection complete
[13:29:59] [Client thread/DEBUG] [FML]: Bar Finished: Loading Resource - TextureManager took 0.000s
[13:30:00] [Thread-3/INFO] [FML]: Using sync timing. 200 frames of Display.update took 369946596 nanos
[13:30:00] [Forge Version Check/DEBUG] [forge.VersionCheck]: [forge] Received version check data:
{
  "homepage": "https://files.minecraftforge.net/net/minecraftforge/forge/",
  "promos": {
    "1.1-latest": "1.3.4.29",
    "1.2.3-latest": "1.4.1.64",
    "1.2.4-latest": "2.0.0.68",
    "1.2.5-latest": "3.4.9.171",
    "1.3.2-latest": "4.3.5.318",
    "1.4.0-latest": "5.0.0.326",
    "1.4.1-latest": "6.0.0.329",
    "1.4.2-latest": "6.0.1.355",
    "1.4.3-latest": "6.2.1.358",
    "1.4.4-latest": "6.3.0.378",
    "1.4.5-latest": "6.4.2.448",
    "1.4.6-latest": "6.5.0.489",
    "1.4.7-latest": "6.6.2.534",
    "1.5-latest": "7.7.0.598",
    "1.5.1-latest": "7.7.2.682",
    "1.5.2-latest": "7.8.1.738",
    "1.5.2-recommended": "7.8.1.738",
    "1.6.1-latest": "8.9.0.775",
    "1.6.2-latest": "9.10.1.871",
    "1.6.2-recommended": "9.10.1.871",
    "1.6.3-latest": "9.11.0.878",
    "1.6.4-latest": "9.11.1.1345",
    "1.6.4-recommended": "9.11.1.1345",
    "1.7.2-latest": "10.12.2.1161",
    "1.7.2-recommended": "10.12.2.1161",
    "1.7.10-latest": "10.13.4.1614",
    "1.7.10-recommended": "10.13.4.1614",
    "1.8-latest": "11.14.4.1577",
    "1.8-recommended": "11.14.4.1563",
    "1.8.8-latest": "11.15.0.1655",
    "1.8.9-latest": "11.15.1.2318",
    "1.8.9-recommended": "11.15.1.2318",
    "1.9-latest": "12.16.1.1938",
    "1.9-recommended": "12.16.1.1887",
    "1.9.4-latest": "12.17.0.2317",
    "1.9.4-recommended": "12.17.0.2317",
    "1.10-latest": "12.18.0.2000",
    "1.10.2-latest": "12.18.3.2511",
    "1.10.2-recommended": "12.18.3.2511",
    "1.11-latest": "13.19.1.2199",
    "1.11-recommended": "13.19.1.2189",
    "1.11.2-latest": "13.20.1.2588",
    "1.11.2-recommended": "13.20.1.2588",
    "1.12-latest": "14.21.1.2443",
    "1.12-recommended": "14.21.1.2387",
    "1.12.1-latest": "14.22.1.2485",
    "1.12.1-recommended": "14.22.1.2478",
    "1.12.2-latest": "14.23.5.2864",
    "1.12.2-recommended": "14.23.5.2859",
    "1.13.2-latest": "25.0.223",
    "1.14.2-latest": "26.0.63",
    "1.14.3-latest": "27.0.60",
    "1.14.4-latest": "28.2.28",
    "1.14.4-recommended": "28.2.26",
    "1.15-latest": "29.0.4",
    "1.15.1-latest": "30.0.51",
    "1.15.2-latest": "31.2.60",
    "1.15.2-recommended": "31.2.57",
    "1.16.1-latest": "32.0.108",
    "1.16.2-latest": "33.0.61",
    "1.16.3-latest": "34.1.42",
    "1.16.3-recommended": "34.1.0",
    "1.16.4-latest": "35.1.37",
    "1.16.4-recommended": "35.1.4",
    "1.16.5-latest": "36.2.42",
    "1.16.5-recommended": "36.2.34",
    "1.17.1-latest": "37.1.1",
    "1.17.1-recommended": "37.1.1",
    "1.18-latest": "38.0.17",
    "1.18.1-latest": "39.1.2",
    "1.18.1-recommended": "39.1.0",
    "1.18.2-recommended": "40.3.0",
    "1.18.2-latest": "40.3.12",
    "1.19-latest": "41.1.0",
    "1.19-recommended": "41.1.0",
    "1.19.1-latest": "42.0.9",
    "1.19.2-recommended": "43.5.0",
    "1.19.2-latest": "43.5.2",
    "1.19.3-latest": "44.1.23",
    "1.19.3-recommended": "44.1.0",
    "1.19.4-recommended": "45.4.0",
    "1.19.4-latest": "45.4.3",
    "1.20-latest": "46.0.14",
    "1.20.1-recommended": "47.4.10",
    "1.20.1-latest": "47.4.16",
    "1.20.2-latest": "48.1.0",
    "1.20.2-recommended": "48.1.0",
    "1.20.3-latest": "49.0.2",
    "1.20.4-latest": "49.2.4",
    "1.20.4-recommended": "49.2.0",
    "1.20.6-latest": "50.2.4",
    "1.20.6-recommended": "50.2.0",
    "1.21-latest": "51.0.33",
    "1.21.1-latest": "52.1.10",
    "1.21.1-recommended": "52.1.0",
    "1.21.3-latest": "53.1.7",
    "1.21.3-recommended": "53.1.0",
    "1.21.4-latest": "54.1.13",
    "1.21.4-recommended": "54.1.0",
    "1.21.5-latest": "55.1.7",
    "1.21.5-recommended": "55.1.0",
    "1.21.6-latest": "56.0.9",
    "1.21.7-latest": "57.0.3",
    "1.21.8-latest": "58.1.14",
    "1.21.8-recommended": "58.1.0",
    "1.21.9-latest": "59.0.5",
    "1.21.10-latest": "60.1.8",
    "1.21.10-recommended": "60.1.0",
    "1.21.11-latest": "61.1.1",
    "1.21.11-recommended": "61.1.0"
  }
}
[13:30:00] [Forge Version Check/INFO] [forge.VersionCheck]: [forge] Found status: OUTDATED Target: 14.23.5.2859
[13:30:00] [Forge Version Check/INFO] [forge.VersionCheck]: [crafttweaker] Starting version check at https://updates.blamejared.com/get?n=crafttweaker&gv=1.12.2
[13:30:00] [Client thread/DEBUG] [FML]: Bar Finished: Loading sounds took 0.914s
[13:30:00] [Client thread/DEBUG] [FML]: Bar Finished: Loading Resource - SoundHandler took 0.923s
[13:30:00] [Sound Library Loader/INFO] [net.minecraft.client.audio.SoundManager]: Starting up SoundSystem...
[13:30:00] [Client thread/DEBUG] [FML]: Bar Finished: Loading Resource - FontRenderer took 0.002s
[13:30:00] [Client thread/DEBUG] [FML]: Bar Finished: Loading Resource - FontRenderer took 0.001s
[13:30:00] [Client thread/DEBUG] [FML]: Bar Finished: Loading Resource - GrassColorReloadListener took 0.003s
[13:30:00] [Client thread/DEBUG] [FML]: Bar Finished: Loading Resource - FoliageColorReloadListener took 0.003s
[13:30:00] [Client thread/DEBUG] [FML]: Bar Step: Rendering Setup - GL Setup took 0.000s
[13:30:00] [Client thread/DEBUG] [FML]: Bar Step: Rendering Setup - Loading Texture Map took 0.000s
[13:30:00] [Client thread/DEBUG] [FML]: Bar Finished: Loading Resource - B3DLoader took 0.000s
[13:30:00] [Client thread/DEBUG] [FML]: Bar Finished: Loading Resource - OBJLoader took 0.000s
[13:30:00] [Client thread/DEBUG] [FML]: Bar Finished: Loading Resource - ModelFluid$FluidLoader took 0.000s
[13:30:00] [Client thread/DEBUG] [FML]: Bar Finished: Loading Resource - ItemLayerModel$Loader took 0.000s
[13:30:00] [Client thread/DEBUG] [FML]: Bar Finished: Loading Resource - MultiLayerModel$Loader took 0.000s
[13:30:00] [Client thread/DEBUG] [FML]: Bar Finished: Loading Resource - ModelDynBucket$LoaderDynBucket took 0.000s
[13:30:01] [Thread-6/INFO] [net.minecraft.client.audio.SoundManager]: Initializing LWJGL OpenAL
[13:30:01] [Thread-6/INFO] [net.minecraft.client.audio.SoundManager]: (The LWJGL binding of OpenAL.  For more information, see http://www.lwjgl.org)
[13:30:01] [Thread-6/INFO] [net.minecraft.client.audio.SoundManager]: OpenAL initialized.
[13:30:01] [Sound Library Loader/INFO] [net.minecraft.client.audio.SoundManager]: Sound engine started
[13:30:01] [Client thread/DEBUG] [FML]: Bar Finished: ModelLoader: blocks took 0.950s
[13:30:02] [Client thread/DEBUG] [FML]: Bar Finished: ModelLoader: items took 0.543s
[13:30:02] [Client thread/INFO] [FML]: Max texture size: 16384
[13:30:02] [Client thread/WARN] [net.minecraft.client.renderer.texture.TextureMap]: Texture adversity:textures/items/phantom_cloak.png with size 500x500 will have visual artifacts at mip level 4, it can only support level 2. Please report to the mod author that the texture should be some multiple of 16x16.
[13:30:02] [Client thread/WARN] [net.minecraft.client.renderer.texture.TextureMap]: Texture adversity:textures/items/sealed_token.png with size 500x500 will have visual artifacts at mip level 4, it can only support level 2. Please report to the mod author that the texture should be some multiple of 16x16.
[13:30:02] [Forge Version Check/DEBUG] [forge.VersionCheck]: [crafttweaker] Received version check data:
{"homepage":"https://www.curseforge.com/minecraft/mc-mods/crafttweaker","promos":{"1.12.2-latest":"1.12-4.1.20.711"}}
[13:30:02] [Forge Version Check/INFO] [forge.VersionCheck]: [crafttweaker] Found status: BETA Target: null
[13:30:02] [Client thread/WARN] [net.minecraft.client.renderer.texture.TextureMap]: Texture adversity:textures/items/spatial_anchor.png with size 500x500 will have visual artifacts at mip level 4, it can only support level 2. Please report to the mod author that the texture should be some multiple of 16x16.
[13:30:02] [Client thread/WARN] [net.minecraft.client.renderer.texture.TextureMap]: Texture adversity:textures/items/calm_dust.png with size 500x500 will have visual artifacts at mip level 4, it can only support level 2. Please report to the mod author that the texture should be some multiple of 16x16.
[13:30:02] [Client thread/WARN] [net.minecraft.client.renderer.texture.TextureMap]: Texture adversity:textures/items/corrosion_bane.png with size 500x500 will have visual artifacts at mip level 4, it can only support level 2. Please report to the mod author that the texture should be some multiple of 16x16.
[13:30:02] [Client thread/WARN] [net.minecraft.client.renderer.texture.TextureMap]: Texture adversity:textures/items/soul_seal_dust.png with size 500x500 will have visual artifacts at mip level 4, it can only support level 2. Please report to the mod author that the texture should be some multiple of 16x16.
[13:30:03] [Client thread/WARN] [net.minecraft.client.renderer.texture.TextureMap]: Texture adversity:textures/items/entropy_core.png with size 500x500 will have visual artifacts at mip level 4, it can only support level 2. Please report to the mod author that the texture should be some multiple of 16x16.
[13:30:03] [Client thread/WARN] [net.minecraft.client.renderer.texture.TextureMap]: Texture adversity:textures/items/enchant_guardian.png with size 500x500 will have visual artifacts at mip level 4, it can only support level 2. Please report to the mod author that the texture should be some multiple of 16x16.
[13:30:03] [Client thread/WARN] [net.minecraft.client.renderer.texture.TextureMap]: Texture adversity:textures/items/affix_lens.png with size 500x500 will have visual artifacts at mip level 4, it can only support level 2. Please report to the mod author that the texture should be some multiple of 16x16.
[13:30:03] [Client thread/WARN] [net.minecraft.client.renderer.texture.TextureMap]: Texture adversity:textures/items/frost_ward.png with size 500x500 will have visual artifacts at mip level 4, it can only support level 2. Please report to the mod author that the texture should be some multiple of 16x16.
[13:30:03] [Client thread/WARN] [net.minecraft.client.renderer.texture.TextureMap]: Texture adversity:textures/items/courage_charm.png with size 500x500 will have visual artifacts at mip level 4, it can only support level 2. Please report to the mod author that the texture should be some multiple of 16x16.
[13:30:03] [Client thread/WARN] [net.minecraft.client.renderer.texture.TextureMap]: Texture adversity:textures/items/affix_guide.png with size 500x500 will have visual artifacts at mip level 4, it can only support level 2. Please report to the mod author that the texture should be some multiple of 16x16.
[13:30:03] [Client thread/WARN] [net.minecraft.client.renderer.texture.TextureMap]: Texture adversity:textures/items/entropy_shard.png with size 500x500 will have visual artifacts at mip level 4, it can only support level 2. Please report to the mod author that the texture should be some multiple of 16x16.
[13:30:03] [Client thread/WARN] [net.minecraft.client.renderer.texture.TextureMap]: Texture adversity:textures/items/flame_ward.png with size 500x500 will have visual artifacts at mip level 4, it can only support level 2. Please report to the mod author that the texture should be some multiple of 16x16.
[13:30:03] [Client thread/WARN] [net.minecraft.client.renderer.texture.TextureMap]: Texture adversity:textures/items/void_shard.png with size 500x500 will have visual artifacts at mip level 4, it can only support level 2. Please report to the mod author that the texture should be some multiple of 16x16.
[13:30:03] [Client thread/WARN] [net.minecraft.client.renderer.texture.TextureMap]: Texture adversity:textures/items/light_amulet.png with size 500x500 will have visual artifacts at mip level 4, it can only support level 2. Please report to the mod author that the texture should be some multiple of 16x16.
[13:30:03] [Client thread/WARN] [net.minecraft.client.renderer.texture.TextureMap]: Texture adversity:textures/items/affix_crystal.png with size 500x500 will have visual artifacts at mip level 4, it can only support level 2. Please report to the mod author that the texture should be some multiple of 16x16.
[13:30:03] [Client thread/WARN] [net.minecraft.client.renderer.texture.TextureMap]: Texture adversity:textures/items/anchor_stone.png with size 500x500 will have visual artifacts at mip level 4, it can only support level 2. Please report to the mod author that the texture should be some multiple of 16x16.
[13:30:03] [Client thread/WARN] [net.minecraft.client.renderer.texture.TextureMap]: Texture adversity:textures/items/difficulty_detector.png with size 500x500 will have visual artifacts at mip level 4, it can only support level 2. Please report to the mod author that the texture should be some multiple of 16x16.
[13:30:03] [Client thread/WARN] [net.minecraft.client.renderer.texture.TextureMap]: Texture adversity:textures/items/entropy_crystal.png with size 500x500 will have visual artifacts at mip level 4, it can only support level 2. Please report to the mod author that the texture should be some multiple of 16x16.
[13:30:03] [Client thread/WARN] [net.minecraft.client.renderer.texture.TextureMap]: Texture adversity:textures/items/balance_charm.png with size 500x500 will have visual artifacts at mip level 4, it can only support level 2. Please report to the mod author that the texture should be some multiple of 16x16.
[13:30:03] [Client thread/WARN] [net.minecraft.client.renderer.texture.TextureMap]: Texture adversity:textures/items/memory_crystal.png with size 500x500 will have visual artifacts at mip level 4, it can only support level 2. Please report to the mod author that the texture should be some multiple of 16x16.
[13:30:04] [Client thread/WARN] [net.minecraft.client.renderer.texture.TextureMap]: Texture adversity:textures/items/affix_essence.png with size 500x500 will have visual artifacts at mip level 4, it can only support level 2. Please report to the mod author that the texture should be some multiple of 16x16.
[13:30:04] [Client thread/WARN] [net.minecraft.client.renderer.texture.TextureMap]: Texture adversity:textures/items/redemption_key.png with size 500x500 will have visual artifacts at mip level 4, it can only support level 2. Please report to the mod author that the texture should be some multiple of 16x16.
[13:30:04] [Client thread/WARN] [net.minecraft.client.renderer.texture.TextureMap]: Texture adversity:textures/items/redemption_heart.png with size 500x500 will have visual artifacts at mip level 4, it can only support level 2. Please report to the mod author that the texture should be some multiple of 16x16.
[13:30:04] [Client thread/WARN] [net.minecraft.client.renderer.texture.TextureMap]: Texture adversity:textures/items/guardian_heart.png with size 500x500 will have visual artifacts at mip level 4, it can only support level 2. Please report to the mod author that the texture should be some multiple of 16x16.
[13:30:04] [Client thread/WARN] [net.minecraft.client.renderer.texture.TextureMap]: Texture adversity:textures/items/clarity_lens.png with size 500x500 will have visual artifacts at mip level 4, it can only support level 2. Please report to the mod author that the texture should be some multiple of 16x16.
[13:30:04] [Client thread/WARN] [net.minecraft.client.renderer.texture.TextureMap]: Texture adversity:textures/items/immunity_badge.png with size 500x500 will have visual artifacts at mip level 4, it can only support level 2. Please report to the mod author that the texture should be some multiple of 16x16.
[13:30:04] [Client thread/DEBUG] [FML]: Bar Finished: Texture stitching took 1.625s
[13:30:04] [Client thread/DEBUG] [FML]: Bar Finished: Texture stitching took 0.011s
[13:30:04] [Client thread/INFO] [net.minecraft.client.renderer.texture.TextureMap]: Created: 8192x4096 textures-atlas
[13:30:04] [Client thread/DEBUG] [FML]: Bar Finished: Texture creation took 0.014s
[13:30:04] [Client thread/DEBUG] [FML]: Bar Finished: Texture mipmap and upload took 0.081s
[13:30:04] [Client thread/DEBUG] [FML]: Bar Finished: ModelLoader: baking took 0.371s
[13:30:04] [Client thread/DEBUG] [FML]: Bar Finished: Loading Resource - ModelManager took 3.649s
[13:30:04] [Client thread/DEBUG] [FML]: Bar Step: Rendering Setup - Loading Model Manager took 3.658s
[13:30:04] [Client thread/DEBUG] [FML]: Bar Finished: Loading Resource - RenderItem took 0.004s
[13:30:04] [Client thread/DEBUG] [FML]: Bar Step: Rendering Setup - Loading Item Renderer took 0.076s
[13:30:04] [Client thread/DEBUG] [FML]: Bar Finished: Loading Resource - EntityRenderer took 0.000s
[13:30:04] [Client thread/DEBUG] [FML]: Bar Finished: Loading Resource - BlockRendererDispatcher took 0.000s
[13:30:04] [Client thread/DEBUG] [FML]: Bar Finished: Loading Resource - RenderGlobal took 0.000s
[13:30:04] [Client thread/DEBUG] [FML]: Bar Finished: Loading Resource - SearchTreeManager took 0.030s
[13:30:04] [Client thread/DEBUG] [FML]: Bar Step: Rendering Setup - Loading Entity Renderer took 0.157s
[13:30:04] [Client thread/DEBUG] [FML]: Bar Finished: Rendering Setup took 3.892s
[13:30:04] [Client thread/ERROR] [FML]: Parsing error loading recipe adversity:phantom_cloak
com.google.gson.JsonSyntaxException: Unknown item 'minecraft:phantom_membrane'
	at net.minecraftforge.common.crafting.CraftingHelper.getItemStackBasic(CraftingHelper.java:262) ~[CraftingHelper.class:?]
	at net.minecraftforge.common.crafting.CraftingHelper.lambda$init$16(CraftingHelper.java:544) ~[CraftingHelper.class:?]
	at net.minecraftforge.common.crafting.CraftingHelper.getIngredient(CraftingHelper.java:204) ~[CraftingHelper.class:?]
	at net.minecraftforge.common.crafting.CraftingHelper.lambda$init$14(CraftingHelper.java:481) ~[CraftingHelper.class:?]
	at net.minecraftforge.common.crafting.CraftingHelper.getRecipe(CraftingHelper.java:416) ~[CraftingHelper.class:?]
	at net.minecraftforge.common.crafting.CraftingHelper.lambda$loadRecipes$22(CraftingHelper.java:723) ~[CraftingHelper.class:?]
	at net.minecraftforge.common.crafting.CraftingHelper.findFiles(CraftingHelper.java:833) ~[CraftingHelper.class:?]
	at net.minecraftforge.common.crafting.CraftingHelper.loadRecipes(CraftingHelper.java:688) ~[CraftingHelper.class:?]
	at java.util.ArrayList.forEach(ArrayList.java:1259) [?:1.8.0_472]
	at net.minecraftforge.common.crafting.CraftingHelper.loadRecipes(CraftingHelper.java:633) [CraftingHelper.class:?]
	at net.minecraftforge.fml.common.Loader.initializeMods(Loader.java:747) [Loader.class:?]
	at net.minecraftforge.fml.client.FMLClientHandler.finishMinecraftLoading(FMLClientHandler.java:336) [FMLClientHandler.class:?]
	at net.minecraft.client.Minecraft.init(Minecraft.java:582) [Minecraft.class:?]
	at net.minecraft.client.Minecraft.run(Minecraft.java:422) [Minecraft.class:?]
	at net.minecraft.client.main.Main.main(Main.java:118) [Main.class:?]
	at sun.reflect.NativeMethodAccessorImpl.invoke0(Native Method) ~[?:1.8.0_472]
	at sun.reflect.NativeMethodAccessorImpl.invoke(NativeMethodAccessorImpl.java:62) ~[?:1.8.0_472]
	at sun.reflect.DelegatingMethodAccessorImpl.invoke(DelegatingMethodAccessorImpl.java:43) ~[?:1.8.0_472]
	at java.lang.reflect.Method.invoke(Method.java:498) ~[?:1.8.0_472]
	at net.minecraft.launchwrapper.Launch.launch(Launch.java:135) [launchwrapper-1.12.jar:?]
	at net.minecraft.launchwrapper.Launch.main(Launch.java:28) [launchwrapper-1.12.jar:?]
	at sun.reflect.NativeMethodAccessorImpl.invoke0(Native Method) ~[?:1.8.0_472]
	at sun.reflect.NativeMethodAccessorImpl.invoke(NativeMethodAccessorImpl.java:62) ~[?:1.8.0_472]
	at sun.reflect.DelegatingMethodAccessorImpl.invoke(DelegatingMethodAccessorImpl.java:43) ~[?:1.8.0_472]
	at java.lang.reflect.Method.invoke(Method.java:498) ~[?:1.8.0_472]
	at net.minecraftforge.gradle.GradleStartCommon.launch(GradleStartCommon.java:97) [start/:?]
	at GradleStart.main(GradleStart.java:25) [start/:?]
[13:30:04] [Client thread/ERROR] [FML]: Parsing error loading recipe adversity:memory_crystal
com.google.gson.JsonSyntaxException: Unknown item 'minecraft:lapis_lazuli'
	at net.minecraftforge.common.crafting.CraftingHelper.getItemStackBasic(CraftingHelper.java:262) ~[CraftingHelper.class:?]
	at net.minecraftforge.common.crafting.CraftingHelper.lambda$init$16(CraftingHelper.java:544) ~[CraftingHelper.class:?]
	at net.minecraftforge.common.crafting.CraftingHelper.getIngredient(CraftingHelper.java:204) ~[CraftingHelper.class:?]
	at net.minecraftforge.common.crafting.CraftingHelper.lambda$init$14(CraftingHelper.java:481) ~[CraftingHelper.class:?]
	at net.minecraftforge.common.crafting.CraftingHelper.getRecipe(CraftingHelper.java:416) ~[CraftingHelper.class:?]
	at net.minecraftforge.common.crafting.CraftingHelper.lambda$loadRecipes$22(CraftingHelper.java:723) ~[CraftingHelper.class:?]
	at net.minecraftforge.common.crafting.CraftingHelper.findFiles(CraftingHelper.java:833) ~[CraftingHelper.class:?]
	at net.minecraftforge.common.crafting.CraftingHelper.loadRecipes(CraftingHelper.java:688) ~[CraftingHelper.class:?]
	at java.util.ArrayList.forEach(ArrayList.java:1259) [?:1.8.0_472]
	at net.minecraftforge.common.crafting.CraftingHelper.loadRecipes(CraftingHelper.java:633) [CraftingHelper.class:?]
	at net.minecraftforge.fml.common.Loader.initializeMods(Loader.java:747) [Loader.class:?]
	at net.minecraftforge.fml.client.FMLClientHandler.finishMinecraftLoading(FMLClientHandler.java:336) [FMLClientHandler.class:?]
	at net.minecraft.client.Minecraft.init(Minecraft.java:582) [Minecraft.class:?]
	at net.minecraft.client.Minecraft.run(Minecraft.java:422) [Minecraft.class:?]
	at net.minecraft.client.main.Main.main(Main.java:118) [Main.class:?]
	at sun.reflect.NativeMethodAccessorImpl.invoke0(Native Method) ~[?:1.8.0_472]
	at sun.reflect.NativeMethodAccessorImpl.invoke(NativeMethodAccessorImpl.java:62) ~[?:1.8.0_472]
	at sun.reflect.DelegatingMethodAccessorImpl.invoke(DelegatingMethodAccessorImpl.java:43) ~[?:1.8.0_472]
	at java.lang.reflect.Method.invoke(Method.java:498) ~[?:1.8.0_472]
	at net.minecraft.launchwrapper.Launch.launch(Launch.java:135) [launchwrapper-1.12.jar:?]
	at net.minecraft.launchwrapper.Launch.main(Launch.java:28) [launchwrapper-1.12.jar:?]
	at sun.reflect.NativeMethodAccessorImpl.invoke0(Native Method) ~[?:1.8.0_472]
	at sun.reflect.NativeMethodAccessorImpl.invoke(NativeMethodAccessorImpl.java:62) ~[?:1.8.0_472]
	at sun.reflect.DelegatingMethodAccessorImpl.invoke(DelegatingMethodAccessorImpl.java:43) ~[?:1.8.0_472]
	at java.lang.reflect.Method.invoke(Method.java:498) ~[?:1.8.0_472]
	at net.minecraftforge.gradle.GradleStartCommon.launch(GradleStartCommon.java:97) [start/:?]
	at GradleStart.main(GradleStart.java:25) [start/:?]
[13:30:04] [Client thread/ERROR] [FML]: Parsing error loading recipe adversity:enchant_guardian
com.google.gson.JsonSyntaxException: Unknown item 'minecraft:lapis_lazuli'
	at net.minecraftforge.common.crafting.CraftingHelper.getItemStackBasic(CraftingHelper.java:262) ~[CraftingHelper.class:?]
	at net.minecraftforge.common.crafting.CraftingHelper.lambda$init$16(CraftingHelper.java:544) ~[CraftingHelper.class:?]
	at net.minecraftforge.common.crafting.CraftingHelper.getIngredient(CraftingHelper.java:204) ~[CraftingHelper.class:?]
	at net.minecraftforge.common.crafting.CraftingHelper.lambda$init$14(CraftingHelper.java:481) ~[CraftingHelper.class:?]
	at net.minecraftforge.common.crafting.CraftingHelper.getRecipe(CraftingHelper.java:416) ~[CraftingHelper.class:?]
	at net.minecraftforge.common.crafting.CraftingHelper.lambda$loadRecipes$22(CraftingHelper.java:723) ~[CraftingHelper.class:?]
	at net.minecraftforge.common.crafting.CraftingHelper.findFiles(CraftingHelper.java:833) ~[CraftingHelper.class:?]
	at net.minecraftforge.common.crafting.CraftingHelper.loadRecipes(CraftingHelper.java:688) ~[CraftingHelper.class:?]
	at java.util.ArrayList.forEach(ArrayList.java:1259) [?:1.8.0_472]
	at net.minecraftforge.common.crafting.CraftingHelper.loadRecipes(CraftingHelper.java:633) [CraftingHelper.class:?]
	at net.minecraftforge.fml.common.Loader.initializeMods(Loader.java:747) [Loader.class:?]
	at net.minecraftforge.fml.client.FMLClientHandler.finishMinecraftLoading(FMLClientHandler.java:336) [FMLClientHandler.class:?]
	at net.minecraft.client.Minecraft.init(Minecraft.java:582) [Minecraft.class:?]
	at net.minecraft.client.Minecraft.run(Minecraft.java:422) [Minecraft.class:?]
	at net.minecraft.client.main.Main.main(Main.java:118) [Main.class:?]
	at sun.reflect.NativeMethodAccessorImpl.invoke0(Native Method) ~[?:1.8.0_472]
	at sun.reflect.NativeMethodAccessorImpl.invoke(NativeMethodAccessorImpl.java:62) ~[?:1.8.0_472]
	at sun.reflect.DelegatingMethodAccessorImpl.invoke(DelegatingMethodAccessorImpl.java:43) ~[?:1.8.0_472]
	at java.lang.reflect.Method.invoke(Method.java:498) ~[?:1.8.0_472]
	at net.minecraft.launchwrapper.Launch.launch(Launch.java:135) [launchwrapper-1.12.jar:?]
	at net.minecraft.launchwrapper.Launch.main(Launch.java:28) [launchwrapper-1.12.jar:?]
	at sun.reflect.NativeMethodAccessorImpl.invoke0(Native Method) ~[?:1.8.0_472]
	at sun.reflect.NativeMethodAccessorImpl.invoke(NativeMethodAccessorImpl.java:62) ~[?:1.8.0_472]
	at sun.reflect.DelegatingMethodAccessorImpl.invoke(DelegatingMethodAccessorImpl.java:43) ~[?:1.8.0_472]
	at java.lang.reflect.Method.invoke(Method.java:498) ~[?:1.8.0_472]
	at net.minecraftforge.gradle.GradleStartCommon.launch(GradleStartCommon.java:97) [start/:?]
	at GradleStart.main(GradleStart.java:25) [start/:?]
[13:30:05] [Client thread/DEBUG] [adversity]: Registered multi-input ritual: five_gem_fusion (5 inputs)
[13:30:05] [Client thread/DEBUG] [adversity]: Registered multi-input ritual: four_element_merge (4 inputs)
[13:30:05] [Client thread/DEBUG] [adversity]: Registered multi-input ritual: triple_ore_refine (3 inputs)
[13:30:05] [Client thread/DEBUG] [adversity]: Registered multi-input ritual: dual_crystal_forge (2 inputs)
[13:30:05] [Client thread/DEBUG] [adversity]: Registered ritual: simple_convert (cost=100, req=null, reward=null, cmd=no)
[13:30:05] [Client thread/INFO] [FML]: Applying holder lookups
[13:30:05] [Client thread/INFO] [FML]: Holder lookups applied
[13:30:05] [Client thread/TRACE] [FML]: Sending event FMLInitializationEvent to mod minecraft
[13:30:05] [Client thread/TRACE] [FML]: Sent event FMLInitializationEvent to mod minecraft
[13:30:05] [Client thread/DEBUG] [FML]: Bar Step: Initialization - Minecraft took 0.002s
[13:30:05] [Client thread/TRACE] [FML]: Sending event FMLInitializationEvent to mod mcp
[13:30:05] [Client thread/TRACE] [FML]: Sent event FMLInitializationEvent to mod mcp
[13:30:05] [Client thread/DEBUG] [FML]: Bar Step: Initialization - Minecraft Coder Pack took 0.000s
[13:30:05] [Client thread/TRACE] [FML]: Sending event FMLInitializationEvent to mod FML
[13:30:05] [Client thread/TRACE] [FML]: Sent event FMLInitializationEvent to mod FML
[13:30:05] [Client thread/DEBUG] [FML]: Bar Step: Initialization - Forge Mod Loader took 0.000s
[13:30:05] [Client thread/TRACE] [FML]: Sending event FMLInitializationEvent to mod forge
[13:30:05] [Client thread/TRACE] [FML]: Sent event FMLInitializationEvent to mod forge
[13:30:05] [Client thread/DEBUG] [FML]: Bar Step: Initialization - Minecraft Forge took 0.000s
[13:30:05] [Client thread/TRACE] [FML]: Sending event FMLInitializationEvent to mod crafttweaker
[13:30:05] [Client thread/DEBUG] [FML]: Bar Finished: Loading Resource - ClientProxy$$Lambda$211/2030624383 took 0.000s
[13:30:05] [Client thread/TRACE] [FML]: Sent event FMLInitializationEvent to mod crafttweaker
[13:30:05] [Client thread/DEBUG] [FML]: Bar Step: Initialization - CraftTweaker2 took 0.001s
[13:30:05] [Client thread/TRACE] [FML]: Sending event FMLInitializationEvent to mod ctgui
[13:30:05] [Client thread/TRACE] [FML]: Sent event FMLInitializationEvent to mod ctgui
[13:30:05] [Client thread/DEBUG] [FML]: Bar Step: Initialization - CT-GUI took 0.000s
[13:30:05] [Client thread/TRACE] [FML]: Sending event FMLInitializationEvent to mod jei
[13:30:05] [Client thread/DEBUG] [FML]: Bar Finished: Texture stitching took 0.001s
[13:30:05] [Client thread/DEBUG] [FML]: Bar Finished: Texture stitching took 0.000s
[13:30:05] [Client thread/INFO] [jei]: Created: 256x128 textures-atlas
[13:30:05] [Client thread/DEBUG] [FML]: Bar Finished: Texture creation took 0.001s
[13:30:05] [Client thread/DEBUG] [FML]: Bar Finished: Texture mipmap and upload took 0.005s
[13:30:05] [Client thread/TRACE] [FML]: Sent event FMLInitializationEvent to mod jei
[13:30:05] [Client thread/DEBUG] [FML]: Bar Step: Initialization - Just Enough Items took 0.009s
[13:30:05] [Client thread/TRACE] [FML]: Sending event FMLInitializationEvent to mod crafttweakerjei
[13:30:05] [Client thread/TRACE] [FML]: Sent event FMLInitializationEvent to mod crafttweakerjei
[13:30:05] [Client thread/DEBUG] [FML]: Bar Step: Initialization - CraftTweaker JEI Support took 0.011s
[13:30:05] [Client thread/TRACE] [FML]: Sending event FMLInitializationEvent to mod adversity
[13:30:05] [Client thread/INFO] [adversity]: Adversity Initialization
[13:30:05] [Client thread/DEBUG] [adversity]: Registered difficulty provider: distance
[13:30:05] [Client thread/DEBUG] [adversity]: Registered difficulty provider: time
[13:30:05] [Client thread/INFO] [adversity]: Difficulty Manager initialized with 2 providers
[13:30:05] [Client thread/INFO] [adversity]: === Adversity Scaling Configuration ===
[13:30:05] [Client thread/INFO] [adversity]: Health: LINEAR (rate=0.12, max=0.0)
[13:30:05] [Client thread/INFO] [adversity]: Damage: LINEAR (rate=0.03, max=0.0)
[13:30:05] [Client thread/INFO] [adversity]: Armor: LINEAR (rate=0.5, max=30.0)
[13:30:05] [Client thread/INFO] [adversity]: DR: SIGMOID (rate=0.05, max=0.5)
[13:30:05] [Client thread/INFO] [adversity]: --- Sample Values (Difficulty 10, 20, 50) ---
[13:30:05] [Client thread/INFO] [adversity]: Diff 10: HP=2.2x, DMG=1.3x, Armor=+5.0, DR=19.7%
[13:30:05] [Client thread/INFO] [adversity]: Diff 20: HP=3.4x, DMG=1.6x, Armor=+10.0, DR=31.6%
[13:30:05] [Client thread/INFO] [adversity]: Diff 50: HP=7.0x, DMG=2.5x, Armor=+25.0, DR=45.9%
[13:30:05] [Client thread/DEBUG] [adversity]: [Adversity] Registered ritual effect: adversity:purge_curse
[13:30:05] [Client thread/DEBUG] [adversity]: [Adversity] Registered ritual effect: adversity:awakening
[13:30:05] [Client thread/INFO] [adversity]: Built-in special ritual effects registered (purge_curse, awakening)
[13:30:05] [Client thread/INFO] [adversity]: Event handlers registered
[13:30:05] [Client thread/INFO] [adversity]: Client handlers registered
[13:30:05] [Client thread/INFO] [adversity]: [Adversity] Stage gating loaded from JSON: 0 items, 0 enchantments, 0 dimensions, 0 entities, 0 biomes
[13:30:05] [Client thread/INFO] [adversity]: [Adversity] No rituals defined in rituals.json
[13:30:05] [Client thread/TRACE] [FML]: Sent event FMLInitializationEvent to mod adversity
[13:30:05] [Client thread/DEBUG] [FML]: Bar Step: Initialization - Adversity took 0.075s
[13:30:05] [Client thread/TRACE] [FML]: Sending event FMLInitializationEvent to mod baubles
[13:30:05] [Client thread/TRACE] [FML]: Sent event FMLInitializationEvent to mod baubles
[13:30:05] [Client thread/DEBUG] [FML]: Bar Step: Initialization - Baubles took 0.003s
[13:30:05] [Client thread/TRACE] [FML]: Sending event FMLInitializationEvent to mod worldedit
[13:30:05] [Client thread/TRACE] [FML]: Sent event FMLInitializationEvent to mod worldedit
[13:30:05] [Client thread/DEBUG] [FML]: Bar Step: Initialization - WorldEdit took 0.009s
[13:30:05] [Client thread/DEBUG] [FML]: Bar Finished: Initialization took 0.109s
[13:30:05] [Client thread/TRACE] [FML]: Attempting to deliver 0 IMC messages to mod minecraft
[13:30:05] [Client thread/TRACE] [FML]: Sending event IMCEvent to mod minecraft
[13:30:05] [Client thread/TRACE] [FML]: Sent event IMCEvent to mod minecraft
[13:30:05] [Client thread/DEBUG] [FML]: Bar Step: InterModComms$IMC - Minecraft took 0.000s
[13:30:05] [Client thread/TRACE] [FML]: Attempting to deliver 0 IMC messages to mod mcp
[13:30:05] [Client thread/TRACE] [FML]: Sending event IMCEvent to mod mcp
[13:30:05] [Client thread/TRACE] [FML]: Sent event IMCEvent to mod mcp
[13:30:05] [Client thread/DEBUG] [FML]: Bar Step: InterModComms$IMC - Minecraft Coder Pack took 0.000s
[13:30:05] [Client thread/TRACE] [FML]: Attempting to deliver 0 IMC messages to mod FML
[13:30:05] [Client thread/TRACE] [FML]: Sending event IMCEvent to mod FML
[13:30:05] [Client thread/TRACE] [FML]: Sent event IMCEvent to mod FML
[13:30:05] [Client thread/DEBUG] [FML]: Bar Step: InterModComms$IMC - Forge Mod Loader took 0.000s
[13:30:05] [Client thread/TRACE] [FML]: Attempting to deliver 0 IMC messages to mod forge
[13:30:05] [Client thread/TRACE] [FML]: Sending event IMCEvent to mod forge
[13:30:05] [Client thread/TRACE] [FML]: Sent event IMCEvent to mod forge
[13:30:05] [Client thread/DEBUG] [FML]: Bar Step: InterModComms$IMC - Minecraft Forge took 0.000s
[13:30:05] [Client thread/TRACE] [FML]: Attempting to deliver 0 IMC messages to mod crafttweaker
[13:30:05] [Client thread/TRACE] [FML]: Sending event IMCEvent to mod crafttweaker
[13:30:05] [Client thread/TRACE] [FML]: Sent event IMCEvent to mod crafttweaker
[13:30:05] [Client thread/DEBUG] [FML]: Bar Step: InterModComms$IMC - CraftTweaker2 took 0.000s
[13:30:05] [Client thread/TRACE] [FML]: Attempting to deliver 0 IMC messages to mod ctgui
[13:30:05] [Client thread/TRACE] [FML]: Sending event IMCEvent to mod ctgui
[13:30:05] [Client thread/TRACE] [FML]: Sent event IMCEvent to mod ctgui
[13:30:05] [Client thread/DEBUG] [FML]: Bar Step: InterModComms$IMC - CT-GUI took 0.000s
[13:30:05] [Client thread/TRACE] [FML]: Attempting to deliver 0 IMC messages to mod jei
[13:30:05] [Client thread/TRACE] [FML]: Sending event IMCEvent to mod jei
[13:30:05] [Client thread/TRACE] [FML]: Sent event IMCEvent to mod jei
[13:30:05] [Client thread/DEBUG] [FML]: Bar Step: InterModComms$IMC - Just Enough Items took 0.000s
[13:30:05] [Client thread/TRACE] [FML]: Attempting to deliver 0 IMC messages to mod crafttweakerjei
[13:30:05] [Client thread/TRACE] [FML]: Sending event IMCEvent to mod crafttweakerjei
[13:30:05] [Client thread/TRACE] [FML]: Sent event IMCEvent to mod crafttweakerjei
[13:30:05] [Client thread/DEBUG] [FML]: Bar Step: InterModComms$IMC - CraftTweaker JEI Support took 0.000s
[13:30:05] [Client thread/TRACE] [FML]: Attempting to deliver 0 IMC messages to mod adversity
[13:30:05] [Client thread/TRACE] [FML]: Sending event IMCEvent to mod adversity
[13:30:05] [Client thread/TRACE] [FML]: Sent event IMCEvent to mod adversity
[13:30:05] [Client thread/DEBUG] [FML]: Bar Step: InterModComms$IMC - Adversity took 0.000s
[13:30:05] [Client thread/TRACE] [FML]: Attempting to deliver 0 IMC messages to mod baubles
[13:30:05] [Client thread/TRACE] [FML]: Sending event IMCEvent to mod baubles
[13:30:05] [Client thread/TRACE] [FML]: Sent event IMCEvent to mod baubles
[13:30:05] [Client thread/DEBUG] [FML]: Bar Step: InterModComms$IMC - Baubles took 0.000s
[13:30:05] [Client thread/TRACE] [FML]: Attempting to deliver 0 IMC messages to mod worldedit
[13:30:05] [Client thread/TRACE] [FML]: Sending event IMCEvent to mod worldedit
[13:30:05] [Client thread/TRACE] [FML]: Sent event IMCEvent to mod worldedit
[13:30:05] [Client thread/DEBUG] [FML]: Bar Step: InterModComms$IMC - WorldEdit took 0.000s
[13:30:05] [Client thread/DEBUG] [FML]: Bar Finished: InterModComms$IMC took 0.001s
[13:30:05] [Client thread/INFO] [FML]: Injecting itemstacks
[13:30:05] [Client thread/INFO] [FML]: Itemstack injection complete
[13:30:05] [Client thread/TRACE] [FML]: Sending event FMLPostInitializationEvent to mod minecraft
[13:30:05] [Client thread/TRACE] [FML]: Sent event FMLPostInitializationEvent to mod minecraft
[13:30:05] [Client thread/DEBUG] [FML]: Bar Step: PostInitialization - Minecraft took 0.000s
[13:30:05] [Client thread/TRACE] [FML]: Sending event FMLPostInitializationEvent to mod mcp
[13:30:05] [Client thread/TRACE] [FML]: Sent event FMLPostInitializationEvent to mod mcp
[13:30:05] [Client thread/DEBUG] [FML]: Bar Step: PostInitialization - Minecraft Coder Pack took 0.000s
[13:30:05] [Client thread/TRACE] [FML]: Sending event FMLPostInitializationEvent to mod FML
[13:30:05] [Client thread/TRACE] [FML]: Sent event FMLPostInitializationEvent to mod FML
[13:30:05] [Client thread/DEBUG] [FML]: Bar Step: PostInitialization - Forge Mod Loader took 0.000s
[13:30:05] [Client thread/TRACE] [FML]: Sending event FMLPostInitializationEvent to mod forge
[13:30:05] [Client thread/TRACE] [FML]: Sent event FMLPostInitializationEvent to mod forge
[13:30:05] [Client thread/DEBUG] [FML]: Bar Step: PostInitialization - Minecraft Forge took 0.003s
[13:30:05] [Client thread/TRACE] [FML]: Sending event FMLPostInitializationEvent to mod crafttweaker
[13:30:05] [Client thread/DEBUG] [FML]: Bar Finished: Applying remove recipes without ingredients action - Removing recipes for various outputs took 0.001s
[13:30:05] [Client thread/TRACE] [FML]: Sent event FMLPostInitializationEvent to mod crafttweaker
[13:30:05] [Client thread/DEBUG] [FML]: Bar Step: PostInitialization - CraftTweaker2 took 0.003s
[13:30:05] [Client thread/TRACE] [FML]: Sending event FMLPostInitializationEvent to mod ctgui
[13:30:05] [Client thread/TRACE] [FML]: Sent event FMLPostInitializationEvent to mod ctgui
[13:30:05] [Client thread/DEBUG] [FML]: Bar Step: PostInitialization - CT-GUI took 0.000s
[13:30:05] [Client thread/TRACE] [FML]: Sending event FMLPostInitializationEvent to mod jei
[13:30:05] [Client thread/TRACE] [FML]: Sent event FMLPostInitializationEvent to mod jei
[13:30:05] [Client thread/DEBUG] [FML]: Bar Step: PostInitialization - Just Enough Items took 0.000s
[13:30:05] [Client thread/TRACE] [FML]: Sending event FMLPostInitializationEvent to mod crafttweakerjei
[13:30:05] [Client thread/TRACE] [FML]: Sent event FMLPostInitializationEvent to mod crafttweakerjei
[13:30:05] [Client thread/DEBUG] [FML]: Bar Step: PostInitialization - CraftTweaker JEI Support took 0.000s
[13:30:05] [Client thread/TRACE] [FML]: Sending event FMLPostInitializationEvent to mod adversity
[13:30:05] [Client thread/INFO] [adversity]: Adversity Post-Initialization
[13:30:05] [Client thread/INFO] [adversity]: Adversity loaded successfully
[13:30:05] [Client thread/TRACE] [FML]: Sent event FMLPostInitializationEvent to mod adversity
[13:30:05] [Client thread/DEBUG] [FML]: Bar Step: PostInitialization - Adversity took 0.000s
[13:30:05] [Client thread/TRACE] [FML]: Sending event FMLPostInitializationEvent to mod baubles
[13:30:05] [Client thread/TRACE] [FML]: Sent event FMLPostInitializationEvent to mod baubles
[13:30:05] [Client thread/DEBUG] [FML]: Bar Step: PostInitialization - Baubles took 0.000s
[13:30:05] [Client thread/TRACE] [FML]: Sending event FMLPostInitializationEvent to mod worldedit
[13:30:05] [Client thread/INFO] [worldedit]: WorldEdit for Forge (version 6.1.10-SNAPSHOT) is loaded
[13:30:05] [Client thread/TRACE] [FML]: Sent event FMLPostInitializationEvent to mod worldedit
[13:30:05] [Client thread/DEBUG] [FML]: Bar Step: PostInitialization - WorldEdit took 0.001s
[13:30:05] [Client thread/DEBUG] [FML]: Bar Finished: PostInitialization took 0.007s
[13:30:05] [Client thread/TRACE] [FML]: Sending event FMLLoadCompleteEvent to mod minecraft
[13:30:05] [Client thread/TRACE] [FML]: Sent event FMLLoadCompleteEvent to mod minecraft
[13:30:05] [Client thread/DEBUG] [FML]: Bar Step: LoadComplete - Minecraft took 0.000s
[13:30:05] [Client thread/TRACE] [FML]: Sending event FMLLoadCompleteEvent to mod mcp
[13:30:05] [Client thread/TRACE] [FML]: Sent event FMLLoadCompleteEvent to mod mcp
[13:30:05] [Client thread/DEBUG] [FML]: Bar Step: LoadComplete - Minecraft Coder Pack took 0.000s
[13:30:05] [Client thread/TRACE] [FML]: Sending event FMLLoadCompleteEvent to mod FML
[13:30:05] [Client thread/TRACE] [FML]: Sent event FMLLoadCompleteEvent to mod FML
[13:30:05] [Client thread/DEBUG] [FML]: Bar Step: LoadComplete - Forge Mod Loader took 0.000s
[13:30:05] [Client thread/TRACE] [FML]: Sending event FMLLoadCompleteEvent to mod forge
[13:30:05] [Client thread/DEBUG] [FML]: Forge RecipeSorter Baking:
[13:30:05] [Client thread/DEBUG] [FML]:   16: RecipeEntry("Before", UNKNOWN, )
[13:30:05] [Client thread/DEBUG] [FML]:   15: RecipeEntry("minecraft:shaped", SHAPED, net.minecraft.item.crafting.ShapedRecipes) Before: minecraft:shapeless
[13:30:05] [Client thread/DEBUG] [FML]:   14: RecipeEntry("forge:shapedore", SHAPED, net.minecraftforge.oredict.ShapedOreRecipe) Before: minecraft:shapeless After: minecraft:shaped
[13:30:05] [Client thread/DEBUG] [FML]:   13: RecipeEntry("minecraft:mapextending", SHAPED, net.minecraft.item.crafting.RecipesMapExtending) Before: minecraft:shapeless After: minecraft:shaped
[13:30:05] [Client thread/DEBUG] [FML]:   12: RecipeEntry("minecraft:shapeless", SHAPELESS, net.minecraft.item.crafting.ShapelessRecipes) After: minecraft:shaped
[13:30:05] [Client thread/DEBUG] [FML]:   11: RecipeEntry("minecraft:repair", SHAPELESS, net.minecraft.item.crafting.RecipeRepairItem) After: minecraft:shapeless
[13:30:05] [Client thread/DEBUG] [FML]:   10: RecipeEntry("minecraft:shield_deco", SHAPELESS, net.minecraft.item.crafting.ShieldRecipes$Decoration) After: minecraft:shapeless
[13:30:05] [Client thread/DEBUG] [FML]:   9: RecipeEntry("minecraft:armordyes", SHAPELESS, net.minecraft.item.crafting.RecipesArmorDyes) After: minecraft:shapeless
[13:30:05] [Client thread/DEBUG] [FML]:   8: RecipeEntry("minecraft:fireworks", SHAPELESS, net.minecraft.item.crafting.RecipeFireworks) After: minecraft:shapeless
[13:30:05] [Client thread/DEBUG] [FML]:   7: RecipeEntry("minecraft:pattern_dupe", SHAPELESS, net.minecraft.item.crafting.RecipesBanners$RecipeDuplicatePattern) After: minecraft:shapeless
[13:30:05] [Client thread/DEBUG] [FML]:   6: RecipeEntry("minecraft:tippedarrow", SHAPELESS, net.minecraft.item.crafting.RecipeTippedArrow) After: minecraft:shapeless
[13:30:05] [Client thread/DEBUG] [FML]:   5: RecipeEntry("minecraft:mapcloning", SHAPELESS, net.minecraft.item.crafting.RecipesMapCloning) After: minecraft:shapeless
[13:30:05] [Client thread/DEBUG] [FML]:   4: RecipeEntry("forge:shapelessore", SHAPELESS, net.minecraftforge.oredict.ShapelessOreRecipe) After: minecraft:shapeless
[13:30:05] [Client thread/DEBUG] [FML]:   3: RecipeEntry("minecraft:pattern_add", SHAPELESS, net.minecraft.item.crafting.RecipesBanners$RecipeAddPattern) After: minecraft:shapeless
[13:30:05] [Client thread/DEBUG] [FML]:   2: RecipeEntry("minecraft:bookcloning", SHAPELESS, net.minecraft.item.crafting.RecipeBookCloning) After: minecraft:shapeless
[13:30:05] [Client thread/DEBUG] [FML]:   1: RecipeEntry("After", UNKNOWN, )
[13:30:05] [Client thread/DEBUG] [FML]: Sorting recipes
[13:30:05] [Client thread/TRACE] [FML]: Sent event FMLLoadCompleteEvent to mod forge
[13:30:05] [Client thread/DEBUG] [FML]: Bar Step: LoadComplete - Minecraft Forge took 0.003s
[13:30:05] [Client thread/TRACE] [FML]: Sending event FMLLoadCompleteEvent to mod crafttweaker
[13:30:05] [Client thread/TRACE] [FML]: Sent event FMLLoadCompleteEvent to mod crafttweaker
[13:30:05] [Client thread/DEBUG] [FML]: Bar Step: LoadComplete - CraftTweaker2 took 0.049s
[13:30:05] [Client thread/TRACE] [FML]: Sending event FMLLoadCompleteEvent to mod ctgui
[13:30:05] [Client thread/TRACE] [FML]: Sent event FMLLoadCompleteEvent to mod ctgui
[13:30:05] [Client thread/DEBUG] [FML]: Bar Step: LoadComplete - CT-GUI took 0.000s
[13:30:05] [Client thread/TRACE] [FML]: Sending event FMLLoadCompleteEvent to mod jei
[13:30:05] [Client thread/DEBUG] [FML]: Bar Finished: Loading Resource - ProxyCommonClient$$Lambda$220/2085965800 took 0.000s
[13:30:05] [Client thread/INFO] [jei]: Starting JEI...
[13:30:05] [Client thread/DEBUG] [FML]: Bar Finished: Registering item subtypes took 0.002s
[13:30:05] [Client thread/DEBUG] [FML]: Bar Finished: Registering ingredients took 0.029s
[13:30:05] [Client thread/INFO] [jei]: Registering recipe categories...
[13:30:05] [Client thread/DEBUG] [jei]: Registering categories: mezz.jei.plugins.vanilla.VanillaPlugin ...
[13:30:05] [Client thread/DEBUG] [jei]: Registered  categories: mezz.jei.plugins.vanilla.VanillaPlugin in 17 ms
[13:30:05] [Client thread/DEBUG] [jei]: Registering categories: crafttweaker.mods.jei.JEIAddonPlugin ...
[13:30:05] [Client thread/DEBUG] [jei]: Registered  categories: crafttweaker.mods.jei.JEIAddonPlugin in 0 ms
[13:30:05] [Client thread/DEBUG] [jei]: Registering categories: com.adversity.integration.jei.AdversityJEIPlugin ...
[13:30:05] [Client thread/INFO] [adversity]: JEI: Registered ritual recipe category
[13:30:05] [Client thread/DEBUG] [jei]: Registered  categories: com.adversity.integration.jei.AdversityJEIPlugin in 1 ms
[13:30:05] [Client thread/DEBUG] [jei]: Registering categories: mezz.jei.plugins.jei.JEIInternalPlugin ...
[13:30:05] [Client thread/DEBUG] [jei]: Registered  categories: mezz.jei.plugins.jei.JEIInternalPlugin in 2 ms
[13:30:05] [Client thread/DEBUG] [FML]: Bar Finished: Registering categories took 0.020s
[13:30:05] [Client thread/INFO] [jei]: Registering recipe categories took 20.11 ms
[13:30:05] [Client thread/INFO] [jei]: Registering mod plugins...
[13:30:05] [Client thread/DEBUG] [jei]: Registering plugin: mezz.jei.plugins.vanilla.VanillaPlugin ...
[13:30:05] [Client thread/DEBUG] [jei]: Registered vanilla repair recipes in 1.233 ms
[13:30:05] [Client thread/DEBUG] [jei]: Registered enchantment recipes in 5.349 ms
[13:30:05] [Client thread/DEBUG] [mixin]: Mixing MixinGuiCrafting from adversity.early.mixins.json into net.minecraft.client.gui.inventory.GuiCrafting
[13:30:05] [Client thread/TRACE] [mixin]: Added class metadata for net/minecraft/util/IThreadListener to metadata cache
[13:30:05] [Client thread/TRACE] [mixin]: Added class metadata for net/minecraft/profiler/ISnooperInfo to metadata cache
[13:30:05] [Client thread/DEBUG] [mixin]: Mixing MixinGuiRepair from adversity.early.mixins.json into net.minecraft.client.gui.GuiRepair
[13:30:05] [Client thread/TRACE] [mixin]: Added class metadata for net/minecraft/item/ItemEnchantedBook to metadata cache
[13:30:05] [Client thread/TRACE] [mixin]: Added class metadata for net/minecraft/item/Item to metadata cache
[13:30:05] [Client thread/TRACE] [mixin]: Added class metadata for net/minecraftforge/registries/IForgeRegistryEntry$Impl to metadata cache
[13:30:05] [Client thread/TRACE] [mixin]: Added class metadata for net/minecraftforge/registries/IForgeRegistryEntry to metadata cache
[13:30:05] [Client thread/TRACE] [mixin]: Added class metadata for net/minecraft/nbt/NBTTagList to metadata cache
[13:30:05] [Client thread/TRACE] [mixin]: Added class metadata for net/minecraft/nbt/NBTTagCompound to metadata cache
[13:30:05] [Client thread/TRACE] [mixin]: Added class metadata for net/minecraft/enchantment/Enchantment to metadata cache
[13:30:05] [Client thread/TRACE] [mixin]: Added class metadata for com/adversity/enchantment/EnchantmentGatingHelper to metadata cache
[13:30:05] [Client thread/DEBUG] [mixin]: Mixing MixinContainerRepair from adversity.early.mixins.json into net.minecraft.inventory.ContainerRepair
[13:30:05] [Client thread/TRACE] [mixin]: Added class metadata for com/adversity/Adversity to metadata cache
[13:30:05] [Client thread/DEBUG] [jei]: Registered  plugin: mezz.jei.plugins.vanilla.VanillaPlugin in 79 ms
[13:30:05] [Client thread/DEBUG] [jei]: Registering plugin: crafttweaker.mods.jei.JEIAddonPlugin ...
[13:30:05] [Client thread/DEBUG] [jei]: Registered  plugin: crafttweaker.mods.jei.JEIAddonPlugin in 11 ms
[13:30:05] [Client thread/DEBUG] [jei]: Registering plugin: com.adversity.integration.jei.AdversityJEIPlugin ...
[13:30:05] [Client thread/INFO] [adversity]: JEI: Registered 5 ritual recipes
[13:30:05] [Client thread/DEBUG] [jei]: Registered  plugin: com.adversity.integration.jei.AdversityJEIPlugin in 2 ms
[13:30:05] [Client thread/DEBUG] [jei]: Registering plugin: mezz.jei.plugins.jei.JEIInternalPlugin ...
[13:30:05] [Client thread/DEBUG] [jei]: Registered  plugin: mezz.jei.plugins.jei.JEIInternalPlugin in 9 ms
[13:30:05] [Client thread/DEBUG] [FML]: Bar Finished: Registering plugins took 0.101s
[13:30:05] [Client thread/INFO] [jei]: Registering mod plugins took 101.3 ms
[13:30:05] [Client thread/INFO] [jei]: Building recipe registry...
[13:30:05] [Client thread/DEBUG] [mixin]: Mixing MixinJeiRecipeRegistry from adversity.late.mixins.json into mezz.jei.recipes.RecipeRegistry
[13:30:05] [Client thread/TRACE] [mixin]: Added class metadata for mezz/jei/api/recipe/IRecipeWrapper to metadata cache
[13:30:05] [Client thread/TRACE] [mixin]: Added class metadata for mezz/jei/api/ingredients/IIngredients to metadata cache
[13:30:05] [Client thread/TRACE] [mixin]: Added class metadata for mezz/jei/api/IRecipeRegistry to metadata cache
[13:30:05] [Client thread/TRACE] [mixin]: Added class metadata for mezz/jei/api/recipe/IRecipeCategory to metadata cache
[13:30:05] [Client thread/TRACE] [mixin]: Added class metadata for mezz/jei/api/recipe/IFocus to metadata cache
[13:30:05] [Client thread/TRACE] [mixin]: Added class metadata for java/lang/LinkageError to metadata cache
[13:30:05] [Client thread/TRACE] [mixin]: Added class metadata for java/lang/Error to metadata cache
[13:30:05] [Client thread/TRACE] [mixin]: Added class metadata for mezz/jei/recipes/BrokenCraftingRecipeException to metadata cache
[13:30:05] [Client thread/TRACE] [mixin]: Added class metadata for mezz/jei/gui/Focus to metadata cache
[13:30:05] [Client thread/DEBUG] [jei]: No recipe wrapper for recipe: Minecraft minecraft:armordye class net.minecraft.item.crafting.RecipesArmorDyes
[13:30:05] [Client thread/DEBUG] [jei]: No recipe wrapper for recipe: Minecraft minecraft:bookcloning class net.minecraft.item.crafting.RecipeBookCloning
[13:30:05] [Client thread/DEBUG] [jei]: No recipe wrapper for recipe: Minecraft minecraft:mapcloning class net.minecraft.item.crafting.RecipesMapCloning
[13:30:05] [Client thread/DEBUG] [jei]: No recipe wrapper for recipe: Minecraft minecraft:fireworks class net.minecraft.item.crafting.RecipeFireworks
[13:30:05] [Client thread/DEBUG] [jei]: No recipe wrapper for recipe: Minecraft minecraft:repairitem class net.minecraft.item.crafting.RecipeRepairItem
[13:30:05] [Client thread/DEBUG] [jei]: No recipe wrapper for recipe: Minecraft minecraft:tippedarrow class net.minecraft.item.crafting.RecipeTippedArrow
[13:30:05] [Client thread/DEBUG] [jei]: No recipe wrapper for recipe: Minecraft minecraft:bannerduplicate class net.minecraft.item.crafting.RecipesBanners$RecipeDuplicatePattern
[13:30:05] [Client thread/DEBUG] [jei]: No recipe wrapper for recipe: Minecraft minecraft:banneraddpattern class net.minecraft.item.crafting.RecipesBanners$RecipeAddPattern
[13:30:05] [Client thread/DEBUG] [jei]: No recipe wrapper for recipe: Minecraft minecraft:shielddecoration class net.minecraft.item.crafting.ShieldRecipes$Decoration
[13:30:05] [Client thread/DEBUG] [jei]: No recipe wrapper for recipe: Minecraft minecraft:shulkerboxcoloring class net.minecraft.item.crafting.ShulkerBoxRecipes$ShulkerBoxColoring
[13:30:05] [Client thread/DEBUG] [FML]: Bar Finished: Loading recipes took 0.016s
[13:30:05] [Client thread/INFO] [jei]: Building recipe registry took 38.65 ms
[13:30:05] [Client thread/INFO] [jei]: Building ingredient list...
[13:30:05] [Client thread/DEBUG] [FML]: Bar Finished: Registering ingredients: FluidStack took 0.003s
[13:30:05] [Client thread/DEBUG] [FML]: Bar Finished: Registering ingredients: EnchantmentData took 0.001s
[13:30:05] [Client thread/DEBUG] [FML]: Bar Finished: Registering ingredients: ItemStack took 0.003s
[13:30:05] [Client thread/INFO] [jei]: Building ingredient list took 11.41 ms
[13:30:05] [Client thread/INFO] [jei]: Building ingredient filter...
[13:30:05] [Client thread/DEBUG] [FML]: Bar Finished: Indexing ingredients took 0.058s
[13:30:05] [Client thread/INFO] [jei]: Building ingredient filter took 85.00 ms
[13:30:05] [Client thread/INFO] [jei]: Building bookmarks...
[13:30:05] [Client thread/INFO] [jei]: Building bookmarks took 6.949 ms
[13:30:05] [Client thread/INFO] [jei]: Building runtime...
[13:30:05] [Client thread/INFO] [jei]: Building runtime took 54.94 ms
[13:30:05] [Client thread/DEBUG] [jei]: Sending runtime to plugin: mezz.jei.plugins.vanilla.VanillaPlugin ...
[13:30:05] [Client thread/DEBUG] [jei]: Sending runtime to plugin: crafttweaker.mods.jei.JEIAddonPlugin ...
[13:30:05] [Client thread/DEBUG] [jei]: Sending runtime to plugin: com.adversity.integration.jei.AdversityJEIPlugin ...
[13:30:05] [Client thread/DEBUG] [jei]: Sending runtime to plugin: mezz.jei.plugins.jei.JEIInternalPlugin ...
[13:30:05] [Client thread/DEBUG] [FML]: Bar Finished: Sending Runtime took 0.000s
[13:30:05] [Client thread/INFO] [jei]: Optimizing memory usage...
[13:30:05] [Client thread/INFO] [jei]: Optimizing memory usage took 15.54 ms
[13:30:05] [Client thread/INFO] [jei]: Starting JEI took 435.1 ms
[13:30:05] [Client thread/TRACE] [FML]: Sent event FMLLoadCompleteEvent to mod jei
[13:30:05] [Client thread/DEBUG] [FML]: Bar Step: LoadComplete - Just Enough Items took 0.438s
[13:30:05] [Client thread/TRACE] [FML]: Sending event FMLLoadCompleteEvent to mod crafttweakerjei
[13:30:05] [Client thread/TRACE] [FML]: Sent event FMLLoadCompleteEvent to mod crafttweakerjei
[13:30:05] [Client thread/DEBUG] [FML]: Bar Step: LoadComplete - CraftTweaker JEI Support took 0.000s
[13:30:05] [Client thread/TRACE] [FML]: Sending event FMLLoadCompleteEvent to mod adversity
[13:30:05] [Client thread/TRACE] [FML]: Sent event FMLLoadCompleteEvent to mod adversity
[13:30:05] [Client thread/DEBUG] [FML]: Bar Step: LoadComplete - Adversity took 0.000s
[13:30:05] [Client thread/TRACE] [FML]: Sending event FMLLoadCompleteEvent to mod baubles
[13:30:05] [Client thread/TRACE] [FML]: Sent event FMLLoadCompleteEvent to mod baubles
[13:30:05] [Client thread/DEBUG] [FML]: Bar Step: LoadComplete - Baubles took 0.000s
[13:30:05] [Client thread/TRACE] [FML]: Sending event FMLLoadCompleteEvent to mod worldedit
[13:30:05] [Client thread/TRACE] [FML]: Sent event FMLLoadCompleteEvent to mod worldedit
[13:30:05] [Client thread/DEBUG] [FML]: Bar Step: LoadComplete - WorldEdit took 0.000s
[13:30:05] [Client thread/DEBUG] [FML]: Bar Finished: LoadComplete took 0.489s
[13:30:05] [Client thread/DEBUG] [FML]: Freezing registries
[13:30:05] [Client thread/TRACE] [FML]: Sending event FMLModIdMappingEvent to mod minecraft
[13:30:05] [Client thread/TRACE] [FML]: Sent event FMLModIdMappingEvent to mod minecraft
[13:30:05] [Client thread/DEBUG] [FML]: Bar Step: ModIdMapping - Minecraft took 0.000s
[13:30:05] [Client thread/TRACE] [FML]: Sending event FMLModIdMappingEvent to mod mcp
[13:30:05] [Client thread/TRACE] [FML]: Sent event FMLModIdMappingEvent to mod mcp
[13:30:05] [Client thread/DEBUG] [FML]: Bar Step: ModIdMapping - Minecraft Coder Pack took 0.000s
[13:30:05] [Client thread/TRACE] [FML]: Sending event FMLModIdMappingEvent to mod FML
[13:30:05] [Client thread/TRACE] [FML]: Sent event FMLModIdMappingEvent to mod FML
[13:30:05] [Client thread/DEBUG] [FML]: Bar Step: ModIdMapping - Forge Mod Loader took 0.000s
[13:30:05] [Client thread/TRACE] [FML]: Sending event FMLModIdMappingEvent to mod forge
[13:30:05] [Client thread/TRACE] [FML]: Sent event FMLModIdMappingEvent to mod forge
[13:30:05] [Client thread/DEBUG] [FML]: Bar Step: ModIdMapping - Minecraft Forge took 0.057s
[13:30:05] [Client thread/TRACE] [FML]: Sending event FMLModIdMappingEvent to mod crafttweaker
[13:30:05] [Client thread/TRACE] [FML]: Sent event FMLModIdMappingEvent to mod crafttweaker
[13:30:05] [Client thread/DEBUG] [FML]: Bar Step: ModIdMapping - CraftTweaker2 took 0.000s
[13:30:05] [Client thread/TRACE] [FML]: Sending event FMLModIdMappingEvent to mod ctgui
[13:30:05] [Client thread/TRACE] [FML]: Sent event FMLModIdMappingEvent to mod ctgui
[13:30:05] [Client thread/DEBUG] [FML]: Bar Step: ModIdMapping - CT-GUI took 0.000s
[13:30:05] [Client thread/TRACE] [FML]: Sending event FMLModIdMappingEvent to mod jei
[13:30:05] [Client thread/TRACE] [FML]: Sent event FMLModIdMappingEvent to mod jei
[13:30:05] [Client thread/DEBUG] [FML]: Bar Step: ModIdMapping - Just Enough Items took 0.000s
[13:30:05] [Client thread/TRACE] [FML]: Sending event FMLModIdMappingEvent to mod crafttweakerjei
[13:30:05] [Client thread/TRACE] [FML]: Sent event FMLModIdMappingEvent to mod crafttweakerjei
[13:30:05] [Client thread/DEBUG] [FML]: Bar Step: ModIdMapping - CraftTweaker JEI Support took 0.000s
[13:30:05] [Client thread/TRACE] [FML]: Sending event FMLModIdMappingEvent to mod adversity
[13:30:05] [Client thread/TRACE] [FML]: Sent event FMLModIdMappingEvent to mod adversity
[13:30:05] [Client thread/DEBUG] [FML]: Bar Step: ModIdMapping - Adversity took 0.000s
[13:30:05] [Client thread/TRACE] [FML]: Sending event FMLModIdMappingEvent to mod baubles
[13:30:05] [Client thread/TRACE] [FML]: Sent event FMLModIdMappingEvent to mod baubles
[13:30:05] [Client thread/DEBUG] [FML]: Bar Step: ModIdMapping - Baubles took 0.000s
[13:30:05] [Client thread/TRACE] [FML]: Sending event FMLModIdMappingEvent to mod worldedit
[13:30:05] [Client thread/TRACE] [FML]: Sent event FMLModIdMappingEvent to mod worldedit
[13:30:05] [Client thread/DEBUG] [FML]: Bar Step: ModIdMapping - WorldEdit took 0.000s
[13:30:05] [Client thread/DEBUG] [FML]: Bar Finished: ModIdMapping took 0.058s
[13:30:05] [Client thread/DEBUG] [FML]: All registries frozen
[13:30:05] [Client thread/INFO] [FML]: Forge Mod Loader has successfully loaded 11 mods
[13:30:05] [Client thread/WARN] [net.minecraft.client.settings.GameSettings]: Skipping bad option: lastServer:
[13:30:05] [Client thread/DEBUG] [FML]: Bar Finished: Loading took 7.794s
[13:30:05] [Client thread/INFO] [com.mojang.text2speech.NarratorWindows]: Narrator library for x64 successfully loaded
[13:30:05] [Client thread/DEBUG] [FML]: Bar Finished: Loading Resource - CloudRenderer took 0.003s
[13:30:06] [Realms Notification Availability checker #1/INFO] [com.mojang.realmsclient.client.RealmsClient]: Could not authorize you against Realms server: java.lang.RuntimeException: Failed to parse into SignedJWT: FML
[13:30:09] [Server thread/INFO] [net.minecraft.server.integrated.IntegratedServer]: Starting integrated minecraft server version 1.12.2
[13:30:09] [Server thread/INFO] [net.minecraft.server.integrated.IntegratedServer]: Generating keypair
[13:30:09] [Server thread/TRACE] [FML]: Sending event FMLServerAboutToStartEvent to mod minecraft
[13:30:09] [Server thread/TRACE] [FML]: Sent event FMLServerAboutToStartEvent to mod minecraft
[13:30:09] [Server thread/DEBUG] [FML]: Bar Step: ServerAboutToStart - Minecraft took 0.001s
[13:30:09] [Server thread/TRACE] [FML]: Sending event FMLServerAboutToStartEvent to mod mcp
[13:30:09] [Server thread/TRACE] [FML]: Sent event FMLServerAboutToStartEvent to mod mcp
[13:30:09] [Server thread/DEBUG] [FML]: Bar Step: ServerAboutToStart - Minecraft Coder Pack took 0.000s
[13:30:09] [Server thread/TRACE] [FML]: Sending event FMLServerAboutToStartEvent to mod FML
[13:30:09] [Server thread/TRACE] [FML]: Sent event FMLServerAboutToStartEvent to mod FML
[13:30:09] [Server thread/DEBUG] [FML]: Bar Step: ServerAboutToStart - Forge Mod Loader took 0.000s
[13:30:09] [Server thread/TRACE] [FML]: Sending event FMLServerAboutToStartEvent to mod forge
[13:30:09] [Server thread/TRACE] [FML]: Sent event FMLServerAboutToStartEvent to mod forge
[13:30:09] [Server thread/DEBUG] [FML]: Bar Step: ServerAboutToStart - Minecraft Forge took 0.000s
[13:30:09] [Server thread/TRACE] [FML]: Sending event FMLServerAboutToStartEvent to mod crafttweaker
[13:30:09] [Server thread/TRACE] [FML]: Sent event FMLServerAboutToStartEvent to mod crafttweaker
[13:30:09] [Server thread/DEBUG] [FML]: Bar Step: ServerAboutToStart - CraftTweaker2 took 0.000s
[13:30:09] [Server thread/TRACE] [FML]: Sending event FMLServerAboutToStartEvent to mod ctgui
[13:30:09] [Server thread/TRACE] [FML]: Sent event FMLServerAboutToStartEvent to mod ctgui
[13:30:09] [Server thread/DEBUG] [FML]: Bar Step: ServerAboutToStart - CT-GUI took 0.000s
[13:30:09] [Server thread/TRACE] [FML]: Sending event FMLServerAboutToStartEvent to mod jei
[13:30:09] [Server thread/TRACE] [FML]: Sent event FMLServerAboutToStartEvent to mod jei
[13:30:09] [Server thread/DEBUG] [FML]: Bar Step: ServerAboutToStart - Just Enough Items took 0.000s
[13:30:09] [Server thread/TRACE] [FML]: Sending event FMLServerAboutToStartEvent to mod crafttweakerjei
[13:30:09] [Server thread/TRACE] [FML]: Sent event FMLServerAboutToStartEvent to mod crafttweakerjei
[13:30:09] [Server thread/DEBUG] [FML]: Bar Step: ServerAboutToStart - CraftTweaker JEI Support took 0.000s
[13:30:09] [Server thread/TRACE] [FML]: Sending event FMLServerAboutToStartEvent to mod adversity
[13:30:09] [Server thread/TRACE] [FML]: Sent event FMLServerAboutToStartEvent to mod adversity
[13:30:09] [Server thread/DEBUG] [FML]: Bar Step: ServerAboutToStart - Adversity took 0.000s
[13:30:09] [Server thread/TRACE] [FML]: Sending event FMLServerAboutToStartEvent to mod baubles
[13:30:09] [Server thread/TRACE] [FML]: Sent event FMLServerAboutToStartEvent to mod baubles
[13:30:09] [Server thread/DEBUG] [FML]: Bar Step: ServerAboutToStart - Baubles took 0.000s
[13:30:09] [Server thread/TRACE] [FML]: Sending event FMLServerAboutToStartEvent to mod worldedit
[13:30:10] [Server thread/TRACE] [FML]: Sent event FMLServerAboutToStartEvent to mod worldedit
[13:30:10] [Server thread/DEBUG] [FML]: Bar Step: ServerAboutToStart - WorldEdit took 0.346s
[13:30:10] [Server thread/DEBUG] [FML]: Bar Finished: ServerAboutToStart took 0.348s
[13:30:10] [Server thread/INFO] [FML]: Injecting existing registry data into this server instance
[13:30:10] [Server thread/TRACE] [FML]: Registry Name : minecraft:blocks
[13:30:10] [Server thread/TRACE] [FML]:   Registry: 0 minecraft:air Block{minecraft:air}
[13:30:10] [Server thread/TRACE] [FML]:   Registry: 1 minecraft:stone Block{minecraft:stone}
[13:30:10] [Server thread/TRACE] [FML]:   Registry: 2 minecraft:grass Block{minecraft:grass}
[13:30:10] [Server thread/TRACE] [FML]:   Registry: 3 minecraft:dirt Block{minecraft:dirt}
[13:30:10] [Server thread/TRACE] [FML]:   Registry: 4 minecraft:cobblestone Block{minecraft:cobblestone}
[13:30:10] [Server thread/TRACE] [FML]:   Registry: 5 minecraft:planks Block{minecraft:planks}
[13:30:10] [Server thread/TRACE] [FML]:   Registry: 6 minecraft:sapling Block{minecraft:sapling}
[13:30:10] [Server thread/TRACE] [FML]:   Registry: 7 minecraft:bedrock Block{minecraft:bedrock}
[13:30:10] [Server thread/TRACE] [FML]:   Registry: 8 minecraft:flowing_water Block{minecraft:flowing_water}
[13:30:10] [Server thread/TRACE] [FML]:   Registry: 9 minecraft:water Block{minecraft:water}
[13:30:10] [Server thread/TRACE] [FML]:   Registry: 10 minecraft:flowing_lava Block{minecraft:flowing_lava}
[13:30:10] [Server thread/TRACE] [FML]:   Registry: 11 minecraft:lava Block{minecraft:lava}
[13:30:10] [Server thread/TRACE] [FML]:   Registry: 12 minecraft:sand Block{minecraft:sand}
[13:30:10] [Server thread/TRACE] [FML]:   Registry: 13 minecraft:gravel Block{minecraft:gravel}
[13:30:10] [Server thread/TRACE] [FML]:   Registry: 14 minecraft:gold_ore Block{minecraft:gold_ore}
[13:30:10] [Server thread/TRACE] [FML]:   Registry: 15 minecraft:iron_ore Block{minecraft:iron_ore}
[13:30:10] [Server thread/TRACE] [FML]:   Registry: 16 minecraft:coal_ore Block{minecraft:coal_ore}
[13:30:10] [Server thread/TRACE] [FML]:   Registry: 17 minecraft:log Block{minecraft:log}
[13:30:10] [Server thread/TRACE] [FML]:   Registry: 18 minecraft:leaves Block{minecraft:leaves}
[13:30:10] [Server thread/TRACE] [FML]:   Registry: 19 minecraft:sponge Block{minecraft:sponge}
[13:30:10] [Server thread/TRACE] [FML]:   Registry: 20 minecraft:glass Block{minecraft:glass}
[13:30:10] [Server thread/TRACE] [FML]:   Registry: 21 minecraft:lapis_ore Block{minecraft:lapis_ore}
[13:30:10] [Server thread/TRACE] [FML]:   Registry: 22 minecraft:lapis_block Block{minecraft:lapis_block}
[13:30:10] [Server thread/TRACE] [FML]:   Registry: 23 minecraft:dispenser Block{minecraft:dispenser}
[13:30:10] [Server thread/TRACE] [FML]:   Registry: 24 minecraft:sandstone Block{minecraft:sandstone}
[13:30:10] [Server thread/TRACE] [FML]:   Registry: 25 minecraft:noteblock Block{minecraft:noteblock}
[13:30:10] [Server thread/TRACE] [FML]:   Registry: 26 minecraft:bed Block{minecraft:bed}
[13:30:10] [Server thread/TRACE] [FML]:   Registry: 27 minecraft:golden_rail Block{minecraft:golden_rail}
[13:30:10] [Server thread/TRACE] [FML]:   Registry: 28 minecraft:detector_rail Block{minecraft:detector_rail}
[13:30:10] [Server thread/TRACE] [FML]:   Registry: 29 minecraft:sticky_piston Block{minecraft:sticky_piston}
[13:30:10] [Server thread/TRACE] [FML]:   Registry: 30 minecraft:web Block{minecraft:web}
[13:30:10] [Server thread/TRACE] [FML]:   Registry: 31 minecraft:tallgrass Block{minecraft:tallgrass}
[13:30:10] [Server thread/TRACE] [FML]:   Registry: 32 minecraft:deadbush Block{minecraft:deadbush}
[13:30:10] [Server thread/TRACE] [FML]:   Registry: 33 minecraft:piston Block{minecraft:piston}
[13:30:10] [Server thread/TRACE] [FML]:   Registry: 34 minecraft:piston_head Block{minecraft:piston_head}
[13:30:10] [Server thread/TRACE] [FML]:   Registry: 35 minecraft:wool Block{minecraft:wool}
[13:30:10] [Server thread/TRACE] [FML]:   Registry: 36 minecraft:piston_extension Block{minecraft:piston_extension}
[13:30:10] [Server thread/TRACE] [FML]:   Registry: 37 minecraft:yellow_flower Block{minecraft:yellow_flower}
[13:30:10] [Server thread/TRACE] [FML]:   Registry: 38 minecraft:red_flower Block{minecraft:red_flower}
[13:30:10] [Server thread/TRACE] [FML]:   Registry: 39 minecraft:brown_mushroom Block{minecraft:brown_mushroom}
[13:30:10] [Server thread/TRACE] [FML]:   Registry: 40 minecraft:red_mushroom Block{minecraft:red_mushroom}
[13:30:10] [Server thread/TRACE] [FML]:   Registry: 41 minecraft:gold_block Block{minecraft:gold_block}
[13:30:10] [Server thread/TRACE] [FML]:   Registry: 42 minecraft:iron_block Block{minecraft:iron_block}
[13:30:10] [Server thread/TRACE] [FML]:   Registry: 43 minecraft:double_stone_slab Block{minecraft:double_stone_slab}
[13:30:10] [Server thread/TRACE] [FML]:   Registry: 44 minecraft:stone_slab Block{minecraft:stone_slab}
[13:30:10] [Server thread/TRACE] [FML]:   Registry: 45 minecraft:brick_block Block{minecraft:brick_block}
[13:30:10] [Server thread/TRACE] [FML]:   Registry: 46 minecraft:tnt Block{minecraft:tnt}
[13:30:10] [Server thread/TRACE] [FML]:   Registry: 47 minecraft:bookshelf Block{minecraft:bookshelf}
[13:30:10] [Server thread/TRACE] [FML]:   Registry: 48 minecraft:mossy_cobblestone Block{minecraft:mossy_cobblestone}
[13:30:10] [Server thread/TRACE] [FML]:   Registry: 49 minecraft:obsidian Block{minecraft:obsidian}
[13:30:10] [Server thread/TRACE] [FML]:   Registry: 50 minecraft:torch Block{minecraft:torch}
[13:30:10] [Server thread/TRACE] [FML]:   Registry: 51 minecraft:fire Block{minecraft:fire}
[13:30:10] [Server thread/TRACE] [FML]:   Registry: 52 minecraft:mob_spawner Block{minecraft:mob_spawner}
[13:30:10] [Server thread/TRACE] [FML]:   Registry: 53 minecraft:oak_stairs Block{minecraft:oak_stairs}
[13:30:10] [Server thread/TRACE] [FML]:   Registry: 54 minecraft:chest Block{minecraft:chest}
[13:30:10] [Server thread/TRACE] [FML]:   Registry: 55 minecraft:redstone_wire Block{minecraft:redstone_wire}
[13:30:10] [Server thread/TRACE] [FML]:   Registry: 56 minecraft:diamond_ore Block{minecraft:diamond_ore}
[13:30:10] [Server thread/TRACE] [FML]:   Registry: 57 minecraft:diamond_block Block{minecraft:diamond_block}
[13:30:10] [Server thread/TRACE] [FML]:   Registry: 58 minecraft:crafting_table Block{minecraft:crafting_table}
[13:30:10] [Server thread/TRACE] [FML]:   Registry: 59 minecraft:wheat Block{minecraft:wheat}
[13:30:10] [Server thread/TRACE] [FML]:   Registry: 60 minecraft:farmland Block{minecraft:farmland}
[13:30:10] [Server thread/TRACE] [FML]:   Registry: 61 minecraft:furnace Block{minecraft:furnace}
[13:30:10] [Server thread/TRACE] [FML]:   Registry: 62 minecraft:lit_furnace Block{minecraft:lit_furnace}
[13:30:10] [Server thread/TRACE] [FML]:   Registry: 63 minecraft:standing_sign Block{minecraft:standing_sign}
[13:30:10] [Server thread/TRACE] [FML]:   Registry: 64 minecraft:wooden_door Block{minecraft:wooden_door}
[13:30:10] [Server thread/TRACE] [FML]:   Registry: 65 minecraft:ladder Block{minecraft:ladder}
[13:30:10] [Server thread/TRACE] [FML]:   Registry: 66 minecraft:rail Block{minecraft:rail}
[13:30:10] [Server thread/TRACE] [FML]:   Registry: 67 minecraft:stone_stairs Block{minecraft:stone_stairs}
[13:30:10] [Server thread/TRACE] [FML]:   Registry: 68 minecraft:wall_sign Block{minecraft:wall_sign}
[13:30:10] [Server thread/TRACE] [FML]:   Registry: 69 minecraft:lever Block{minecraft:lever}
[13:30:10] [Server thread/TRACE] [FML]:   Registry: 70 minecraft:stone_pressure_plate Block{minecraft:stone_pressure_plate}
[13:30:10] [Server thread/TRACE] [FML]:   Registry: 71 minecraft:iron_door Block{minecraft:iron_door}
[13:30:10] [Server thread/TRACE] [FML]:   Registry: 72 minecraft:wooden_pressure_plate Block{minecraft:wooden_pressure_plate}
[13:30:10] [Server thread/TRACE] [FML]:   Registry: 73 minecraft:redstone_ore Block{minecraft:redstone_ore}
[13:30:10] [Server thread/TRACE] [FML]:   Registry: 74 minecraft:lit_redstone_ore Block{minecraft:lit_redstone_ore}
[13:30:10] [Server thread/TRACE] [FML]:   Registry: 75 minecraft:unlit_redstone_torch Block{minecraft:unlit_redstone_torch}
[13:30:10] [Server thread/TRACE] [FML]:   Registry: 76 minecraft:redstone_torch Block{minecraft:redstone_torch}
[13:30:10] [Server thread/TRACE] [FML]:   Registry: 77 minecraft:stone_button Block{minecraft:stone_button}
[13:30:10] [Server thread/TRACE] [FML]:   Registry: 78 minecraft:snow_layer Block{minecraft:snow_layer}
[13:30:10] [Server thread/TRACE] [FML]:   Registry: 79 minecraft:ice Block{minecraft:ice}
[13:30:10] [Server thread/TRACE] [FML]:   Registry: 80 minecraft:snow Block{minecraft:snow}
[13:30:10] [Server thread/TRACE] [FML]:   Registry: 81 minecraft:cactus Block{minecraft:cactus}
[13:30:10] [Server thread/TRACE] [FML]:   Registry: 82 minecraft:clay Block{minecraft:clay}
[13:30:10] [Server thread/TRACE] [FML]:   Registry: 83 minecraft:reeds Block{minecraft:reeds}
[13:30:10] [Server thread/TRACE] [FML]:   Registry: 84 minecraft:jukebox Block{minecraft:jukebox}
[13:30:10] [Server thread/TRACE] [FML]:   Registry: 85 minecraft:fence Block{minecraft:fence}
[13:30:10] [Server thread/TRACE] [FML]:   Registry: 86 minecraft:pumpkin Block{minecraft:pumpkin}
[13:30:10] [Server thread/TRACE] [FML]:   Registry: 87 minecraft:netherrack Block{minecraft:netherrack}
[13:30:10] [Server thread/TRACE] [FML]:   Registry: 88 minecraft:soul_sand Block{minecraft:soul_sand}
[13:30:10] [Server thread/TRACE] [FML]:   Registry: 89 minecraft:glowstone Block{minecraft:glowstone}
[13:30:10] [Server thread/TRACE] [FML]:   Registry: 90 minecraft:portal Block{minecraft:portal}
[13:30:10] [Server thread/TRACE] [FML]:   Registry: 91 minecraft:lit_pumpkin Block{minecraft:lit_pumpkin}
[13:30:10] [Server thread/TRACE] [FML]:   Registry: 92 minecraft:cake Block{minecraft:cake}
[13:30:10] [Server thread/TRACE] [FML]:   Registry: 93 minecraft:unpowered_repeater Block{minecraft:unpowered_repeater}
[13:30:10] [Server thread/TRACE] [FML]:   Registry: 94 minecraft:powered_repeater Block{minecraft:powered_repeater}
[13:30:10] [Server thread/TRACE] [FML]:   Registry: 95 minecraft:stained_glass Block{minecraft:stained_glass}
[13:30:10] [Server thread/TRACE] [FML]:   Registry: 96 minecraft:trapdoor Block{minecraft:trapdoor}
[13:30:10] [Server thread/TRACE] [FML]:   Registry: 97 minecraft:monster_egg Block{minecraft:monster_egg}
[13:30:10] [Server thread/TRACE] [FML]:   Registry: 98 minecraft:stonebrick Block{minecraft:stonebrick}
[13:30:10] [Server thread/TRACE] [FML]:   Registry: 99 minecraft:brown_mushroom_block Block{minecraft:brown_mushroom_block}
[13:30:10] [Server thread/TRACE] [FML]:   Registry: 100 minecraft:red_mushroom_block Block{minecraft:red_mushroom_block}
[13:30:10] [Server thread/TRACE] [FML]:   Registry: 101 minecraft:iron_bars Block{minecraft:iron_bars}
[13:30:10] [Server thread/TRACE] [FML]:   Registry: 102 minecraft:glass_pane Block{minecraft:glass_pane}
[13:30:10] [Server thread/TRACE] [FML]:   Registry: 103 minecraft:melon_block Block{minecraft:melon_block}
[13:30:10] [Server thread/TRACE] [FML]:   Registry: 104 minecraft:pumpkin_stem Block{minecraft:pumpkin_stem}
[13:30:10] [Server thread/TRACE] [FML]:   Registry: 105 minecraft:melon_stem Block{minecraft:melon_stem}
[13:30:10] [Server thread/TRACE] [FML]:   Registry: 106 minecraft:vine Block{minecraft:vine}
[13:30:10] [Server thread/TRACE] [FML]:   Registry: 107 minecraft:fence_gate Block{minecraft:fence_gate}
[13:30:10] [Server thread/TRACE] [FML]:   Registry: 108 minecraft:brick_stairs Block{minecraft:brick_stairs}
[13:30:10] [Server thread/TRACE] [FML]:   Registry: 109 minecraft:stone_brick_stairs Block{minecraft:stone_brick_stairs}
[13:30:10] [Server thread/TRACE] [FML]:   Registry: 110 minecraft:mycelium Block{minecraft:mycelium}
[13:30:10] [Server thread/TRACE] [FML]:   Registry: 111 minecraft:waterlily Block{minecraft:waterlily}
[13:30:10] [Server thread/TRACE] [FML]:   Registry: 112 minecraft:nether_brick Block{minecraft:nether_brick}
[13:30:10] [Server thread/TRACE] [FML]:   Registry: 113 minecraft:nether_brick_fence Block{minecraft:nether_brick_fence}
[13:30:10] [Server thread/TRACE] [FML]:   Registry: 114 minecraft:nether_brick_stairs Block{minecraft:nether_brick_stairs}
[13:30:10] [Server thread/TRACE] [FML]:   Registry: 115 minecraft:nether_wart Block{minecraft:nether_wart}
[13:30:10] [Server thread/TRACE] [FML]:   Registry: 116 minecraft:enchanting_table Block{minecraft:enchanting_table}
[13:30:10] [Server thread/TRACE] [FML]:   Registry: 117 minecraft:brewing_stand Block{minecraft:brewing_stand}
[13:30:10] [Server thread/TRACE] [FML]:   Registry: 118 minecraft:cauldron Block{minecraft:cauldron}
[13:30:10] [Server thread/TRACE] [FML]:   Registry: 119 minecraft:end_portal Block{minecraft:end_portal}
[13:30:10] [Server thread/TRACE] [FML]:   Registry: 120 minecraft:end_portal_frame Block{minecraft:end_portal_frame}
[13:30:10] [Server thread/TRACE] [FML]:   Registry: 121 minecraft:end_stone Block{minecraft:end_stone}
[13:30:10] [Server thread/TRACE] [FML]:   Registry: 122 minecraft:dragon_egg Block{minecraft:dragon_egg}
[13:30:10] [Server thread/TRACE] [FML]:   Registry: 123 minecraft:redstone_lamp Block{minecraft:redstone_lamp}
[13:30:10] [Server thread/TRACE] [FML]:   Registry: 124 minecraft:lit_redstone_lamp Block{minecraft:lit_redstone_lamp}
[13:30:10] [Server thread/TRACE] [FML]:   Registry: 125 minecraft:double_wooden_slab Block{minecraft:double_wooden_slab}
[13:30:10] [Server thread/TRACE] [FML]:   Registry: 126 minecraft:wooden_slab Block{minecraft:wooden_slab}
[13:30:10] [Server thread/TRACE] [FML]:   Registry: 127 minecraft:cocoa Block{minecraft:cocoa}
[13:30:10] [Server thread/TRACE] [FML]:   Registry: 128 minecraft:sandstone_stairs Block{minecraft:sandstone_stairs}
[13:30:10] [Server thread/TRACE] [FML]:   Registry: 129 minecraft:emerald_ore Block{minecraft:emerald_ore}
[13:30:10] [Server thread/TRACE] [FML]:   Registry: 130 minecraft:ender_chest Block{minecraft:ender_chest}
[13:30:10] [Server thread/TRACE] [FML]:   Registry: 131 minecraft:tripwire_hook Block{minecraft:tripwire_hook}
[13:30:10] [Server thread/TRACE] [FML]:   Registry: 132 minecraft:tripwire Block{minecraft:tripwire}
[13:30:10] [Server thread/TRACE] [FML]:   Registry: 133 minecraft:emerald_block Block{minecraft:emerald_block}
[13:30:10] [Server thread/TRACE] [FML]:   Registry: 134 minecraft:spruce_stairs Block{minecraft:spruce_stairs}
[13:30:10] [Server thread/TRACE] [FML]:   Registry: 135 minecraft:birch_stairs Block{minecraft:birch_stairs}
[13:30:10] [Server thread/TRACE] [FML]:   Registry: 136 minecraft:jungle_stairs Block{minecraft:jungle_stairs}
[13:30:10] [Server thread/TRACE] [FML]:   Registry: 137 minecraft:command_block Block{minecraft:command_block}
[13:30:10] [Server thread/TRACE] [FML]:   Registry: 138 minecraft:beacon Block{minecraft:beacon}
[13:30:10] [Server thread/TRACE] [FML]:   Registry: 139 minecraft:cobblestone_wall Block{minecraft:cobblestone_wall}
[13:30:10] [Server thread/TRACE] [FML]:   Registry: 140 minecraft:flower_pot Block{minecraft:flower_pot}
[13:30:10] [Server thread/TRACE] [FML]:   Registry: 141 minecraft:carrots Block{minecraft:carrots}
[13:30:10] [Server thread/TRACE] [FML]:   Registry: 142 minecraft:potatoes Block{minecraft:potatoes}
[13:30:10] [Server thread/TRACE] [FML]:   Registry: 143 minecraft:wooden_button Block{minecraft:wooden_button}
[13:30:10] [Server thread/TRACE] [FML]:   Registry: 144 minecraft:skull Block{minecraft:skull}
[13:30:10] [Server thread/TRACE] [FML]:   Registry: 145 minecraft:anvil Block{minecraft:anvil}
[13:30:10] [Server thread/TRACE] [FML]:   Registry: 146 minecraft:trapped_chest Block{minecraft:trapped_chest}
[13:30:10] [Server thread/TRACE] [FML]:   Registry: 147 minecraft:light_weighted_pressure_plate Block{minecraft:light_weighted_pressure_plate}
[13:30:10] [Server thread/TRACE] [FML]:   Registry: 148 minecraft:heavy_weighted_pressure_plate Block{minecraft:heavy_weighted_pressure_plate}
[13:30:10] [Server thread/TRACE] [FML]:   Registry: 149 minecraft:unpowered_comparator Block{minecraft:unpowered_comparator}
[13:30:10] [Server thread/TRACE] [FML]:   Registry: 150 minecraft:powered_comparator Block{minecraft:powered_comparator}
[13:30:10] [Server thread/TRACE] [FML]:   Registry: 151 minecraft:daylight_detector Block{minecraft:daylight_detector}
[13:30:10] [Server thread/TRACE] [FML]:   Registry: 152 minecraft:redstone_block Block{minecraft:redstone_block}
[13:30:10] [Server thread/TRACE] [FML]:   Registry: 153 minecraft:quartz_ore Block{minecraft:quartz_ore}
[13:30:10] [Server thread/TRACE] [FML]:   Registry: 154 minecraft:hopper Block{minecraft:hopper}
[13:30:10] [Server thread/TRACE] [FML]:   Registry: 155 minecraft:quartz_block Block{minecraft:quartz_block}
[13:30:10] [Server thread/TRACE] [FML]:   Registry: 156 minecraft:quartz_stairs Block{minecraft:quartz_stairs}
[13:30:10] [Server thread/TRACE] [FML]:   Registry: 157 minecraft:activator_rail Block{minecraft:activator_rail}
[13:30:10] [Server thread/TRACE] [FML]:   Registry: 158 minecraft:dropper Block{minecraft:dropper}
[13:30:10] [Server thread/TRACE] [FML]:   Registry: 159 minecraft:stained_hardened_clay Block{minecraft:stained_hardened_clay}
[13:30:10] [Server thread/TRACE] [FML]:   Registry: 160 minecraft:stained_glass_pane Block{minecraft:stained_glass_pane}
[13:30:10] [Server thread/TRACE] [FML]:   Registry: 161 minecraft:leaves2 Block{minecraft:leaves2}
[13:30:10] [Server thread/TRACE] [FML]:   Registry: 162 minecraft:log2 Block{minecraft:log2}
[13:30:10] [Server thread/TRACE] [FML]:   Registry: 163 minecraft:acacia_stairs Block{minecraft:acacia_stairs}
[13:30:10] [Server thread/TRACE] [FML]:   Registry: 164 minecraft:dark_oak_stairs Block{minecraft:dark_oak_stairs}
[13:30:10] [Server thread/TRACE] [FML]:   Registry: 165 minecraft:slime Block{minecraft:slime}
[13:30:10] [Server thread/TRACE] [FML]:   Registry: 166 minecraft:barrier Block{minecraft:barrier}
[13:30:10] [Server thread/TRACE] [FML]:   Registry: 167 minecraft:iron_trapdoor Block{minecraft:iron_trapdoor}
[13:30:10] [Server thread/TRACE] [FML]:   Registry: 168 minecraft:prismarine Block{minecraft:prismarine}
[13:30:10] [Server thread/TRACE] [FML]:   Registry: 169 minecraft:sea_lantern Block{minecraft:sea_lantern}
[13:30:10] [Server thread/TRACE] [FML]:   Registry: 170 minecraft:hay_block Block{minecraft:hay_block}
[13:30:10] [Server thread/TRACE] [FML]:   Registry: 171 minecraft:carpet Block{minecraft:carpet}
[13:30:10] [Server thread/TRACE] [FML]:   Registry: 172 minecraft:hardened_clay Block{minecraft:hardened_clay}
[13:30:10] [Server thread/TRACE] [FML]:   Registry: 173 minecraft:coal_block Block{minecraft:coal_block}
[13:30:10] [Server thread/TRACE] [FML]:   Registry: 174 minecraft:packed_ice Block{minecraft:packed_ice}
[13:30:10] [Server thread/TRACE] [FML]:   Registry: 175 minecraft:double_plant Block{minecraft:double_plant}
[13:30:10] [Server thread/TRACE] [FML]:   Registry: 176 minecraft:standing_banner Block{minecraft:standing_banner}
[13:30:10] [Server thread/TRACE] [FML]:   Registry: 177 minecraft:wall_banner Block{minecraft:wall_banner}
[13:30:10] [Server thread/TRACE] [FML]:   Registry: 178 minecraft:daylight_detector_inverted Block{minecraft:daylight_detector_inverted}
[13:30:10] [Server thread/TRACE] [FML]:   Registry: 179 minecraft:red_sandstone Block{minecraft:red_sandstone}
[13:30:10] [Server thread/TRACE] [FML]:   Registry: 180 minecraft:red_sandstone_stairs Block{minecraft:red_sandstone_stairs}
[13:30:10] [Server thread/TRACE] [FML]:   Registry: 181 minecraft:double_stone_slab2 Block{minecraft:double_stone_slab2}
[13:30:10] [Server thread/TRACE] [FML]:   Registry: 182 minecraft:stone_slab2 Block{minecraft:stone_slab2}
[13:30:10] [Server thread/TRACE] [FML]:   Registry: 183 minecraft:spruce_fence_gate Block{minecraft:spruce_fence_gate}
[13:30:10] [Server thread/TRACE] [FML]:   Registry: 184 minecraft:birch_fence_gate Block{minecraft:birch_fence_gate}
[13:30:10] [Server thread/TRACE] [FML]:   Registry: 185 minecraft:jungle_fence_gate Block{minecraft:jungle_fence_gate}
[13:30:10] [Server thread/TRACE] [FML]:   Registry: 186 minecraft:dark_oak_fence_gate Block{minecraft:dark_oak_fence_gate}
[13:30:10] [Server thread/TRACE] [FML]:   Registry: 187 minecraft:acacia_fence_gate Block{minecraft:acacia_fence_gate}
[13:30:10] [Server thread/TRACE] [FML]:   Registry: 188 minecraft:spruce_fence Block{minecraft:spruce_fence}
[13:30:10] [Server thread/TRACE] [FML]:   Registry: 189 minecraft:birch_fence Block{minecraft:birch_fence}
[13:30:10] [Server thread/TRACE] [FML]:   Registry: 190 minecraft:jungle_fence Block{minecraft:jungle_fence}
[13:30:10] [Server thread/TRACE] [FML]:   Registry: 191 minecraft:dark_oak_fence Block{minecraft:dark_oak_fence}
[13:30:10] [Server thread/TRACE] [FML]:   Registry: 192 minecraft:acacia_fence Block{minecraft:acacia_fence}
[13:30:10] [Server thread/TRACE] [FML]:   Registry: 193 minecraft:spruce_door Block{minecraft:spruce_door}
[13:30:10] [Server thread/TRACE] [FML]:   Registry: 194 minecraft:birch_door Block{minecraft:birch_door}
[13:30:10] [Server thread/TRACE] [FML]:   Registry: 195 minecraft:jungle_door Block{minecraft:jungle_door}
[13:30:10] [Server thread/TRACE] [FML]:   Registry: 196 minecraft:acacia_door Block{minecraft:acacia_door}
[13:30:10] [Server thread/TRACE] [FML]:   Registry: 197 minecraft:dark_oak_door Block{minecraft:dark_oak_door}
[13:30:10] [Server thread/TRACE] [FML]:   Registry: 198 minecraft:end_rod Block{minecraft:end_rod}
[13:30:10] [Server thread/TRACE] [FML]:   Registry: 199 minecraft:chorus_plant Block{minecraft:chorus_plant}
[13:30:10] [Server thread/TRACE] [FML]:   Registry: 200 minecraft:chorus_flower Block{minecraft:chorus_flower}
[13:30:10] [Server thread/TRACE] [FML]:   Registry: 201 minecraft:purpur_block Block{minecraft:purpur_block}
[13:30:10] [Server thread/TRACE] [FML]:   Registry: 202 minecraft:purpur_pillar Block{minecraft:purpur_pillar}
[13:30:10] [Server thread/TRACE] [FML]:   Registry: 203 minecraft:purpur_stairs Block{minecraft:purpur_stairs}
[13:30:10] [Server thread/TRACE] [FML]:   Registry: 204 minecraft:purpur_double_slab Block{minecraft:purpur_double_slab}
[13:30:10] [Server thread/TRACE] [FML]:   Registry: 205 minecraft:purpur_slab Block{minecraft:purpur_slab}
[13:30:10] [Server thread/TRACE] [FML]:   Registry: 206 minecraft:end_bricks Block{minecraft:end_bricks}
[13:30:10] [Server thread/TRACE] [FML]:   Registry: 207 minecraft:beetroots Block{minecraft:beetroots}
[13:30:10] [Server thread/TRACE] [FML]:   Registry: 208 minecraft:grass_path Block{minecraft:grass_path}
[13:30:10] [Server thread/TRACE] [FML]:   Registry: 209 minecraft:end_gateway Block{minecraft:end_gateway}
[13:30:10] [Server thread/TRACE] [FML]:   Registry: 210 minecraft:repeating_command_block Block{minecraft:repeating_command_block}
[13:30:10] [Server thread/TRACE] [FML]:   Registry: 211 minecraft:chain_command_block Block{minecraft:chain_command_block}
[13:30:10] [Server thread/TRACE] [FML]:   Registry: 212 minecraft:frosted_ice Block{minecraft:frosted_ice}
[13:30:10] [Server thread/TRACE] [FML]:   Registry: 213 minecraft:magma Block{minecraft:magma}
[13:30:10] [Server thread/TRACE] [FML]:   Registry: 214 minecraft:nether_wart_block Block{minecraft:nether_wart_block}
[13:30:10] [Server thread/TRACE] [FML]:   Registry: 215 minecraft:red_nether_brick Block{minecraft:red_nether_brick}
[13:30:10] [Server thread/TRACE] [FML]:   Registry: 216 minecraft:bone_block Block{minecraft:bone_block}
[13:30:10] [Server thread/TRACE] [FML]:   Registry: 217 minecraft:structure_void Block{minecraft:structure_void}
[13:30:10] [Server thread/TRACE] [FML]:   Registry: 218 minecraft:observer Block{minecraft:observer}
[13:30:10] [Server thread/TRACE] [FML]:   Registry: 219 minecraft:white_shulker_box Block{minecraft:white_shulker_box}
[13:30:10] [Server thread/TRACE] [FML]:   Registry: 220 minecraft:orange_shulker_box Block{minecraft:orange_shulker_box}
[13:30:10] [Server thread/TRACE] [FML]:   Registry: 221 minecraft:magenta_shulker_box Block{minecraft:magenta_shulker_box}
[13:30:10] [Server thread/TRACE] [FML]:   Registry: 222 minecraft:light_blue_shulker_box Block{minecraft:light_blue_shulker_box}
[13:30:10] [Server thread/TRACE] [FML]:   Registry: 223 minecraft:yellow_shulker_box Block{minecraft:yellow_shulker_box}
[13:30:10] [Server thread/TRACE] [FML]:   Registry: 224 minecraft:lime_shulker_box Block{minecraft:lime_shulker_box}
[13:30:10] [Server thread/TRACE] [FML]:   Registry: 225 minecraft:pink_shulker_box Block{minecraft:pink_shulker_box}
[13:30:10] [Server thread/TRACE] [FML]:   Registry: 226 minecraft:gray_shulker_box Block{minecraft:gray_shulker_box}
[13:30:10] [Server thread/TRACE] [FML]:   Registry: 227 minecraft:silver_shulker_box Block{minecraft:silver_shulker_box}
[13:30:10] [Server thread/TRACE] [FML]:   Registry: 228 minecraft:cyan_shulker_box Block{minecraft:cyan_shulker_box}
[13:30:10] [Server thread/TRACE] [FML]:   Registry: 229 minecraft:purple_shulker_box Block{minecraft:purple_shulker_box}
[13:30:10] [Server thread/TRACE] [FML]:   Registry: 230 minecraft:blue_shulker_box Block{minecraft:blue_shulker_box}
[13:30:10] [Server thread/TRACE] [FML]:   Registry: 231 minecraft:brown_shulker_box Block{minecraft:brown_shulker_box}
[13:30:10] [Server thread/TRACE] [FML]:   Registry: 232 minecraft:green_shulker_box Block{minecraft:green_shulker_box}
[13:30:10] [Server thread/TRACE] [FML]:   Registry: 233 minecraft:red_shulker_box Block{minecraft:red_shulker_box}
[13:30:10] [Server thread/TRACE] [FML]:   Registry: 234 minecraft:black_shulker_box Block{minecraft:black_shulker_box}
[13:30:10] [Server thread/TRACE] [FML]:   Registry: 235 minecraft:white_glazed_terracotta Block{minecraft:white_glazed_terracotta}
[13:30:10] [Server thread/TRACE] [FML]:   Registry: 236 minecraft:orange_glazed_terracotta Block{minecraft:orange_glazed_terracotta}
[13:30:10] [Server thread/TRACE] [FML]:   Registry: 237 minecraft:magenta_glazed_terracotta Block{minecraft:magenta_glazed_terracotta}
[13:30:10] [Server thread/TRACE] [FML]:   Registry: 238 minecraft:light_blue_glazed_terracotta Block{minecraft:light_blue_glazed_terracotta}
[13:30:10] [Server thread/TRACE] [FML]:   Registry: 239 minecraft:yellow_glazed_terracotta Block{minecraft:yellow_glazed_terracotta}
[13:30:10] [Server thread/TRACE] [FML]:   Registry: 240 minecraft:lime_glazed_terracotta Block{minecraft:lime_glazed_terracotta}
[13:30:10] [Server thread/TRACE] [FML]:   Registry: 241 minecraft:pink_glazed_terracotta Block{minecraft:pink_glazed_terracotta}
[13:30:10] [Server thread/TRACE] [FML]:   Registry: 242 minecraft:gray_glazed_terracotta Block{minecraft:gray_glazed_terracotta}
[13:30:10] [Server thread/TRACE] [FML]:   Registry: 243 minecraft:silver_glazed_terracotta Block{minecraft:silver_glazed_terracotta}
[13:30:10] [Server thread/TRACE] [FML]:   Registry: 244 minecraft:cyan_glazed_terracotta Block{minecraft:cyan_glazed_terracotta}
[13:30:10] [Server thread/TRACE] [FML]:   Registry: 245 minecraft:purple_glazed_terracotta Block{minecraft:purple_glazed_terracotta}
[13:30:10] [Server thread/TRACE] [FML]:   Registry: 246 minecraft:blue_glazed_terracotta Block{minecraft:blue_glazed_terracotta}
[13:30:10] [Server thread/TRACE] [FML]:   Registry: 247 minecraft:brown_glazed_terracotta Block{minecraft:brown_glazed_terracotta}
[13:30:10] [Server thread/TRACE] [FML]:   Registry: 248 minecraft:green_glazed_terracotta Block{minecraft:green_glazed_terracotta}
[13:30:10] [Server thread/TRACE] [FML]:   Registry: 249 minecraft:red_glazed_terracotta Block{minecraft:red_glazed_terracotta}
[13:30:10] [Server thread/TRACE] [FML]:   Registry: 250 minecraft:black_glazed_terracotta Block{minecraft:black_glazed_terracotta}
[13:30:10] [Server thread/TRACE] [FML]:   Registry: 251 minecraft:concrete Block{minecraft:concrete}
[13:30:10] [Server thread/TRACE] [FML]:   Registry: 252 minecraft:concrete_powder Block{minecraft:concrete_powder}
[13:30:10] [Server thread/TRACE] [FML]:   Registry: 253 adversity:sanctuary_altar Block{adversity:sanctuary_altar}
[13:30:10] [Server thread/TRACE] [FML]:   Registry: 254 adversity:sanctuary_core Block{adversity:sanctuary_core}
[13:30:10] [Server thread/TRACE] [FML]:   Registry: 255 minecraft:structure_block Block{minecraft:structure_block}
[13:30:10] [Server thread/TRACE] [FML]:   Registry: 256 adversity:sanctuary_stone Block{adversity:sanctuary_stone}
[13:30:10] [Server thread/TRACE] [FML]: Registry Name : minecraft:items
[13:30:10] [Server thread/TRACE] [FML]:   Registry: 0 minecraft:air net.minecraft.item.ItemAir@3514ac7d
[13:30:10] [Server thread/TRACE] [FML]:   Registry: 1 minecraft:stone net.minecraft.item.ItemMultiTexture@646cb2e
[13:30:10] [Server thread/TRACE] [FML]:   Registry: 2 minecraft:grass net.minecraft.item.ItemColored@5315266
[13:30:10] [Server thread/TRACE] [FML]:   Registry: 3 minecraft:dirt net.minecraft.item.ItemMultiTexture@54234569
[13:30:10] [Server thread/TRACE] [FML]:   Registry: 4 minecraft:cobblestone net.minecraft.item.ItemBlock@21ea1d9d
[13:30:10] [Server thread/TRACE] [FML]:   Registry: 5 minecraft:planks net.minecraft.item.ItemMultiTexture@9147ba2
[13:30:10] [Server thread/TRACE] [FML]:   Registry: 6 minecraft:sapling net.minecraft.item.ItemMultiTexture@60a6840c
[13:30:10] [Server thread/TRACE] [FML]:   Registry: 7 minecraft:bedrock net.minecraft.item.ItemBlock@53525379
[13:30:10] [Server thread/TRACE] [FML]:   Registry: 12 minecraft:sand net.minecraft.item.ItemMultiTexture@6de33fde
[13:30:10] [Server thread/TRACE] [FML]:   Registry: 13 minecraft:gravel net.minecraft.item.ItemBlock@69c33ea2
[13:30:10] [Server thread/TRACE] [FML]:   Registry: 14 minecraft:gold_ore net.minecraft.item.ItemBlock@59e0d521
[13:30:10] [Server thread/TRACE] [FML]:   Registry: 15 minecraft:iron_ore net.minecraft.item.ItemBlock@2e3900dc
[13:30:10] [Server thread/TRACE] [FML]:   Registry: 16 minecraft:coal_ore net.minecraft.item.ItemBlock@5ad0c70a
[13:30:10] [Server thread/TRACE] [FML]:   Registry: 17 minecraft:log net.minecraft.item.ItemMultiTexture@4fedf908
[13:30:10] [Server thread/TRACE] [FML]:   Registry: 18 minecraft:leaves net.minecraft.item.ItemLeaves@431babe6
[13:30:10] [Server thread/TRACE] [FML]:   Registry: 19 minecraft:sponge net.minecraft.item.ItemMultiTexture@4fdac2a7
[13:30:10] [Server thread/TRACE] [FML]:   Registry: 20 minecraft:glass net.minecraft.item.ItemBlock@8debe42
[13:30:10] [Server thread/TRACE] [FML]:   Registry: 21 minecraft:lapis_ore net.minecraft.item.ItemBlock@70c31b17
[13:30:10] [Server thread/TRACE] [FML]:   Registry: 22 minecraft:lapis_block net.minecraft.item.ItemBlock@40863800
[13:30:10] [Server thread/TRACE] [FML]:   Registry: 23 minecraft:dispenser net.minecraft.item.ItemBlock@5950054d
[13:30:10] [Server thread/TRACE] [FML]:   Registry: 24 minecraft:sandstone net.minecraft.item.ItemMultiTexture@64665781
[13:30:10] [Server thread/TRACE] [FML]:   Registry: 25 minecraft:noteblock net.minecraft.item.ItemBlock@4c2bea52
[13:30:10] [Server thread/TRACE] [FML]:   Registry: 27 minecraft:golden_rail net.minecraft.item.ItemBlock@11015ca0
[13:30:10] [Server thread/TRACE] [FML]:   Registry: 28 minecraft:detector_rail net.minecraft.item.ItemBlock@6ebbc06
[13:30:10] [Server thread/TRACE] [FML]:   Registry: 29 minecraft:sticky_piston net.minecraft.item.ItemPiston@430d3021
[13:30:10] [Server thread/TRACE] [FML]:   Registry: 30 minecraft:web net.minecraft.item.ItemBlock@58f290bc
[13:30:10] [Server thread/TRACE] [FML]:   Registry: 31 minecraft:tallgrass net.minecraft.item.ItemColored@3220c28
[13:30:10] [Server thread/TRACE] [FML]:   Registry: 32 minecraft:deadbush net.minecraft.item.ItemBlock@6ae42248
[13:30:10] [Server thread/TRACE] [FML]:   Registry: 33 minecraft:piston net.minecraft.item.ItemPiston@40c28b0d
[13:30:10] [Server thread/TRACE] [FML]:   Registry: 35 minecraft:wool net.minecraft.item.ItemCloth@4045fd1f
[13:30:10] [Server thread/TRACE] [FML]:   Registry: 37 minecraft:yellow_flower net.minecraft.item.ItemMultiTexture@5bde6148
[13:30:10] [Server thread/TRACE] [FML]:   Registry: 38 minecraft:red_flower net.minecraft.item.ItemMultiTexture@2976ef56
[13:30:10] [Server thread/TRACE] [FML]:   Registry: 39 minecraft:brown_mushroom net.minecraft.item.ItemBlock@4345fd45
[13:30:10] [Server thread/TRACE] [FML]:   Registry: 40 minecraft:red_mushroom net.minecraft.item.ItemBlock@4152bd0f
[13:30:10] [Server thread/TRACE] [FML]:   Registry: 41 minecraft:gold_block net.minecraft.item.ItemBlock@10d905c1
[13:30:10] [Server thread/TRACE] [FML]:   Registry: 42 minecraft:iron_block net.minecraft.item.ItemBlock@e4b54d3
[13:30:10] [Server thread/TRACE] [FML]:   Registry: 44 minecraft:stone_slab net.minecraft.item.ItemSlab@19a7906c
[13:30:10] [Server thread/TRACE] [FML]:   Registry: 45 minecraft:brick_block net.minecraft.item.ItemBlock@1da5c19d
[13:30:10] [Server thread/TRACE] [FML]:   Registry: 46 minecraft:tnt net.minecraft.item.ItemBlock@3e4f2300
[13:30:10] [Server thread/TRACE] [FML]:   Registry: 47 minecraft:bookshelf net.minecraft.item.ItemBlock@e706aa
[13:30:10] [Server thread/TRACE] [FML]:   Registry: 48 minecraft:mossy_cobblestone net.minecraft.item.ItemBlock@25e6c22a
[13:30:10] [Server thread/TRACE] [FML]:   Registry: 49 minecraft:obsidian net.minecraft.item.ItemBlock@16fc5622
[13:30:10] [Server thread/TRACE] [FML]:   Registry: 50 minecraft:torch net.minecraft.item.ItemBlock@516c20de
[13:30:10] [Server thread/TRACE] [FML]:   Registry: 52 minecraft:mob_spawner net.minecraft.item.ItemBlock@6bf0f70a
[13:30:10] [Server thread/TRACE] [FML]:   Registry: 53 minecraft:oak_stairs net.minecraft.item.ItemBlock@5310e451
[13:30:10] [Server thread/TRACE] [FML]:   Registry: 54 minecraft:chest net.minecraft.item.ItemBlock@52d63b7e
[13:30:10] [Server thread/TRACE] [FML]:   Registry: 56 minecraft:diamond_ore net.minecraft.item.ItemBlock@74830d73
[13:30:10] [Server thread/TRACE] [FML]:   Registry: 57 minecraft:diamond_block net.minecraft.item.ItemBlock@1827fc4e
[13:30:10] [Server thread/TRACE] [FML]:   Registry: 58 minecraft:crafting_table net.minecraft.item.ItemBlock@4c41a177
[13:30:10] [Server thread/TRACE] [FML]:   Registry: 60 minecraft:farmland net.minecraft.item.ItemBlock@2faf6e4a
[13:30:10] [Server thread/TRACE] [FML]:   Registry: 61 minecraft:furnace net.minecraft.item.ItemBlock@43ab0659
[13:30:10] [Server thread/TRACE] [FML]:   Registry: 65 minecraft:ladder net.minecraft.item.ItemBlock@644947ee
[13:30:10] [Server thread/TRACE] [FML]:   Registry: 66 minecraft:rail net.minecraft.item.ItemBlock@25421809
[13:30:10] [Server thread/TRACE] [FML]:   Registry: 67 minecraft:stone_stairs net.minecraft.item.ItemBlock@714bffd5
[13:30:10] [Server thread/TRACE] [FML]:   Registry: 69 minecraft:lever net.minecraft.item.ItemBlock@6ac9b66b
[13:30:10] [Server thread/TRACE] [FML]:   Registry: 70 minecraft:stone_pressure_plate net.minecraft.item.ItemBlock@4491eaeb
[13:30:10] [Server thread/TRACE] [FML]:   Registry: 72 minecraft:wooden_pressure_plate net.minecraft.item.ItemBlock@71262020
[13:30:10] [Server thread/TRACE] [FML]:   Registry: 73 minecraft:redstone_ore net.minecraft.item.ItemBlock@5f3ddc86
[13:30:10] [Server thread/TRACE] [FML]:   Registry: 76 minecraft:redstone_torch net.minecraft.item.ItemBlock@78e043e4
[13:30:10] [Server thread/TRACE] [FML]:   Registry: 77 minecraft:stone_button net.minecraft.item.ItemBlock@336d28a1
[13:30:10] [Server thread/TRACE] [FML]:   Registry: 78 minecraft:snow_layer net.minecraft.item.ItemSnow@42e202d7
[13:30:10] [Server thread/TRACE] [FML]:   Registry: 79 minecraft:ice net.minecraft.item.ItemBlock@38e7860c
[13:30:10] [Server thread/TRACE] [FML]:   Registry: 80 minecraft:snow net.minecraft.item.ItemBlock@62158991
[13:30:10] [Server thread/TRACE] [FML]:   Registry: 81 minecraft:cactus net.minecraft.item.ItemBlock@40738846
[13:30:10] [Server thread/TRACE] [FML]:   Registry: 82 minecraft:clay net.minecraft.item.ItemBlock@1255de25
[13:30:10] [Server thread/TRACE] [FML]:   Registry: 84 minecraft:jukebox net.minecraft.item.ItemBlock@1686ed85
[13:30:10] [Server thread/TRACE] [FML]:   Registry: 85 minecraft:fence net.minecraft.item.ItemBlock@5891b7c5
[13:30:10] [Server thread/TRACE] [FML]:   Registry: 86 minecraft:pumpkin net.minecraft.item.ItemBlock@3221588e
[13:30:10] [Server thread/TRACE] [FML]:   Registry: 87 minecraft:netherrack net.minecraft.item.ItemBlock@51141f64
[13:30:10] [Server thread/TRACE] [FML]:   Registry: 88 minecraft:soul_sand net.minecraft.item.ItemBlock@32c0fecc
[13:30:10] [Server thread/TRACE] [FML]:   Registry: 89 minecraft:glowstone net.minecraft.item.ItemBlock@35ceec81
[13:30:10] [Server thread/TRACE] [FML]:   Registry: 91 minecraft:lit_pumpkin net.minecraft.item.ItemBlock@d13379e
[13:30:10] [Server thread/TRACE] [FML]:   Registry: 95 minecraft:stained_glass net.minecraft.item.ItemCloth@47b4ac83
[13:30:10] [Server thread/TRACE] [FML]:   Registry: 96 minecraft:trapdoor net.minecraft.item.ItemBlock@7c8df667
[13:30:10] [Server thread/TRACE] [FML]:   Registry: 97 minecraft:monster_egg net.minecraft.item.ItemMultiTexture@cf08c97
[13:30:10] [Server thread/TRACE] [FML]:   Registry: 98 minecraft:stonebrick net.minecraft.item.ItemMultiTexture@70697478
[13:30:10] [Server thread/TRACE] [FML]:   Registry: 99 minecraft:brown_mushroom_block net.minecraft.item.ItemBlock@42b43a6
[13:30:10] [Server thread/TRACE] [FML]:   Registry: 100 minecraft:red_mushroom_block net.minecraft.item.ItemBlock@1d622556
[13:30:10] [Server thread/TRACE] [FML]:   Registry: 101 minecraft:iron_bars net.minecraft.item.ItemBlock@4b9f7edc
[13:30:10] [Server thread/TRACE] [FML]:   Registry: 102 minecraft:glass_pane net.minecraft.item.ItemBlock@70ee1963
[13:30:10] [Server thread/TRACE] [FML]:   Registry: 103 minecraft:melon_block net.minecraft.item.ItemBlock@2e0652ab
[13:30:10] [Server thread/TRACE] [FML]:   Registry: 106 minecraft:vine net.minecraft.item.ItemColored@22c29aa8
[13:30:10] [Server thread/TRACE] [FML]:   Registry: 107 minecraft:fence_gate net.minecraft.item.ItemBlock@129b69b2
[13:30:10] [Server thread/TRACE] [FML]:   Registry: 108 minecraft:brick_stairs net.minecraft.item.ItemBlock@11bfd751
[13:30:10] [Server thread/TRACE] [FML]:   Registry: 109 minecraft:stone_brick_stairs net.minecraft.item.ItemBlock@29519337
[13:30:10] [Server thread/TRACE] [FML]:   Registry: 110 minecraft:mycelium net.minecraft.item.ItemBlock@2152fde5
[13:30:10] [Server thread/TRACE] [FML]:   Registry: 111 minecraft:waterlily net.minecraft.item.ItemLilyPad@32328dc4
[13:30:10] [Server thread/TRACE] [FML]:   Registry: 112 minecraft:nether_brick net.minecraft.item.ItemBlock@17df689e
[13:30:10] [Server thread/TRACE] [FML]:   Registry: 113 minecraft:nether_brick_fence net.minecraft.item.ItemBlock@21540255
[13:30:10] [Server thread/TRACE] [FML]:   Registry: 114 minecraft:nether_brick_stairs net.minecraft.item.ItemBlock@3a7469ca
[13:30:10] [Server thread/TRACE] [FML]:   Registry: 116 minecraft:enchanting_table net.minecraft.item.ItemBlock@1c8e8fed
[13:30:10] [Server thread/TRACE] [FML]:   Registry: 120 minecraft:end_portal_frame net.minecraft.item.ItemBlock@70f98f7a
[13:30:10] [Server thread/TRACE] [FML]:   Registry: 121 minecraft:end_stone net.minecraft.item.ItemBlock@713e7d9a
[13:30:10] [Server thread/TRACE] [FML]:   Registry: 122 minecraft:dragon_egg net.minecraft.item.ItemBlock@846b47
[13:30:10] [Server thread/TRACE] [FML]:   Registry: 123 minecraft:redstone_lamp net.minecraft.item.ItemBlock@3c3ab672
[13:30:10] [Server thread/TRACE] [FML]:   Registry: 126 minecraft:wooden_slab net.minecraft.item.ItemSlab@3e6acec2
[13:30:10] [Server thread/TRACE] [FML]:   Registry: 128 minecraft:sandstone_stairs net.minecraft.item.ItemBlock@3d764641
[13:30:10] [Server thread/TRACE] [FML]:   Registry: 129 minecraft:emerald_ore net.minecraft.item.ItemBlock@1e8bccfb
[13:30:10] [Server thread/TRACE] [FML]:   Registry: 130 minecraft:ender_chest net.minecraft.item.ItemBlock@77eb607e
[13:30:10] [Server thread/TRACE] [FML]:   Registry: 131 minecraft:tripwire_hook net.minecraft.item.ItemBlock@1f1fbc9f
[13:30:10] [Server thread/TRACE] [FML]:   Registry: 133 minecraft:emerald_block net.minecraft.item.ItemBlock@10d4b573
[13:30:10] [Server thread/TRACE] [FML]:   Registry: 134 minecraft:spruce_stairs net.minecraft.item.ItemBlock@50785f86
[13:30:10] [Server thread/TRACE] [FML]:   Registry: 135 minecraft:birch_stairs net.minecraft.item.ItemBlock@7c3c3d67
[13:30:10] [Server thread/TRACE] [FML]:   Registry: 136 minecraft:jungle_stairs net.minecraft.item.ItemBlock@1e258d3b
[13:30:10] [Server thread/TRACE] [FML]:   Registry: 137 minecraft:command_block net.minecraft.item.ItemBlock@2b6fcca1
[13:30:10] [Server thread/TRACE] [FML]:   Registry: 138 minecraft:beacon net.minecraft.item.ItemBlock@39f93225
[13:30:10] [Server thread/TRACE] [FML]:   Registry: 139 minecraft:cobblestone_wall net.minecraft.item.ItemMultiTexture@338a4c61
[13:30:10] [Server thread/TRACE] [FML]:   Registry: 143 minecraft:wooden_button net.minecraft.item.ItemBlock@839755f
[13:30:10] [Server thread/TRACE] [FML]:   Registry: 145 minecraft:anvil net.minecraft.item.ItemAnvilBlock@1b25d695
[13:30:10] [Server thread/TRACE] [FML]:   Registry: 146 minecraft:trapped_chest net.minecraft.item.ItemBlock@4ef8090b
[13:30:10] [Server thread/TRACE] [FML]:   Registry: 147 minecraft:light_weighted_pressure_plate net.minecraft.item.ItemBlock@6d31f14
[13:30:10] [Server thread/TRACE] [FML]:   Registry: 148 minecraft:heavy_weighted_pressure_plate net.minecraft.item.ItemBlock@404009df
[13:30:10] [Server thread/TRACE] [FML]:   Registry: 151 minecraft:daylight_detector net.minecraft.item.ItemBlock@75e4fe3c
[13:30:10] [Server thread/TRACE] [FML]:   Registry: 152 minecraft:redstone_block net.minecraft.item.ItemBlock@7bda01da
[13:30:10] [Server thread/TRACE] [FML]:   Registry: 153 minecraft:quartz_ore net.minecraft.item.ItemBlock@65ef9a0a
[13:30:10] [Server thread/TRACE] [FML]:   Registry: 154 minecraft:hopper net.minecraft.item.ItemBlock@25216999
[13:30:10] [Server thread/TRACE] [FML]:   Registry: 155 minecraft:quartz_block net.minecraft.item.ItemMultiTexture@77e6761f
[13:30:10] [Server thread/TRACE] [FML]:   Registry: 156 minecraft:quartz_stairs net.minecraft.item.ItemBlock@5c997de8
[13:30:10] [Server thread/TRACE] [FML]:   Registry: 157 minecraft:activator_rail net.minecraft.item.ItemBlock@45bf93bb
[13:30:10] [Server thread/TRACE] [FML]:   Registry: 158 minecraft:dropper net.minecraft.item.ItemBlock@6b7c4734
[13:30:10] [Server thread/TRACE] [FML]:   Registry: 159 minecraft:stained_hardened_clay net.minecraft.item.ItemCloth@2f6e92ca
[13:30:10] [Server thread/TRACE] [FML]:   Registry: 160 minecraft:stained_glass_pane net.minecraft.item.ItemCloth@351ede23
[13:30:10] [Server thread/TRACE] [FML]:   Registry: 161 minecraft:leaves2 net.minecraft.item.ItemLeaves@17befef0
[13:30:10] [Server thread/TRACE] [FML]:   Registry: 162 minecraft:log2 net.minecraft.item.ItemMultiTexture@5bb99d1d
[13:30:10] [Server thread/TRACE] [FML]:   Registry: 163 minecraft:acacia_stairs net.minecraft.item.ItemBlock@734cf881
[13:30:10] [Server thread/TRACE] [FML]:   Registry: 164 minecraft:dark_oak_stairs net.minecraft.item.ItemBlock@4a890fdd
[13:30:10] [Server thread/TRACE] [FML]:   Registry: 165 minecraft:slime net.minecraft.item.ItemBlock@56299b0e
[13:30:10] [Server thread/TRACE] [FML]:   Registry: 166 minecraft:barrier net.minecraft.item.ItemBlock@380fdcf2
[13:30:10] [Server thread/TRACE] [FML]:   Registry: 167 minecraft:iron_trapdoor net.minecraft.item.ItemBlock@114b203
[13:30:10] [Server thread/TRACE] [FML]:   Registry: 168 minecraft:prismarine net.minecraft.item.ItemMultiTexture@7c69e1e1
[13:30:10] [Server thread/TRACE] [FML]:   Registry: 169 minecraft:sea_lantern net.minecraft.item.ItemBlock@7b52b18a
[13:30:10] [Server thread/TRACE] [FML]:   Registry: 170 minecraft:hay_block net.minecraft.item.ItemBlock@8d810f2
[13:30:10] [Server thread/TRACE] [FML]:   Registry: 171 minecraft:carpet net.minecraft.item.ItemCloth@537b3be1
[13:30:10] [Server thread/TRACE] [FML]:   Registry: 172 minecraft:hardened_clay net.minecraft.item.ItemBlock@15d58530
[13:30:10] [Server thread/TRACE] [FML]:   Registry: 173 minecraft:coal_block net.minecraft.item.ItemBlock@31f5b923
[13:30:10] [Server thread/TRACE] [FML]:   Registry: 174 minecraft:packed_ice net.minecraft.item.ItemBlock@79e2606f
[13:30:10] [Server thread/TRACE] [FML]:   Registry: 175 minecraft:double_plant net.minecraft.item.ItemMultiTexture@1f68e4e8
[13:30:10] [Server thread/TRACE] [FML]:   Registry: 179 minecraft:red_sandstone net.minecraft.item.ItemMultiTexture@5788722f
[13:30:10] [Server thread/TRACE] [FML]:   Registry: 180 minecraft:red_sandstone_stairs net.minecraft.item.ItemBlock@7a730479
[13:30:10] [Server thread/TRACE] [FML]:   Registry: 182 minecraft:stone_slab2 net.minecraft.item.ItemSlab@1e5b33e5
[13:30:10] [Server thread/TRACE] [FML]:   Registry: 183 minecraft:spruce_fence_gate net.minecraft.item.ItemBlock@12be4f83
[13:30:10] [Server thread/TRACE] [FML]:   Registry: 184 minecraft:birch_fence_gate net.minecraft.item.ItemBlock@eb1d475
[13:30:10] [Server thread/TRACE] [FML]:   Registry: 185 minecraft:jungle_fence_gate net.minecraft.item.ItemBlock@389008d1
[13:30:10] [Server thread/TRACE] [FML]:   Registry: 186 minecraft:dark_oak_fence_gate net.minecraft.item.ItemBlock@718f3088
[13:30:10] [Server thread/TRACE] [FML]:   Registry: 187 minecraft:acacia_fence_gate net.minecraft.item.ItemBlock@11adab6d
[13:30:10] [Server thread/TRACE] [FML]:   Registry: 188 minecraft:spruce_fence net.minecraft.item.ItemBlock@4fc3529
[13:30:10] [Server thread/TRACE] [FML]:   Registry: 189 minecraft:birch_fence net.minecraft.item.ItemBlock@38e46765
[13:30:10] [Server thread/TRACE] [FML]:   Registry: 190 minecraft:jungle_fence net.minecraft.item.ItemBlock@192f5f39
[13:30:10] [Server thread/TRACE] [FML]:   Registry: 191 minecraft:dark_oak_fence net.minecraft.item.ItemBlock@4cd5fc46
[13:30:10] [Server thread/TRACE] [FML]:   Registry: 192 minecraft:acacia_fence net.minecraft.item.ItemBlock@2965dd88
[13:30:10] [Server thread/TRACE] [FML]:   Registry: 198 minecraft:end_rod net.minecraft.item.ItemBlock@6906be0f
[13:30:10] [Server thread/TRACE] [FML]:   Registry: 199 minecraft:chorus_plant net.minecraft.item.ItemBlock@7a62d697
[13:30:10] [Server thread/TRACE] [FML]:   Registry: 200 minecraft:chorus_flower net.minecraft.item.ItemBlock@edbc2bf
[13:30:10] [Server thread/TRACE] [FML]:   Registry: 201 minecraft:purpur_block net.minecraft.item.ItemBlock@3e01796a
[13:30:10] [Server thread/TRACE] [FML]:   Registry: 202 minecraft:purpur_pillar net.minecraft.item.ItemBlock@62ab5e63
[13:30:10] [Server thread/TRACE] [FML]:   Registry: 203 minecraft:purpur_stairs net.minecraft.item.ItemBlock@e91facf
[13:30:10] [Server thread/TRACE] [FML]:   Registry: 205 minecraft:purpur_slab net.minecraft.item.ItemSlab@5e8f0f98
[13:30:10] [Server thread/TRACE] [FML]:   Registry: 206 minecraft:end_bricks net.minecraft.item.ItemBlock@681d704e
[13:30:10] [Server thread/TRACE] [FML]:   Registry: 208 minecraft:grass_path net.minecraft.item.ItemBlock@3ca278bc
[13:30:10] [Server thread/TRACE] [FML]:   Registry: 210 minecraft:repeating_command_block net.minecraft.item.ItemBlock@654b899f
[13:30:10] [Server thread/TRACE] [FML]:   Registry: 211 minecraft:chain_command_block net.minecraft.item.ItemBlock@71468613
[13:30:10] [Server thread/TRACE] [FML]:   Registry: 213 minecraft:magma net.minecraft.item.ItemBlock@13f4048e
[13:30:10] [Server thread/TRACE] [FML]:   Registry: 214 minecraft:nether_wart_block net.minecraft.item.ItemBlock@5477d90e
[13:30:10] [Server thread/TRACE] [FML]:   Registry: 215 minecraft:red_nether_brick net.minecraft.item.ItemBlock@6dc9a56e
[13:30:10] [Server thread/TRACE] [FML]:   Registry: 216 minecraft:bone_block net.minecraft.item.ItemBlock@287ad0da
[13:30:10] [Server thread/TRACE] [FML]:   Registry: 217 minecraft:structure_void net.minecraft.item.ItemBlock@1b19712f
[13:30:10] [Server thread/TRACE] [FML]:   Registry: 218 minecraft:observer net.minecraft.item.ItemBlock@714c74eb
[13:30:10] [Server thread/TRACE] [FML]:   Registry: 219 minecraft:white_shulker_box net.minecraft.item.ItemShulkerBox@2f0cab82
[13:30:10] [Server thread/TRACE] [FML]:   Registry: 220 minecraft:orange_shulker_box net.minecraft.item.ItemShulkerBox@7fcc3745
[13:30:10] [Server thread/TRACE] [FML]:   Registry: 221 minecraft:magenta_shulker_box net.minecraft.item.ItemShulkerBox@6d35ff7b
[13:30:10] [Server thread/TRACE] [FML]:   Registry: 222 minecraft:light_blue_shulker_box net.minecraft.item.ItemShulkerBox@4ef31221
[13:30:10] [Server thread/TRACE] [FML]:   Registry: 223 minecraft:yellow_shulker_box net.minecraft.item.ItemShulkerBox@4e9e0c6
[13:30:10] [Server thread/TRACE] [FML]:   Registry: 224 minecraft:lime_shulker_box net.minecraft.item.ItemShulkerBox@1a819901
[13:30:10] [Server thread/TRACE] [FML]:   Registry: 225 minecraft:pink_shulker_box net.minecraft.item.ItemShulkerBox@588d630d
[13:30:10] [Server thread/TRACE] [FML]:   Registry: 226 minecraft:gray_shulker_box net.minecraft.item.ItemShulkerBox@eb91027
[13:30:10] [Server thread/TRACE] [FML]:   Registry: 227 minecraft:silver_shulker_box net.minecraft.item.ItemShulkerBox@459d2ee6
[13:30:10] [Server thread/TRACE] [FML]:   Registry: 228 minecraft:cyan_shulker_box net.minecraft.item.ItemShulkerBox@5342eec5
[13:30:10] [Server thread/TRACE] [FML]:   Registry: 229 minecraft:purple_shulker_box net.minecraft.item.ItemShulkerBox@60e47aab
[13:30:10] [Server thread/TRACE] [FML]:   Registry: 230 minecraft:blue_shulker_box net.minecraft.item.ItemShulkerBox@261a66b8
[13:30:10] [Server thread/TRACE] [FML]:   Registry: 231 minecraft:brown_shulker_box net.minecraft.item.ItemShulkerBox@adc8683
[13:30:10] [Server thread/TRACE] [FML]:   Registry: 232 minecraft:green_shulker_box net.minecraft.item.ItemShulkerBox@4eac65db
[13:30:10] [Server thread/TRACE] [FML]:   Registry: 233 minecraft:red_shulker_box net.minecraft.item.ItemShulkerBox@dde6f87
[13:30:10] [Server thread/TRACE] [FML]:   Registry: 234 minecraft:black_shulker_box net.minecraft.item.ItemShulkerBox@7884f722
[13:30:10] [Server thread/TRACE] [FML]:   Registry: 235 minecraft:white_glazed_terracotta net.minecraft.item.ItemBlock@16029e2f
[13:30:10] [Server thread/TRACE] [FML]:   Registry: 236 minecraft:orange_glazed_terracotta net.minecraft.item.ItemBlock@3b2db389
[13:30:10] [Server thread/TRACE] [FML]:   Registry: 237 minecraft:magenta_glazed_terracotta net.minecraft.item.ItemBlock@45f1413c
[13:30:10] [Server thread/TRACE] [FML]:   Registry: 238 minecraft:light_blue_glazed_terracotta net.minecraft.item.ItemBlock@1a139347
[13:30:10] [Server thread/TRACE] [FML]:   Registry: 239 minecraft:yellow_glazed_terracotta net.minecraft.item.ItemBlock@186295cc
[13:30:10] [Server thread/TRACE] [FML]:   Registry: 240 minecraft:lime_glazed_terracotta net.minecraft.item.ItemBlock@4e85dcb2
[13:30:10] [Server thread/TRACE] [FML]:   Registry: 241 minecraft:pink_glazed_terracotta net.minecraft.item.ItemBlock@1b28cff
[13:30:10] [Server thread/TRACE] [FML]:   Registry: 242 minecraft:gray_glazed_terracotta net.minecraft.item.ItemBlock@73dbe25
[13:30:10] [Server thread/TRACE] [FML]:   Registry: 243 minecraft:silver_glazed_terracotta net.minecraft.item.ItemBlock@bfd97fb
[13:30:10] [Server thread/TRACE] [FML]:   Registry: 244 minecraft:cyan_glazed_terracotta net.minecraft.item.ItemBlock@6bfdaa7a
[13:30:10] [Server thread/TRACE] [FML]:   Registry: 245 minecraft:purple_glazed_terracotta net.minecraft.item.ItemBlock@7e3d168e
[13:30:10] [Server thread/TRACE] [FML]:   Registry: 246 minecraft:blue_glazed_terracotta net.minecraft.item.ItemBlock@149b53fa
[13:30:10] [Server thread/TRACE] [FML]:   Registry: 247 minecraft:brown_glazed_terracotta net.minecraft.item.ItemBlock@73be4cdd
[13:30:10] [Server thread/TRACE] [FML]:   Registry: 248 minecraft:green_glazed_terracotta net.minecraft.item.ItemBlock@751686aa
[13:30:10] [Server thread/TRACE] [FML]:   Registry: 249 minecraft:red_glazed_terracotta net.minecraft.item.ItemBlock@638977e0
[13:30:10] [Server thread/TRACE] [FML]:   Registry: 250 minecraft:black_glazed_terracotta net.minecraft.item.ItemBlock@2dc3ece8
[13:30:10] [Server thread/TRACE] [FML]:   Registry: 251 minecraft:concrete net.minecraft.item.ItemCloth@2c1a8529
[13:30:10] [Server thread/TRACE] [FML]:   Registry: 252 minecraft:concrete_powder net.minecraft.item.ItemCloth@6d7865d6
[13:30:10] [Server thread/TRACE] [FML]:   Registry: 255 minecraft:structure_block net.minecraft.item.ItemBlock@45e639ee
[13:30:10] [Server thread/TRACE] [FML]:   Registry: 256 minecraft:iron_shovel net.minecraft.item.ItemSpade@55b62db8
[13:30:10] [Server thread/TRACE] [FML]:   Registry: 257 minecraft:iron_pickaxe net.minecraft.item.ItemPickaxe@3caa4d85
[13:30:10] [Server thread/TRACE] [FML]:   Registry: 258 minecraft:iron_axe net.minecraft.item.ItemAxe@51508029
[13:30:10] [Server thread/TRACE] [FML]:   Registry: 259 minecraft:flint_and_steel net.minecraft.item.ItemFlintAndSteel@76e00bdb
[13:30:10] [Server thread/TRACE] [FML]:   Registry: 260 minecraft:apple net.minecraft.item.ItemFood@76dc36e5
[13:30:10] [Server thread/TRACE] [FML]:   Registry: 261 minecraft:bow net.minecraft.item.ItemBow@40ac0a56
[13:30:10] [Server thread/TRACE] [FML]:   Registry: 262 minecraft:arrow net.minecraft.item.ItemArrow@c4551c6
[13:30:10] [Server thread/TRACE] [FML]:   Registry: 263 minecraft:coal net.minecraft.item.ItemCoal@528f5b7f
[13:30:10] [Server thread/TRACE] [FML]:   Registry: 264 minecraft:diamond net.minecraft.item.Item@3ccfac29
[13:30:10] [Server thread/TRACE] [FML]:   Registry: 265 minecraft:iron_ingot net.minecraft.item.Item@5c41b8d8
[13:30:10] [Server thread/TRACE] [FML]:   Registry: 266 minecraft:gold_ingot net.minecraft.item.Item@77ea960f
[13:30:10] [Server thread/TRACE] [FML]:   Registry: 267 minecraft:iron_sword net.minecraft.item.ItemSword@d512c1
[13:30:10] [Server thread/TRACE] [FML]:   Registry: 268 minecraft:wooden_sword net.minecraft.item.ItemSword@578b2dec
[13:30:10] [Server thread/TRACE] [FML]:   Registry: 269 minecraft:wooden_shovel net.minecraft.item.ItemSpade@66863941
[13:30:10] [Server thread/TRACE] [FML]:   Registry: 270 minecraft:wooden_pickaxe net.minecraft.item.ItemPickaxe@39f4a7c4
[13:30:10] [Server thread/TRACE] [FML]:   Registry: 271 minecraft:wooden_axe net.minecraft.item.ItemAxe@111fe921
[13:30:10] [Server thread/TRACE] [FML]:   Registry: 272 minecraft:stone_sword net.minecraft.item.ItemSword@1ff542a3
[13:30:10] [Server thread/TRACE] [FML]:   Registry: 273 minecraft:stone_shovel net.minecraft.item.ItemSpade@48ee3c2d
[13:30:10] [Server thread/TRACE] [FML]:   Registry: 274 minecraft:stone_pickaxe net.minecraft.item.ItemPickaxe@54387873
[13:30:10] [Server thread/TRACE] [FML]:   Registry: 275 minecraft:stone_axe net.minecraft.item.ItemAxe@3a80c534
[13:30:10] [Server thread/TRACE] [FML]:   Registry: 276 minecraft:diamond_sword net.minecraft.item.ItemSword@fd5689d
[13:30:10] [Server thread/TRACE] [FML]:   Registry: 277 minecraft:diamond_shovel net.minecraft.item.ItemSpade@36e3321e
[13:30:10] [Server thread/TRACE] [FML]:   Registry: 278 minecraft:diamond_pickaxe net.minecraft.item.ItemPickaxe@218f2f51
[13:30:10] [Server thread/TRACE] [FML]:   Registry: 279 minecraft:diamond_axe net.minecraft.item.ItemAxe@1d9af731
[13:30:10] [Server thread/TRACE] [FML]:   Registry: 280 minecraft:stick net.minecraft.item.Item@39afe59f
[13:30:10] [Server thread/TRACE] [FML]:   Registry: 281 minecraft:bowl net.minecraft.item.Item@16f34376
[13:30:10] [Server thread/TRACE] [FML]:   Registry: 282 minecraft:mushroom_stew net.minecraft.item.ItemSoup@70ecf57b
[13:30:10] [Server thread/TRACE] [FML]:   Registry: 283 minecraft:golden_sword net.minecraft.item.ItemSword@4e5364a3
[13:30:10] [Server thread/TRACE] [FML]:   Registry: 284 minecraft:golden_shovel net.minecraft.item.ItemSpade@1a336906
[13:30:10] [Server thread/TRACE] [FML]:   Registry: 285 minecraft:golden_pickaxe net.minecraft.item.ItemPickaxe@62054faf
[13:30:10] [Server thread/TRACE] [FML]:   Registry: 286 minecraft:golden_axe net.minecraft.item.ItemAxe@75d539b9
[13:30:10] [Server thread/TRACE] [FML]:   Registry: 287 minecraft:string net.minecraft.item.ItemBlockSpecial@24f177f5
[13:30:10] [Server thread/TRACE] [FML]:   Registry: 288 minecraft:feather net.minecraft.item.Item@65e05005
[13:30:10] [Server thread/TRACE] [FML]:   Registry: 289 minecraft:gunpowder net.minecraft.item.Item@6ed691fd
[13:30:10] [Server thread/TRACE] [FML]:   Registry: 290 minecraft:wooden_hoe net.minecraft.item.ItemHoe@77ce8bc5
[13:30:10] [Server thread/TRACE] [FML]:   Registry: 291 minecraft:stone_hoe net.minecraft.item.ItemHoe@2fcc5f49
[13:30:10] [Server thread/TRACE] [FML]:   Registry: 292 minecraft:iron_hoe net.minecraft.item.ItemHoe@28e48b65
[13:30:10] [Server thread/TRACE] [FML]:   Registry: 293 minecraft:diamond_hoe net.minecraft.item.ItemHoe@6cde0c69
[13:30:10] [Server thread/TRACE] [FML]:   Registry: 294 minecraft:golden_hoe net.minecraft.item.ItemHoe@6f4d2294
[13:30:10] [Server thread/TRACE] [FML]:   Registry: 295 minecraft:wheat_seeds net.minecraft.item.ItemSeeds@26aee0a6
[13:30:10] [Server thread/TRACE] [FML]:   Registry: 296 minecraft:wheat net.minecraft.item.Item@20184ade
[13:30:10] [Server thread/TRACE] [FML]:   Registry: 297 minecraft:bread net.minecraft.item.ItemFood@35fb3209
[13:30:10] [Server thread/TRACE] [FML]:   Registry: 298 minecraft:leather_helmet net.minecraft.item.ItemArmor@340b4f07
[13:30:10] [Server thread/TRACE] [FML]:   Registry: 299 minecraft:leather_chestplate net.minecraft.item.ItemArmor@e994ca
[13:30:10] [Server thread/TRACE] [FML]:   Registry: 300 minecraft:leather_leggings net.minecraft.item.ItemArmor@5a205ee5
[13:30:10] [Server thread/TRACE] [FML]:   Registry: 301 minecraft:leather_boots net.minecraft.item.ItemArmor@7fb44737
[13:30:10] [Server thread/TRACE] [FML]:   Registry: 302 minecraft:chainmail_helmet net.minecraft.item.ItemArmor@11295cb1
[13:30:10] [Server thread/TRACE] [FML]:   Registry: 303 minecraft:chainmail_chestplate net.minecraft.item.ItemArmor@5daad59a
[13:30:10] [Server thread/TRACE] [FML]:   Registry: 304 minecraft:chainmail_leggings net.minecraft.item.ItemArmor@5256fbc
[13:30:10] [Server thread/TRACE] [FML]:   Registry: 305 minecraft:chainmail_boots net.minecraft.item.ItemArmor@58f50dd0
[13:30:10] [Server thread/TRACE] [FML]:   Registry: 306 minecraft:iron_helmet net.minecraft.item.ItemArmor@3620eab
[13:30:10] [Server thread/TRACE] [FML]:   Registry: 307 minecraft:iron_chestplate net.minecraft.item.ItemArmor@8ef1d58
[13:30:10] [Server thread/TRACE] [FML]:   Registry: 308 minecraft:iron_leggings net.minecraft.item.ItemArmor@2619cb76
[13:30:10] [Server thread/TRACE] [FML]:   Registry: 309 minecraft:iron_boots net.minecraft.item.ItemArmor@56f2c9e8
[13:30:10] [Server thread/TRACE] [FML]:   Registry: 310 minecraft:diamond_helmet net.minecraft.item.ItemArmor@457692cb
[13:30:10] [Server thread/TRACE] [FML]:   Registry: 311 minecraft:diamond_chestplate net.minecraft.item.ItemArmor@350342e0
[13:30:10] [Server thread/TRACE] [FML]:   Registry: 312 minecraft:diamond_leggings net.minecraft.item.ItemArmor@5d297d4d
[13:30:10] [Server thread/TRACE] [FML]:   Registry: 313 minecraft:diamond_boots net.minecraft.item.ItemArmor@1dd44289
[13:30:10] [Server thread/TRACE] [FML]:   Registry: 314 minecraft:golden_helmet net.minecraft.item.ItemArmor@6cc56b32
[13:30:10] [Server thread/TRACE] [FML]:   Registry: 315 minecraft:golden_chestplate net.minecraft.item.ItemArmor@43fe2008
[13:30:10] [Server thread/TRACE] [FML]:   Registry: 316 minecraft:golden_leggings net.minecraft.item.ItemArmor@552bee2f
[13:30:10] [Server thread/TRACE] [FML]:   Registry: 317 minecraft:golden_boots net.minecraft.item.ItemArmor@6a543e09
[13:30:10] [Server thread/TRACE] [FML]:   Registry: 318 minecraft:flint net.minecraft.item.Item@2d0f548a
[13:30:10] [Server thread/TRACE] [FML]:   Registry: 319 minecraft:porkchop net.minecraft.item.ItemFood@1fc3df43
[13:30:10] [Server thread/TRACE] [FML]:   Registry: 320 minecraft:cooked_porkchop net.minecraft.item.ItemFood@15130002
[13:30:10] [Server thread/TRACE] [FML]:   Registry: 321 minecraft:painting net.minecraft.item.ItemHangingEntity@70592729
[13:30:10] [Server thread/TRACE] [FML]:   Registry: 322 minecraft:golden_apple net.minecraft.item.ItemAppleGold@54d60fa1
[13:30:10] [Server thread/TRACE] [FML]:   Registry: 323 minecraft:sign net.minecraft.item.ItemSign@57b711b6
[13:30:10] [Server thread/TRACE] [FML]:   Registry: 324 minecraft:wooden_door net.minecraft.item.ItemDoor@55881f40
[13:30:10] [Server thread/TRACE] [FML]:   Registry: 325 minecraft:bucket net.minecraft.item.ItemBucket@31082efa
[13:30:10] [Server thread/TRACE] [FML]:   Registry: 326 minecraft:water_bucket net.minecraft.item.ItemBucket@4ca5cb99
[13:30:10] [Server thread/TRACE] [FML]:   Registry: 327 minecraft:lava_bucket net.minecraft.item.ItemBucket@7853363c
[13:30:10] [Server thread/TRACE] [FML]:   Registry: 328 minecraft:minecart net.minecraft.item.ItemMinecart@1cdd31a4
[13:30:10] [Server thread/TRACE] [FML]:   Registry: 329 minecraft:saddle net.minecraft.item.ItemSaddle@68df8c6
[13:30:10] [Server thread/TRACE] [FML]:   Registry: 330 minecraft:iron_door net.minecraft.item.ItemDoor@7c206b14
[13:30:10] [Server thread/TRACE] [FML]:   Registry: 331 minecraft:redstone net.minecraft.item.ItemRedstone@79d14037
[13:30:10] [Server thread/TRACE] [FML]:   Registry: 332 minecraft:snowball net.minecraft.item.ItemSnowball@1c3d9e28
[13:30:10] [Server thread/TRACE] [FML]:   Registry: 333 minecraft:boat net.minecraft.item.ItemBoat@156ff70f
[13:30:10] [Server thread/TRACE] [FML]:   Registry: 334 minecraft:leather net.minecraft.item.Item@c5a2d5
[13:30:10] [Server thread/TRACE] [FML]:   Registry: 335 minecraft:milk_bucket net.minecraft.item.ItemBucketMilk@681311a7
[13:30:10] [Server thread/TRACE] [FML]:   Registry: 336 minecraft:brick net.minecraft.item.Item@2c7375da
[13:30:10] [Server thread/TRACE] [FML]:   Registry: 337 minecraft:clay_ball net.minecraft.item.Item@68c4db77
[13:30:10] [Server thread/TRACE] [FML]:   Registry: 338 minecraft:reeds net.minecraft.item.ItemBlockSpecial@775c4054
[13:30:10] [Server thread/TRACE] [FML]:   Registry: 339 minecraft:paper net.minecraft.item.Item@7b2e931
[13:30:10] [Server thread/TRACE] [FML]:   Registry: 340 minecraft:book net.minecraft.item.ItemBook@f08d676
[13:30:10] [Server thread/TRACE] [FML]:   Registry: 341 minecraft:slime_ball net.minecraft.item.Item@3eedd0e3
[13:30:10] [Server thread/TRACE] [FML]:   Registry: 342 minecraft:chest_minecart net.minecraft.item.ItemMinecart@478089b6
[13:30:10] [Server thread/TRACE] [FML]:   Registry: 343 minecraft:furnace_minecart net.minecraft.item.ItemMinecart@72f35a31
[13:30:10] [Server thread/TRACE] [FML]:   Registry: 344 minecraft:egg net.minecraft.item.ItemEgg@7a30e30b
[13:30:10] [Server thread/TRACE] [FML]:   Registry: 345 minecraft:compass net.minecraft.item.ItemCompass@5a583720
[13:30:10] [Server thread/TRACE] [FML]:   Registry: 346 minecraft:fishing_rod net.minecraft.item.ItemFishingRod@6ceb11f9
[13:30:10] [Server thread/TRACE] [FML]:   Registry: 347 minecraft:clock net.minecraft.item.ItemClock@1b4ba615
[13:30:10] [Server thread/TRACE] [FML]:   Registry: 348 minecraft:glowstone_dust net.minecraft.item.Item@4407b042
[13:30:10] [Server thread/TRACE] [FML]:   Registry: 349 minecraft:fish net.minecraft.item.ItemFishFood@77a9ac36
[13:30:10] [Server thread/TRACE] [FML]:   Registry: 350 minecraft:cooked_fish net.minecraft.item.ItemFishFood@3c743d40
[13:30:10] [Server thread/TRACE] [FML]:   Registry: 351 minecraft:dye net.minecraft.item.ItemDye@23bd2f6e
[13:30:10] [Server thread/TRACE] [FML]:   Registry: 352 minecraft:bone net.minecraft.item.Item@18e8eb59
[13:30:10] [Server thread/TRACE] [FML]:   Registry: 353 minecraft:sugar net.minecraft.item.Item@2430cf17
[13:30:10] [Server thread/TRACE] [FML]:   Registry: 354 minecraft:cake net.minecraft.item.ItemBlockSpecial@1e95f584
[13:30:10] [Server thread/TRACE] [FML]:   Registry: 355 minecraft:bed net.minecraft.item.ItemBed@76b05c0
[13:30:10] [Server thread/TRACE] [FML]:   Registry: 356 minecraft:repeater net.minecraft.item.ItemBlockSpecial@2b974137
[13:30:10] [Server thread/TRACE] [FML]:   Registry: 357 minecraft:cookie net.minecraft.item.ItemFood@7402c49f
[13:30:10] [Server thread/TRACE] [FML]:   Registry: 358 minecraft:filled_map net.minecraft.item.ItemMap@53fbb2b4
[13:30:10] [Server thread/TRACE] [FML]:   Registry: 359 minecraft:shears net.minecraft.item.ItemShears@d0a2c82
[13:30:10] [Server thread/TRACE] [FML]:   Registry: 360 minecraft:melon net.minecraft.item.ItemFood@430aae8e
[13:30:10] [Server thread/TRACE] [FML]:   Registry: 361 minecraft:pumpkin_seeds net.minecraft.item.ItemSeeds@78504ce9
[13:30:10] [Server thread/TRACE] [FML]:   Registry: 362 minecraft:melon_seeds net.minecraft.item.ItemSeeds@4e52d2f2
[13:30:10] [Server thread/TRACE] [FML]:   Registry: 363 minecraft:beef net.minecraft.item.ItemFood@12608986
[13:30:10] [Server thread/TRACE] [FML]:   Registry: 364 minecraft:cooked_beef net.minecraft.item.ItemFood@4882b9a
[13:30:10] [Server thread/TRACE] [FML]:   Registry: 365 minecraft:chicken net.minecraft.item.ItemFood@61d09475
[13:30:10] [Server thread/TRACE] [FML]:   Registry: 366 minecraft:cooked_chicken net.minecraft.item.ItemFood@d0fabc8
[13:30:10] [Server thread/TRACE] [FML]:   Registry: 367 minecraft:rotten_flesh net.minecraft.item.ItemFood@12d44a2a
[13:30:10] [Server thread/TRACE] [FML]:   Registry: 368 minecraft:ender_pearl net.minecraft.item.ItemEnderPearl@749ad37c
[13:30:10] [Server thread/TRACE] [FML]:   Registry: 369 minecraft:blaze_rod net.minecraft.item.Item@1b485c8b
[13:30:10] [Server thread/TRACE] [FML]:   Registry: 370 minecraft:ghast_tear net.minecraft.item.Item@59b98ad1
[13:30:10] [Server thread/TRACE] [FML]:   Registry: 371 minecraft:gold_nugget net.minecraft.item.Item@591e5fd4
[13:30:10] [Server thread/TRACE] [FML]:   Registry: 372 minecraft:nether_wart net.minecraft.item.ItemSeeds@7bbd76b8
[13:30:10] [Server thread/TRACE] [FML]:   Registry: 373 minecraft:potion net.minecraft.item.ItemPotion@37b238da
[13:30:10] [Server thread/TRACE] [FML]:   Registry: 374 minecraft:glass_bottle net.minecraft.item.ItemGlassBottle@1b317e7d
[13:30:10] [Server thread/TRACE] [FML]:   Registry: 375 minecraft:spider_eye net.minecraft.item.ItemFood@1bb4c431
[13:30:10] [Server thread/TRACE] [FML]:   Registry: 376 minecraft:fermented_spider_eye net.minecraft.item.Item@4fd3b20a
[13:30:10] [Server thread/TRACE] [FML]:   Registry: 377 minecraft:blaze_powder net.minecraft.item.Item@295d54d6
[13:30:10] [Server thread/TRACE] [FML]:   Registry: 378 minecraft:magma_cream net.minecraft.item.Item@398f0516
[13:30:10] [Server thread/TRACE] [FML]:   Registry: 379 minecraft:brewing_stand net.minecraft.item.ItemBlockSpecial@4a7db5a
[13:30:10] [Server thread/TRACE] [FML]:   Registry: 380 minecraft:cauldron net.minecraft.item.ItemBlockSpecial@56b66a26
[13:30:10] [Server thread/TRACE] [FML]:   Registry: 381 minecraft:ender_eye net.minecraft.item.ItemEnderEye@acd3460
[13:30:10] [Server thread/TRACE] [FML]:   Registry: 382 minecraft:speckled_melon net.minecraft.item.Item@3ea9a091
[13:30:10] [Server thread/TRACE] [FML]:   Registry: 383 minecraft:spawn_egg net.minecraft.item.ItemMonsterPlacer@543da15
[13:30:10] [Server thread/TRACE] [FML]:   Registry: 384 minecraft:experience_bottle net.minecraft.item.ItemExpBottle@69de72ec
[13:30:10] [Server thread/TRACE] [FML]:   Registry: 385 minecraft:fire_charge net.minecraft.item.ItemFireball@236b4a44
[13:30:10] [Server thread/TRACE] [FML]:   Registry: 386 minecraft:writable_book net.minecraft.item.ItemWritableBook@4213bc3e
[13:30:10] [Server thread/TRACE] [FML]:   Registry: 387 minecraft:written_book net.minecraft.item.ItemWrittenBook@773f3360
[13:30:10] [Server thread/TRACE] [FML]:   Registry: 388 minecraft:emerald net.minecraft.item.Item@352c3d70
[13:30:10] [Server thread/TRACE] [FML]:   Registry: 389 minecraft:item_frame net.minecraft.item.ItemHangingEntity@4c13ca07
[13:30:10] [Server thread/TRACE] [FML]:   Registry: 390 minecraft:flower_pot net.minecraft.item.ItemBlockSpecial@7d17906
[13:30:10] [Server thread/TRACE] [FML]:   Registry: 391 minecraft:carrot net.minecraft.item.ItemSeedFood@5534e6f1
[13:30:10] [Server thread/TRACE] [FML]:   Registry: 392 minecraft:potato net.minecraft.item.ItemSeedFood@4c6fc3e7
[13:30:10] [Server thread/TRACE] [FML]:   Registry: 393 minecraft:baked_potato net.minecraft.item.ItemFood@aa8dce8
[13:30:10] [Server thread/TRACE] [FML]:   Registry: 394 minecraft:poisonous_potato net.minecraft.item.ItemFood@6ad112de
[13:30:10] [Server thread/TRACE] [FML]:   Registry: 395 minecraft:map net.minecraft.item.ItemEmptyMap@1f6f0fe2
[13:30:10] [Server thread/TRACE] [FML]:   Registry: 396 minecraft:golden_carrot net.minecraft.item.ItemFood@22604c7e
[13:30:10] [Server thread/TRACE] [FML]:   Registry: 397 minecraft:skull net.minecraft.item.ItemSkull@1e4d8770
[13:30:10] [Server thread/TRACE] [FML]:   Registry: 398 minecraft:carrot_on_a_stick net.minecraft.item.ItemCarrotOnAStick@13404f75
[13:30:10] [Server thread/TRACE] [FML]:   Registry: 399 minecraft:nether_star net.minecraft.item.ItemSimpleFoiled@8aa5ab4
[13:30:10] [Server thread/TRACE] [FML]:   Registry: 400 minecraft:pumpkin_pie net.minecraft.item.ItemFood@53e4a19e
[13:30:10] [Server thread/TRACE] [FML]:   Registry: 401 minecraft:fireworks net.minecraft.item.ItemFirework@7a7f9d45
[13:30:10] [Server thread/TRACE] [FML]:   Registry: 402 minecraft:firework_charge net.minecraft.item.ItemFireworkCharge@1fc5c0b2
[13:30:10] [Server thread/TRACE] [FML]:   Registry: 403 minecraft:enchanted_book net.minecraft.item.ItemEnchantedBook@47b961e2
[13:30:10] [Server thread/TRACE] [FML]:   Registry: 404 minecraft:comparator net.minecraft.item.ItemBlockSpecial@d2cb2d0
[13:30:10] [Server thread/TRACE] [FML]:   Registry: 405 minecraft:netherbrick net.minecraft.item.Item@2d230cff
[13:30:10] [Server thread/TRACE] [FML]:   Registry: 406 minecraft:quartz net.minecraft.item.Item@30bd39d5
[13:30:10] [Server thread/TRACE] [FML]:   Registry: 407 minecraft:tnt_minecart net.minecraft.item.ItemMinecart@3c87e851
[13:30:10] [Server thread/TRACE] [FML]:   Registry: 408 minecraft:hopper_minecart net.minecraft.item.ItemMinecart@54556723
[13:30:10] [Server thread/TRACE] [FML]:   Registry: 409 minecraft:prismarine_shard net.minecraft.item.Item@6124dda2
[13:30:10] [Server thread/TRACE] [FML]:   Registry: 410 minecraft:prismarine_crystals net.minecraft.item.Item@380e33c2
[13:30:10] [Server thread/TRACE] [FML]:   Registry: 411 minecraft:rabbit net.minecraft.item.ItemFood@3bc891f2
[13:30:10] [Server thread/TRACE] [FML]:   Registry: 412 minecraft:cooked_rabbit net.minecraft.item.ItemFood@445b85d7
[13:30:10] [Server thread/TRACE] [FML]:   Registry: 413 minecraft:rabbit_stew net.minecraft.item.ItemSoup@3d59933
[13:30:10] [Server thread/TRACE] [FML]:   Registry: 414 minecraft:rabbit_foot net.minecraft.item.Item@4a0c3aa8
[13:30:10] [Server thread/TRACE] [FML]:   Registry: 415 minecraft:rabbit_hide net.minecraft.item.Item@3534651a
[13:30:10] [Server thread/TRACE] [FML]:   Registry: 416 minecraft:armor_stand net.minecraft.item.ItemArmorStand@4bff28e7
[13:30:10] [Server thread/TRACE] [FML]:   Registry: 417 minecraft:iron_horse_armor net.minecraft.item.Item@39e7e040
[13:30:10] [Server thread/TRACE] [FML]:   Registry: 418 minecraft:golden_horse_armor net.minecraft.item.Item@2591d23a
[13:30:10] [Server thread/TRACE] [FML]:   Registry: 419 minecraft:diamond_horse_armor net.minecraft.item.Item@6c1f15df
[13:30:10] [Server thread/TRACE] [FML]:   Registry: 420 minecraft:lead net.minecraft.item.ItemLead@47ffdbba
[13:30:10] [Server thread/TRACE] [FML]:   Registry: 421 minecraft:name_tag net.minecraft.item.ItemNameTag@420b55ed
[13:30:10] [Server thread/TRACE] [FML]:   Registry: 422 minecraft:command_block_minecart net.minecraft.item.ItemMinecart@f237ae7
[13:30:10] [Server thread/TRACE] [FML]:   Registry: 423 minecraft:mutton net.minecraft.item.ItemFood@42edde25
[13:30:10] [Server thread/TRACE] [FML]:   Registry: 424 minecraft:cooked_mutton net.minecraft.item.ItemFood@6fe5da76
[13:30:10] [Server thread/TRACE] [FML]:   Registry: 425 minecraft:banner net.minecraft.item.ItemBanner@33e8e146
[13:30:10] [Server thread/TRACE] [FML]:   Registry: 426 minecraft:end_crystal net.minecraft.item.ItemEndCrystal@66048ac4
[13:30:10] [Server thread/TRACE] [FML]:   Registry: 427 minecraft:spruce_door net.minecraft.item.ItemDoor@4f525e13
[13:30:10] [Server thread/TRACE] [FML]:   Registry: 428 minecraft:birch_door net.minecraft.item.ItemDoor@5d404a3c
[13:30:10] [Server thread/TRACE] [FML]:   Registry: 429 minecraft:jungle_door net.minecraft.item.ItemDoor@af9dd34
[13:30:10] [Server thread/TRACE] [FML]:   Registry: 430 minecraft:acacia_door net.minecraft.item.ItemDoor@48692405
[13:30:10] [Server thread/TRACE] [FML]:   Registry: 431 minecraft:dark_oak_door net.minecraft.item.ItemDoor@151659dd
[13:30:10] [Server thread/TRACE] [FML]:   Registry: 432 minecraft:chorus_fruit net.minecraft.item.ItemChorusFruit@25e95af1
[13:30:10] [Server thread/TRACE] [FML]:   Registry: 433 minecraft:chorus_fruit_popped net.minecraft.item.Item@4fa8297b
[13:30:10] [Server thread/TRACE] [FML]:   Registry: 434 minecraft:beetroot net.minecraft.item.ItemFood@6644bdf5
[13:30:10] [Server thread/TRACE] [FML]:   Registry: 435 minecraft:beetroot_seeds net.minecraft.item.ItemSeeds@13cf5f8a
[13:30:10] [Server thread/TRACE] [FML]:   Registry: 436 minecraft:beetroot_soup net.minecraft.item.ItemSoup@7c9ea1d0
[13:30:10] [Server thread/TRACE] [FML]:   Registry: 437 minecraft:dragon_breath net.minecraft.item.Item@72f3acc9
[13:30:10] [Server thread/TRACE] [FML]:   Registry: 438 minecraft:splash_potion net.minecraft.item.ItemSplashPotion@3a8b9458
[13:30:10] [Server thread/TRACE] [FML]:   Registry: 439 minecraft:spectral_arrow net.minecraft.item.ItemSpectralArrow@78bd02c8
[13:30:10] [Server thread/TRACE] [FML]:   Registry: 440 minecraft:tipped_arrow net.minecraft.item.ItemTippedArrow@69f3e556
[13:30:10] [Server thread/TRACE] [FML]:   Registry: 441 minecraft:lingering_potion net.minecraft.item.ItemLingeringPotion@77f4038c
[13:30:10] [Server thread/TRACE] [FML]:   Registry: 442 minecraft:shield net.minecraft.item.ItemShield@71668a67
[13:30:10] [Server thread/TRACE] [FML]:   Registry: 443 minecraft:elytra net.minecraft.item.ItemElytra@5b6cc344
[13:30:10] [Server thread/TRACE] [FML]:   Registry: 444 minecraft:spruce_boat net.minecraft.item.ItemBoat@2110684a
[13:30:10] [Server thread/TRACE] [FML]:   Registry: 445 minecraft:birch_boat net.minecraft.item.ItemBoat@83e635f
[13:30:10] [Server thread/TRACE] [FML]:   Registry: 446 minecraft:jungle_boat net.minecraft.item.ItemBoat@61d011e
[13:30:10] [Server thread/TRACE] [FML]:   Registry: 447 minecraft:acacia_boat net.minecraft.item.ItemBoat@3b56947a
[13:30:10] [Server thread/TRACE] [FML]:   Registry: 448 minecraft:dark_oak_boat net.minecraft.item.ItemBoat@1926f962
[13:30:10] [Server thread/TRACE] [FML]:   Registry: 449 minecraft:totem_of_undying net.minecraft.item.Item@62794582
[13:30:10] [Server thread/TRACE] [FML]:   Registry: 450 minecraft:shulker_shell net.minecraft.item.Item@c82ad22
[13:30:10] [Server thread/TRACE] [FML]:   Registry: 452 minecraft:iron_nugget net.minecraft.item.Item@3f80d8c
[13:30:10] [Server thread/TRACE] [FML]:   Registry: 453 minecraft:knowledge_book net.minecraft.item.ItemKnowledgeBook@2a661215
[13:30:10] [Server thread/TRACE] [FML]:   Registry: 2256 minecraft:record_13 net.minecraft.item.ItemRecord@49cceb19
[13:30:10] [Server thread/TRACE] [FML]:   Registry: 2257 minecraft:record_cat net.minecraft.item.ItemRecord@197d5a87
[13:30:10] [Server thread/TRACE] [FML]:   Registry: 2258 minecraft:record_blocks net.minecraft.item.ItemRecord@131d977f
[13:30:10] [Server thread/TRACE] [FML]:   Registry: 2259 minecraft:record_chirp net.minecraft.item.ItemRecord@616f81b5
[13:30:10] [Server thread/TRACE] [FML]:   Registry: 2260 minecraft:record_far net.minecraft.item.ItemRecord@4f552aa2
[13:30:10] [Server thread/TRACE] [FML]:   Registry: 2261 minecraft:record_mall net.minecraft.item.ItemRecord@3c8fe8ad
[13:30:10] [Server thread/TRACE] [FML]:   Registry: 2262 minecraft:record_mellohi net.minecraft.item.ItemRecord@43d6262c
[13:30:10] [Server thread/TRACE] [FML]:   Registry: 2263 minecraft:record_stal net.minecraft.item.ItemRecord@5e2975ca
[13:30:10] [Server thread/TRACE] [FML]:   Registry: 2264 minecraft:record_strad net.minecraft.item.ItemRecord@38cf4497
[13:30:10] [Server thread/TRACE] [FML]:   Registry: 2265 minecraft:record_ward net.minecraft.item.ItemRecord@7b4619a3
[13:30:10] [Server thread/TRACE] [FML]:   Registry: 2266 minecraft:record_11 net.minecraft.item.ItemRecord@9d3a7a1
[13:30:10] [Server thread/TRACE] [FML]:   Registry: 2267 minecraft:record_wait net.minecraft.item.ItemRecord@1c411474
[13:30:10] [Server thread/TRACE] [FML]:   Registry: 4096 adversity:sanctuary_altar net.minecraft.item.ItemBlock@12e0e4a9
[13:30:10] [Server thread/TRACE] [FML]:   Registry: 4097 adversity:sanctuary_core net.minecraft.item.ItemBlock@19019811
[13:30:10] [Server thread/TRACE] [FML]:   Registry: 4098 adversity:sanctuary_stone net.minecraft.item.ItemBlock@5639a80c
[13:30:10] [Server thread/TRACE] [FML]:   Registry: 4099 adversity:calm_dust com.adversity.item.ItemCalmDust@3e55565b
[13:30:10] [Server thread/TRACE] [FML]:   Registry: 4100 adversity:difficulty_detector com.adversity.item.ItemDifficultyDetector@c792044
[13:30:10] [Server thread/TRACE] [FML]:   Registry: 4101 adversity:sealed_token com.adversity.item.ItemSealedToken@73d9f2b2
[13:30:10] [Server thread/TRACE] [FML]:   Registry: 4102 adversity:affix_guide com.adversity.item.ItemAffixGuide@335c77fe
[13:30:10] [Server thread/TRACE] [FML]:   Registry: 4103 adversity:affix_lens com.adversity.item.ItemAffixLens@272f0840
[13:30:10] [Server thread/TRACE] [FML]:   Registry: 4104 adversity:redemption_tear com.adversity.item.ItemRedemptionTear@621177e1
[13:30:10] [Server thread/TRACE] [FML]:   Registry: 4105 adversity:redemption_heart com.adversity.item.ItemRedemptionHeart@5e615573
[13:30:10] [Server thread/TRACE] [FML]:   Registry: 4106 adversity:redemption_key com.adversity.item.ItemRedemptionKey@ed23ac6
[13:30:10] [Server thread/TRACE] [FML]:   Registry: 4107 adversity:entropy com.adversity.item.ItemEntropy@51e05e54
[13:30:10] [Server thread/TRACE] [FML]:   Registry: 4108 adversity:soul_chain com.adversity.item.bauble.ItemSoulChain@38a785f6
[13:30:10] [Server thread/TRACE] [FML]:   Registry: 4109 adversity:spatial_anchor com.adversity.item.bauble.ItemSpatialAnchor@6c39955c
[13:30:10] [Server thread/TRACE] [FML]:   Registry: 4110 adversity:enchant_guardian com.adversity.item.bauble.ItemEnchantGuardian@73a28617
[13:30:10] [Server thread/TRACE] [FML]:   Registry: 4111 adversity:flame_ward com.adversity.item.bauble.ItemFlameWard@20e364c9
[13:30:10] [Server thread/TRACE] [FML]:   Registry: 4112 adversity:frost_ward com.adversity.item.bauble.ItemFrostWard@24efdd16
[13:30:10] [Server thread/TRACE] [FML]:   Registry: 4113 adversity:corrosion_bane com.adversity.item.bauble.ItemCorrosionBane@45c2fa2
[13:30:10] [Server thread/TRACE] [FML]:   Registry: 4114 adversity:guardian_heart com.adversity.item.bauble.ItemGuardianHeart@63a99300
[13:30:10] [Server thread/TRACE] [FML]:   Registry: 4115 adversity:anchor_stone com.adversity.item.bauble.ItemAnchorStone@58576690
[13:30:10] [Server thread/TRACE] [FML]:   Registry: 4116 adversity:clarity_lens com.adversity.item.bauble.ItemClarityLens@28a17e1
[13:30:10] [Server thread/TRACE] [FML]:   Registry: 4117 adversity:courage_charm com.adversity.item.bauble.ItemCourageCharm@67ce092d
[13:30:10] [Server thread/TRACE] [FML]:   Registry: 4118 adversity:void_heart com.adversity.item.bauble.ItemVoidHeart@4850a747
[13:30:10] [Server thread/TRACE] [FML]:   Registry: 4119 adversity:bloodrage_emblem com.adversity.item.bauble.ItemBloodrageEmblem@2b503b3b
[13:30:10] [Server thread/TRACE] [FML]:   Registry: 4120 adversity:temporal_watch com.adversity.item.bauble.ItemTemporalWatch@793704af
[13:30:10] [Server thread/TRACE] [FML]:   Registry: 4121 adversity:phantom_cloak com.adversity.item.bauble.ItemPhantomCloak@6ea7fdc5
[13:30:10] [Server thread/TRACE] [FML]:   Registry: 4122 adversity:thunder_ring com.adversity.item.bauble.ItemThunderRing@238015c9
[13:30:10] [Server thread/TRACE] [FML]:   Registry: 4123 adversity:aegis_medal com.adversity.item.bauble.ItemAegisMedal@9236b61
[13:30:10] [Server thread/TRACE] [FML]:   Registry: 4124 adversity:purify_badge com.adversity.item.bauble.ItemPurifyBadge@48701496
[13:30:10] [Server thread/TRACE] [FML]:   Registry: 4125 adversity:armor_pierce com.adversity.item.bauble.ItemArmorPierce@19e89188
[13:30:10] [Server thread/TRACE] [FML]:   Registry: 4126 adversity:anchor_heart com.adversity.item.bauble.ItemAnchorHeart@3a65e121
[13:30:10] [Server thread/TRACE] [FML]:   Registry: 4127 adversity:barrier_ward com.adversity.item.bauble.ItemBarrierWard@288fed6f
[13:30:10] [Server thread/TRACE] [FML]:   Registry: 4128 adversity:wither_mark com.adversity.item.bauble.ItemWitherMark@6013984c
[13:30:10] [Server thread/TRACE] [FML]:   Registry: 4129 adversity:true_crystal com.adversity.item.bauble.ItemTrueCrystal@3d2a2117
[13:30:10] [Server thread/TRACE] [FML]:   Registry: 4130 adversity:guardian_soul com.adversity.item.bauble.ItemGuardianSoul@28d3a37a
[13:30:10] [Server thread/TRACE] [FML]:   Registry: 4131 adversity:sanctuary_compass com.adversity.item.ItemSanctuaryCompass@7f60c79a
[13:30:10] [Server thread/TRACE] [FML]:   Registry: 4132 adversity:balance_charm com.adversity.item.bauble.ItemBalanceCharm@34df1c2
[13:30:10] [Server thread/TRACE] [FML]:   Registry: 4133 adversity:immunity_badge com.adversity.item.bauble.ItemImmunityBadge@6f034a25
[13:30:10] [Server thread/TRACE] [FML]:   Registry: 4134 adversity:memory_crystal com.adversity.item.bauble.ItemMemoryCrystal@5afefccc
[13:30:10] [Server thread/TRACE] [FML]:   Registry: 4135 adversity:soul_seal_dust com.adversity.item.bauble.ItemSoulSealDust@235bbc1e
[13:30:10] [Server thread/TRACE] [FML]:   Registry: 4136 adversity:light_amulet com.adversity.item.bauble.ItemLightAmulet@4ff48a56
[13:30:10] [Server thread/TRACE] [FML]:   Registry: 4137 adversity:affix_essence com.adversity.item.ItemAffixEssence@3ad3a3ef
[13:30:10] [Server thread/TRACE] [FML]:   Registry: 4138 adversity:affix_crystal com.adversity.item.ItemAffixCrystal@176630e5
[13:30:10] [Server thread/TRACE] [FML]:   Registry: 4139 adversity:void_shard com.adversity.item.ItemVoidShard@69a3c55b
[13:30:10] [Server thread/TRACE] [FML]:   Registry: 4140 adversity:enchant_gating_tool com.adversity.item.ItemEnchantGatingTool@26e5403
[13:30:10] [Server thread/TRACE] [FML]:   Registry: 4141 baubles:ring baubles.common.items.ItemRing@2585437a
[13:30:10] [Server thread/TRACE] [FML]: Registry Name : minecraft:potions
[13:30:10] [Server thread/TRACE] [FML]:   Registry: 0 adversity:negative_immunity com.adversity.potion.PotionNegativeImmunity@7993ec00
[13:30:10] [Server thread/TRACE] [FML]:   Registry: 1 minecraft:speed net.minecraft.potion.Potion@45424c0
[13:30:10] [Server thread/TRACE] [FML]:   Registry: 2 minecraft:slowness net.minecraft.potion.Potion@22ae32ba
[13:30:10] [Server thread/TRACE] [FML]:   Registry: 3 minecraft:haste net.minecraft.potion.Potion@b8b2184
[13:30:10] [Server thread/TRACE] [FML]:   Registry: 4 minecraft:mining_fatigue net.minecraft.potion.Potion@299a43d9
[13:30:10] [Server thread/TRACE] [FML]:   Registry: 5 minecraft:strength net.minecraft.potion.PotionAttackDamage@12a6e8ed
[13:30:10] [Server thread/TRACE] [FML]:   Registry: 6 minecraft:instant_health net.minecraft.potion.PotionHealth@3c7d8a4
[13:30:10] [Server thread/TRACE] [FML]:   Registry: 7 minecraft:instant_damage net.minecraft.potion.PotionHealth@5996d6f2
[13:30:10] [Server thread/TRACE] [FML]:   Registry: 8 minecraft:jump_boost net.minecraft.potion.Potion@43423d40
[13:30:10] [Server thread/TRACE] [FML]:   Registry: 9 minecraft:nausea net.minecraft.potion.Potion@5f3f57ff
[13:30:10] [Server thread/TRACE] [FML]:   Registry: 10 minecraft:regeneration net.minecraft.potion.Potion@6200b644
[13:30:10] [Server thread/TRACE] [FML]:   Registry: 11 minecraft:resistance net.minecraft.potion.Potion@d4ecdb0
[13:30:10] [Server thread/TRACE] [FML]:   Registry: 12 minecraft:fire_resistance net.minecraft.potion.Potion@5fb44964
[13:30:10] [Server thread/TRACE] [FML]:   Registry: 13 minecraft:water_breathing net.minecraft.potion.Potion@7a117dc2
[13:30:10] [Server thread/TRACE] [FML]:   Registry: 14 minecraft:invisibility net.minecraft.potion.Potion@1d444652
[13:30:10] [Server thread/TRACE] [FML]:   Registry: 15 minecraft:blindness net.minecraft.potion.Potion@669c2b07
[13:30:10] [Server thread/TRACE] [FML]:   Registry: 16 minecraft:night_vision net.minecraft.potion.Potion@1b1ea1d9
[13:30:10] [Server thread/TRACE] [FML]:   Registry: 17 minecraft:hunger net.minecraft.potion.Potion@6a902015
[13:30:10] [Server thread/TRACE] [FML]:   Registry: 18 minecraft:weakness net.minecraft.potion.PotionAttackDamage@55d99dc3
[13:30:10] [Server thread/TRACE] [FML]:   Registry: 19 minecraft:poison net.minecraft.potion.Potion@521a506c
[13:30:10] [Server thread/TRACE] [FML]:   Registry: 20 minecraft:wither net.minecraft.potion.Potion@3c64339f
[13:30:10] [Server thread/TRACE] [FML]:   Registry: 21 minecraft:health_boost net.minecraft.potion.PotionHealthBoost@7d18338b
[13:30:10] [Server thread/TRACE] [FML]:   Registry: 22 minecraft:absorption net.minecraft.potion.PotionAbsorption@5bd3ca3c
[13:30:10] [Server thread/TRACE] [FML]:   Registry: 23 minecraft:saturation net.minecraft.potion.PotionHealth@2dd8a273
[13:30:10] [Server thread/TRACE] [FML]:   Registry: 24 minecraft:glowing net.minecraft.potion.Potion@59f76e56
[13:30:10] [Server thread/TRACE] [FML]:   Registry: 25 minecraft:levitation net.minecraft.potion.Potion@566f4659
[13:30:10] [Server thread/TRACE] [FML]:   Registry: 26 minecraft:luck net.minecraft.potion.Potion@1328f482
[13:30:10] [Server thread/TRACE] [FML]:   Registry: 27 minecraft:unluck net.minecraft.potion.Potion@7b8b07ae
[13:30:10] [Server thread/TRACE] [FML]: Registry Name : minecraft:biomes
[13:30:10] [Server thread/TRACE] [FML]:   Registry: 0 minecraft:ocean net.minecraft.world.biome.BiomeOcean@33373f70
[13:30:10] [Server thread/TRACE] [FML]:   Registry: 1 minecraft:plains net.minecraft.world.biome.BiomePlains@44d84313
[13:30:10] [Server thread/TRACE] [FML]:   Registry: 2 minecraft:desert net.minecraft.world.biome.BiomeDesert@511de4dd
[13:30:10] [Server thread/TRACE] [FML]:   Registry: 3 minecraft:extreme_hills net.minecraft.world.biome.BiomeHills@696298ea
[13:30:10] [Server thread/TRACE] [FML]:   Registry: 4 minecraft:forest net.minecraft.world.biome.BiomeForest@7f41d979
[13:30:10] [Server thread/TRACE] [FML]:   Registry: 5 minecraft:taiga net.minecraft.world.biome.BiomeTaiga@464d5365
[13:30:10] [Server thread/TRACE] [FML]:   Registry: 6 minecraft:swampland net.minecraft.world.biome.BiomeSwamp@2cacd55e
[13:30:10] [Server thread/TRACE] [FML]:   Registry: 7 minecraft:river net.minecraft.world.biome.BiomeRiver@7535f28
[13:30:10] [Server thread/TRACE] [FML]:   Registry: 8 minecraft:hell net.minecraft.world.biome.BiomeHell@121dce2
[13:30:10] [Server thread/TRACE] [FML]:   Registry: 9 minecraft:sky net.minecraft.world.biome.BiomeEnd@1786150f
[13:30:10] [Server thread/TRACE] [FML]:   Registry: 10 minecraft:frozen_ocean net.minecraft.world.biome.BiomeOcean@bd28c86
[13:30:10] [Server thread/TRACE] [FML]:   Registry: 11 minecraft:frozen_river net.minecraft.world.biome.BiomeRiver@3ef089ce
[13:30:10] [Server thread/TRACE] [FML]:   Registry: 12 minecraft:ice_flats net.minecraft.world.biome.BiomeSnow@44864ebe
[13:30:10] [Server thread/TRACE] [FML]:   Registry: 13 minecraft:ice_mountains net.minecraft.world.biome.BiomeSnow@5f803481
[13:30:10] [Server thread/TRACE] [FML]:   Registry: 14 minecraft:mushroom_island net.minecraft.world.biome.BiomeMushroomIsland@5383bf08
[13:30:10] [Server thread/TRACE] [FML]:   Registry: 15 minecraft:mushroom_island_shore net.minecraft.world.biome.BiomeMushroomIsland@2586e878
[13:30:10] [Server thread/TRACE] [FML]:   Registry: 16 minecraft:beaches net.minecraft.world.biome.BiomeBeach@404dc999
[13:30:10] [Server thread/TRACE] [FML]:   Registry: 17 minecraft:desert_hills net.minecraft.world.biome.BiomeDesert@ef85567
[13:30:10] [Server thread/TRACE] [FML]:   Registry: 18 minecraft:forest_hills net.minecraft.world.biome.BiomeForest@1c2fb9e8
[13:30:10] [Server thread/TRACE] [FML]:   Registry: 19 minecraft:taiga_hills net.minecraft.world.biome.BiomeTaiga@ec3944
[13:30:10] [Server thread/TRACE] [FML]:   Registry: 20 minecraft:smaller_extreme_hills net.minecraft.world.biome.BiomeHills@2e4339c1
[13:30:10] [Server thread/TRACE] [FML]:   Registry: 21 minecraft:jungle net.minecraft.world.biome.BiomeJungle@57eed461
[13:30:10] [Server thread/TRACE] [FML]:   Registry: 22 minecraft:jungle_hills net.minecraft.world.biome.BiomeJungle@3c62f69a
[13:30:10] [Server thread/TRACE] [FML]:   Registry: 23 minecraft:jungle_edge net.minecraft.world.biome.BiomeJungle@f08f8a9
[13:30:10] [Server thread/TRACE] [FML]:   Registry: 24 minecraft:deep_ocean net.minecraft.world.biome.BiomeOcean@5ebf776c
[13:30:10] [Server thread/TRACE] [FML]:   Registry: 25 minecraft:stone_beach net.minecraft.world.biome.BiomeStoneBeach@54ae1240
[13:30:10] [Server thread/TRACE] [FML]:   Registry: 26 minecraft:cold_beach net.minecraft.world.biome.BiomeBeach@1c2b65cc
[13:30:10] [Server thread/TRACE] [FML]:   Registry: 27 minecraft:birch_forest net.minecraft.world.biome.BiomeForest@390a7532
[13:30:10] [Server thread/TRACE] [FML]:   Registry: 28 minecraft:birch_forest_hills net.minecraft.world.biome.BiomeForest@595184d8
[13:30:10] [Server thread/TRACE] [FML]:   Registry: 29 minecraft:roofed_forest net.minecraft.world.biome.BiomeForest@7d49a1a0
[13:30:10] [Server thread/TRACE] [FML]:   Registry: 30 minecraft:taiga_cold net.minecraft.world.biome.BiomeTaiga@3a0baec0
[13:30:10] [Server thread/TRACE] [FML]:   Registry: 31 minecraft:taiga_cold_hills net.minecraft.world.biome.BiomeTaiga@50c2ef56
[13:30:10] [Server thread/TRACE] [FML]:   Registry: 32 minecraft:redwood_taiga net.minecraft.world.biome.BiomeTaiga@560d6d2
[13:30:10] [Server thread/TRACE] [FML]:   Registry: 33 minecraft:redwood_taiga_hills net.minecraft.world.biome.BiomeTaiga@3514237f
[13:30:10] [Server thread/TRACE] [FML]:   Registry: 34 minecraft:extreme_hills_with_trees net.minecraft.world.biome.BiomeHills@520ee6b3
[13:30:10] [Server thread/TRACE] [FML]:   Registry: 35 minecraft:savanna net.minecraft.world.biome.BiomeSavanna@16a499d1
[13:30:10] [Server thread/TRACE] [FML]:   Registry: 36 minecraft:savanna_rock net.minecraft.world.biome.BiomeSavanna@2bf4fa1
[13:30:10] [Server thread/TRACE] [FML]:   Registry: 37 minecraft:mesa net.minecraft.world.biome.BiomeMesa@5fafa76d
[13:30:10] [Server thread/TRACE] [FML]:   Registry: 38 minecraft:mesa_rock net.minecraft.world.biome.BiomeMesa@720ffab4
[13:30:10] [Server thread/TRACE] [FML]:   Registry: 39 minecraft:mesa_clear_rock net.minecraft.world.biome.BiomeMesa@2e62e227
[13:30:10] [Server thread/TRACE] [FML]:   Registry: 127 minecraft:void net.minecraft.world.biome.BiomeVoid@62808e9e
[13:30:10] [Server thread/TRACE] [FML]:   Registry: 129 minecraft:mutated_plains net.minecraft.world.biome.BiomePlains@58b03029
[13:30:10] [Server thread/TRACE] [FML]:   Registry: 130 minecraft:mutated_desert net.minecraft.world.biome.BiomeDesert@539dd2d0
[13:30:10] [Server thread/TRACE] [FML]:   Registry: 131 minecraft:mutated_extreme_hills net.minecraft.world.biome.BiomeHills@3428420d
[13:30:10] [Server thread/TRACE] [FML]:   Registry: 132 minecraft:mutated_forest net.minecraft.world.biome.BiomeForest@523ade68
[13:30:10] [Server thread/TRACE] [FML]:   Registry: 133 minecraft:mutated_taiga net.minecraft.world.biome.BiomeTaiga@b529d7e
[13:30:10] [Server thread/TRACE] [FML]:   Registry: 134 minecraft:mutated_swampland net.minecraft.world.biome.BiomeSwamp@3664c596
[13:30:10] [Server thread/TRACE] [FML]:   Registry: 140 minecraft:mutated_ice_flats net.minecraft.world.biome.BiomeSnow@40aad17d
[13:30:10] [Server thread/TRACE] [FML]:   Registry: 149 minecraft:mutated_jungle net.minecraft.world.biome.BiomeJungle@44e79e9e
[13:30:10] [Server thread/TRACE] [FML]:   Registry: 151 minecraft:mutated_jungle_edge net.minecraft.world.biome.BiomeJungle@5bc14211
[13:30:10] [Server thread/TRACE] [FML]:   Registry: 155 minecraft:mutated_birch_forest net.minecraft.world.biome.BiomeForestMutated@5d2e65bd
[13:30:10] [Server thread/TRACE] [FML]:   Registry: 156 minecraft:mutated_birch_forest_hills net.minecraft.world.biome.BiomeForestMutated@254513e8
[13:30:10] [Server thread/TRACE] [FML]:   Registry: 157 minecraft:mutated_roofed_forest net.minecraft.world.biome.BiomeForest@74450c9b
[13:30:10] [Server thread/TRACE] [FML]:   Registry: 158 minecraft:mutated_taiga_cold net.minecraft.world.biome.BiomeTaiga@74f89bad
[13:30:10] [Server thread/TRACE] [FML]:   Registry: 160 minecraft:mutated_redwood_taiga net.minecraft.world.biome.BiomeTaiga@5ad50b02
[13:30:10] [Server thread/TRACE] [FML]:   Registry: 161 minecraft:mutated_redwood_taiga_hills net.minecraft.world.biome.BiomeTaiga@570299e3
[13:30:10] [Server thread/TRACE] [FML]:   Registry: 162 minecraft:mutated_extreme_hills_with_trees net.minecraft.world.biome.BiomeHills@bff764c
[13:30:10] [Server thread/TRACE] [FML]:   Registry: 163 minecraft:mutated_savanna net.minecraft.world.biome.BiomeSavannaMutated@49153009
[13:30:10] [Server thread/TRACE] [FML]:   Registry: 164 minecraft:mutated_savanna_rock net.minecraft.world.biome.BiomeSavannaMutated@a1b7549
[13:30:10] [Server thread/TRACE] [FML]:   Registry: 165 minecraft:mutated_mesa net.minecraft.world.biome.BiomeMesa@7aa63f50
[13:30:10] [Server thread/TRACE] [FML]:   Registry: 166 minecraft:mutated_mesa_rock net.minecraft.world.biome.BiomeMesa@142918a0
[13:30:10] [Server thread/TRACE] [FML]:   Registry: 167 minecraft:mutated_mesa_clear_rock net.minecraft.world.biome.BiomeMesa@745cf754
[13:30:10] [Server thread/TRACE] [FML]: Registry Name : minecraft:soundevents
[13:30:10] [Server thread/TRACE] [FML]:   Registry: 0 minecraft:ambient.cave net.minecraft.util.SoundEvent@3bed3315
[13:30:10] [Server thread/TRACE] [FML]:   Registry: 1 minecraft:block.anvil.break net.minecraft.util.SoundEvent@1c7350b0
[13:30:10] [Server thread/TRACE] [FML]:   Registry: 2 minecraft:block.anvil.destroy net.minecraft.util.SoundEvent@55651434
[13:30:10] [Server thread/TRACE] [FML]:   Registry: 3 minecraft:block.anvil.fall net.minecraft.util.SoundEvent@3bc4ef12
[13:30:10] [Server thread/TRACE] [FML]:   Registry: 4 minecraft:block.anvil.hit net.minecraft.util.SoundEvent@50448409
[13:30:10] [Server thread/TRACE] [FML]:   Registry: 5 minecraft:block.anvil.land net.minecraft.util.SoundEvent@5634a861
[13:30:10] [Server thread/TRACE] [FML]:   Registry: 6 minecraft:block.anvil.place net.minecraft.util.SoundEvent@2b0dc227
[13:30:10] [Server thread/TRACE] [FML]:   Registry: 7 minecraft:block.anvil.step net.minecraft.util.SoundEvent@37ad042b
[13:30:10] [Server thread/TRACE] [FML]:   Registry: 8 minecraft:block.anvil.use net.minecraft.util.SoundEvent@43bdaa1b
[13:30:10] [Server thread/TRACE] [FML]:   Registry: 9 minecraft:block.brewing_stand.brew net.minecraft.util.SoundEvent@30b975ad
[13:30:10] [Server thread/TRACE] [FML]:   Registry: 10 minecraft:block.chest.close net.minecraft.util.SoundEvent@75e09567
[13:30:10] [Server thread/TRACE] [FML]:   Registry: 11 minecraft:block.chest.locked net.minecraft.util.SoundEvent@2a334bac
[13:30:10] [Server thread/TRACE] [FML]:   Registry: 12 minecraft:block.chest.open net.minecraft.util.SoundEvent@470d183
[13:30:10] [Server thread/TRACE] [FML]:   Registry: 13 minecraft:block.chorus_flower.death net.minecraft.util.SoundEvent@7f9fc8bd
[13:30:10] [Server thread/TRACE] [FML]:   Registry: 14 minecraft:block.chorus_flower.grow net.minecraft.util.SoundEvent@ea52184
[13:30:10] [Server thread/TRACE] [FML]:   Registry: 15 minecraft:block.cloth.break net.minecraft.util.SoundEvent@3e7b65d7
[13:30:10] [Server thread/TRACE] [FML]:   Registry: 16 minecraft:block.cloth.fall net.minecraft.util.SoundEvent@3c854752
[13:30:10] [Server thread/TRACE] [FML]:   Registry: 17 minecraft:block.cloth.hit net.minecraft.util.SoundEvent@3ddeaa5f
[13:30:10] [Server thread/TRACE] [FML]:   Registry: 18 minecraft:block.cloth.place net.minecraft.util.SoundEvent@1a500561
[13:30:10] [Server thread/TRACE] [FML]:   Registry: 19 minecraft:block.cloth.step net.minecraft.util.SoundEvent@7f608e21
[13:30:10] [Server thread/TRACE] [FML]:   Registry: 20 minecraft:block.comparator.click net.minecraft.util.SoundEvent@6949e948
[13:30:10] [Server thread/TRACE] [FML]:   Registry: 21 minecraft:block.dispenser.dispense net.minecraft.util.SoundEvent@210d2a6c
[13:30:10] [Server thread/TRACE] [FML]:   Registry: 22 minecraft:block.dispenser.fail net.minecraft.util.SoundEvent@3bec5821
[13:30:10] [Server thread/TRACE] [FML]:   Registry: 23 minecraft:block.dispenser.launch net.minecraft.util.SoundEvent@4086d8fb
[13:30:10] [Server thread/TRACE] [FML]:   Registry: 24 minecraft:block.enchantment_table.use net.minecraft.util.SoundEvent@66236a0a
[13:30:10] [Server thread/TRACE] [FML]:   Registry: 25 minecraft:block.end_gateway.spawn net.minecraft.util.SoundEvent@2e3572e8
[13:30:10] [Server thread/TRACE] [FML]:   Registry: 26 minecraft:block.end_portal.spawn net.minecraft.util.SoundEvent@77c10a5f
[13:30:10] [Server thread/TRACE] [FML]:   Registry: 27 minecraft:block.end_portal_frame.fill net.minecraft.util.SoundEvent@176555c
[13:30:10] [Server thread/TRACE] [FML]:   Registry: 28 minecraft:block.enderchest.close net.minecraft.util.SoundEvent@7c781c42
[13:30:10] [Server thread/TRACE] [FML]:   Registry: 29 minecraft:block.enderchest.open net.minecraft.util.SoundEvent@795f8317
[13:30:10] [Server thread/TRACE] [FML]:   Registry: 30 minecraft:block.fence_gate.close net.minecraft.util.SoundEvent@633fd91
[13:30:10] [Server thread/TRACE] [FML]:   Registry: 31 minecraft:block.fence_gate.open net.minecraft.util.SoundEvent@355c94be
[13:30:10] [Server thread/TRACE] [FML]:   Registry: 32 minecraft:block.fire.ambient net.minecraft.util.SoundEvent@97a145b
[13:30:10] [Server thread/TRACE] [FML]:   Registry: 33 minecraft:block.fire.extinguish net.minecraft.util.SoundEvent@c386958
[13:30:10] [Server thread/TRACE] [FML]:   Registry: 34 minecraft:block.furnace.fire_crackle net.minecraft.util.SoundEvent@157ec23b
[13:30:10] [Server thread/TRACE] [FML]:   Registry: 35 minecraft:block.glass.break net.minecraft.util.SoundEvent@44d64d4e
[13:30:10] [Server thread/TRACE] [FML]:   Registry: 36 minecraft:block.glass.fall net.minecraft.util.SoundEvent@1dd74143
[13:30:10] [Server thread/TRACE] [FML]:   Registry: 37 minecraft:block.glass.hit net.minecraft.util.SoundEvent@526a9908
[13:30:10] [Server thread/TRACE] [FML]:   Registry: 38 minecraft:block.glass.place net.minecraft.util.SoundEvent@3166f664
[13:30:10] [Server thread/TRACE] [FML]:   Registry: 39 minecraft:block.glass.step net.minecraft.util.SoundEvent@47ac613b
[13:30:10] [Server thread/TRACE] [FML]:   Registry: 40 minecraft:block.grass.break net.minecraft.util.SoundEvent@60d6fdd4
[13:30:10] [Server thread/TRACE] [FML]:   Registry: 41 minecraft:block.grass.fall net.minecraft.util.SoundEvent@66f28a1f
[13:30:10] [Server thread/TRACE] [FML]:   Registry: 42 minecraft:block.grass.hit net.minecraft.util.SoundEvent@60a19573
[13:30:10] [Server thread/TRACE] [FML]:   Registry: 43 minecraft:block.grass.place net.minecraft.util.SoundEvent@44a085e5
[13:30:10] [Server thread/TRACE] [FML]:   Registry: 44 minecraft:block.grass.step net.minecraft.util.SoundEvent@134ff8f8
[13:30:10] [Server thread/TRACE] [FML]:   Registry: 45 minecraft:block.gravel.break net.minecraft.util.SoundEvent@619f2afc
[13:30:10] [Server thread/TRACE] [FML]:   Registry: 46 minecraft:block.gravel.fall net.minecraft.util.SoundEvent@df921b1
[13:30:10] [Server thread/TRACE] [FML]:   Registry: 47 minecraft:block.gravel.hit net.minecraft.util.SoundEvent@4db60246
[13:30:10] [Server thread/TRACE] [FML]:   Registry: 48 minecraft:block.gravel.place net.minecraft.util.SoundEvent@2152ab30
[13:30:10] [Server thread/TRACE] [FML]:   Registry: 49 minecraft:block.gravel.step net.minecraft.util.SoundEvent@3902bd2c
[13:30:10] [Server thread/TRACE] [FML]:   Registry: 50 minecraft:block.iron_door.close net.minecraft.util.SoundEvent@7d32e714
[13:30:10] [Server thread/TRACE] [FML]:   Registry: 51 minecraft:block.iron_door.open net.minecraft.util.SoundEvent@eb6ec6
[13:30:10] [Server thread/TRACE] [FML]:   Registry: 52 minecraft:block.iron_trapdoor.close net.minecraft.util.SoundEvent@34d45ec0
[13:30:10] [Server thread/TRACE] [FML]:   Registry: 53 minecraft:block.iron_trapdoor.open net.minecraft.util.SoundEvent@18137eab
[13:30:10] [Server thread/TRACE] [FML]:   Registry: 54 minecraft:block.ladder.break net.minecraft.util.SoundEvent@727320fa
[13:30:10] [Server thread/TRACE] [FML]:   Registry: 55 minecraft:block.ladder.fall net.minecraft.util.SoundEvent@2935fd2c
[13:30:10] [Server thread/TRACE] [FML]:   Registry: 56 minecraft:block.ladder.hit net.minecraft.util.SoundEvent@3f018494
[13:30:10] [Server thread/TRACE] [FML]:   Registry: 57 minecraft:block.ladder.place net.minecraft.util.SoundEvent@3ce443f9
[13:30:10] [Server thread/TRACE] [FML]:   Registry: 58 minecraft:block.ladder.step net.minecraft.util.SoundEvent@57fbc06f
[13:30:10] [Server thread/TRACE] [FML]:   Registry: 59 minecraft:block.lava.ambient net.minecraft.util.SoundEvent@51a18b21
[13:30:10] [Server thread/TRACE] [FML]:   Registry: 60 minecraft:block.lava.extinguish net.minecraft.util.SoundEvent@62b790a5
[13:30:10] [Server thread/TRACE] [FML]:   Registry: 61 minecraft:block.lava.pop net.minecraft.util.SoundEvent@7c52fc81
[13:30:10] [Server thread/TRACE] [FML]:   Registry: 62 minecraft:block.lever.click net.minecraft.util.SoundEvent@7523a3dc
[13:30:10] [Server thread/TRACE] [FML]:   Registry: 63 minecraft:block.metal.break net.minecraft.util.SoundEvent@2806d6da
[13:30:10] [Server thread/TRACE] [FML]:   Registry: 64 minecraft:block.metal.fall net.minecraft.util.SoundEvent@766a49c7
[13:30:10] [Server thread/TRACE] [FML]:   Registry: 65 minecraft:block.metal.hit net.minecraft.util.SoundEvent@1db7157f
[13:30:10] [Server thread/TRACE] [FML]:   Registry: 66 minecraft:block.metal.place net.minecraft.util.SoundEvent@75e27856
[13:30:10] [Server thread/TRACE] [FML]:   Registry: 67 minecraft:block.metal.step net.minecraft.util.SoundEvent@6bccd036
[13:30:10] [Server thread/TRACE] [FML]:   Registry: 68 minecraft:block.metal_pressureplate.click_off net.minecraft.util.SoundEvent@4f4c88f9
[13:30:10] [Server thread/TRACE] [FML]:   Registry: 69 minecraft:block.metal_pressureplate.click_on net.minecraft.util.SoundEvent@6a756082
[13:30:10] [Server thread/TRACE] [FML]:   Registry: 70 minecraft:block.note.basedrum net.minecraft.util.SoundEvent@cb39552
[13:30:10] [Server thread/TRACE] [FML]:   Registry: 71 minecraft:block.note.bass net.minecraft.util.SoundEvent@1f3b992
[13:30:10] [Server thread/TRACE] [FML]:   Registry: 72 minecraft:block.note.bell net.minecraft.util.SoundEvent@2a53f215
[13:30:10] [Server thread/TRACE] [FML]:   Registry: 73 minecraft:block.note.chime net.minecraft.util.SoundEvent@6b63e6ad
[13:30:10] [Server thread/TRACE] [FML]:   Registry: 74 minecraft:block.note.flute net.minecraft.util.SoundEvent@7beae796
[13:30:10] [Server thread/TRACE] [FML]:   Registry: 75 minecraft:block.note.guitar net.minecraft.util.SoundEvent@6749fe50
[13:30:10] [Server thread/TRACE] [FML]:   Registry: 76 minecraft:block.note.harp net.minecraft.util.SoundEvent@52bf7bf6
[13:30:10] [Server thread/TRACE] [FML]:   Registry: 77 minecraft:block.note.hat net.minecraft.util.SoundEvent@261db982
[13:30:10] [Server thread/TRACE] [FML]:   Registry: 78 minecraft:block.note.pling net.minecraft.util.SoundEvent@ae73c80
[13:30:10] [Server thread/TRACE] [FML]:   Registry: 79 minecraft:block.note.snare net.minecraft.util.SoundEvent@22f4f8f2
[13:30:10] [Server thread/TRACE] [FML]:   Registry: 80 minecraft:block.note.xylophone net.minecraft.util.SoundEvent@bbd4791
[13:30:10] [Server thread/TRACE] [FML]:   Registry: 81 minecraft:block.piston.contract net.minecraft.util.SoundEvent@40a72ecd
[13:30:10] [Server thread/TRACE] [FML]:   Registry: 82 minecraft:block.piston.extend net.minecraft.util.SoundEvent@73971965
[13:30:10] [Server thread/TRACE] [FML]:   Registry: 83 minecraft:block.portal.ambient net.minecraft.util.SoundEvent@76a14c8d
[13:30:10] [Server thread/TRACE] [FML]:   Registry: 84 minecraft:block.portal.travel net.minecraft.util.SoundEvent@17410c07
[13:30:10] [Server thread/TRACE] [FML]:   Registry: 85 minecraft:block.portal.trigger net.minecraft.util.SoundEvent@6ee99964
[13:30:10] [Server thread/TRACE] [FML]:   Registry: 86 minecraft:block.redstone_torch.burnout net.minecraft.util.SoundEvent@257ef9ed
[13:30:10] [Server thread/TRACE] [FML]:   Registry: 87 minecraft:block.sand.break net.minecraft.util.SoundEvent@59c70ceb
[13:30:10] [Server thread/TRACE] [FML]:   Registry: 88 minecraft:block.sand.fall net.minecraft.util.SoundEvent@46f902e0
[13:30:10] [Server thread/TRACE] [FML]:   Registry: 89 minecraft:block.sand.hit net.minecraft.util.SoundEvent@64f981e2
[13:30:10] [Server thread/TRACE] [FML]:   Registry: 90 minecraft:block.sand.place net.minecraft.util.SoundEvent@361abd01
[13:30:10] [Server thread/TRACE] [FML]:   Registry: 91 minecraft:block.sand.step net.minecraft.util.SoundEvent@575b5f7d
[13:30:10] [Server thread/TRACE] [FML]:   Registry: 92 minecraft:block.shulker_box.close net.minecraft.util.SoundEvent@59bbb974
[13:30:10] [Server thread/TRACE] [FML]:   Registry: 93 minecraft:block.shulker_box.open net.minecraft.util.SoundEvent@7165d530
[13:30:10] [Server thread/TRACE] [FML]:   Registry: 94 minecraft:block.slime.break net.minecraft.util.SoundEvent@12f49ca8
[13:30:10] [Server thread/TRACE] [FML]:   Registry: 95 minecraft:block.slime.fall net.minecraft.util.SoundEvent@1fd9893c
[13:30:10] [Server thread/TRACE] [FML]:   Registry: 96 minecraft:block.slime.hit net.minecraft.util.SoundEvent@1b2df3aa
[13:30:10] [Server thread/TRACE] [FML]:   Registry: 97 minecraft:block.slime.place net.minecraft.util.SoundEvent@44be69aa
[13:30:10] [Server thread/TRACE] [FML]:   Registry: 98 minecraft:block.slime.step net.minecraft.util.SoundEvent@7219ac49
[13:30:10] [Server thread/TRACE] [FML]:   Registry: 99 minecraft:block.snow.break net.minecraft.util.SoundEvent@21da4b5f
[13:30:10] [Server thread/TRACE] [FML]:   Registry: 100 minecraft:block.snow.fall net.minecraft.util.SoundEvent@551e4c6d
[13:30:10] [Server thread/TRACE] [FML]:   Registry: 101 minecraft:block.snow.hit net.minecraft.util.SoundEvent@625a9c5d
[13:30:10] [Server thread/TRACE] [FML]:   Registry: 102 minecraft:block.snow.place net.minecraft.util.SoundEvent@5d1e0fbb
[13:30:10] [Server thread/TRACE] [FML]:   Registry: 103 minecraft:block.snow.step net.minecraft.util.SoundEvent@2eed37f4
[13:30:10] [Server thread/TRACE] [FML]:   Registry: 104 minecraft:block.stone.break net.minecraft.util.SoundEvent@9b76b60
[13:30:10] [Server thread/TRACE] [FML]:   Registry: 105 minecraft:block.stone.fall net.minecraft.util.SoundEvent@3fb9a67f
[13:30:10] [Server thread/TRACE] [FML]:   Registry: 106 minecraft:block.stone.hit net.minecraft.util.SoundEvent@127705e4
[13:30:10] [Server thread/TRACE] [FML]:   Registry: 107 minecraft:block.stone.place net.minecraft.util.SoundEvent@5562c2c9
[13:30:10] [Server thread/TRACE] [FML]:   Registry: 108 minecraft:block.stone.step net.minecraft.util.SoundEvent@673c4f6e
[13:30:10] [Server thread/TRACE] [FML]:   Registry: 109 minecraft:block.stone_button.click_off net.minecraft.util.SoundEvent@15c487a8
[13:30:10] [Server thread/TRACE] [FML]:   Registry: 110 minecraft:block.stone_button.click_on net.minecraft.util.SoundEvent@3f36e8d1
[13:30:10] [Server thread/TRACE] [FML]:   Registry: 111 minecraft:block.stone_pressureplate.click_off net.minecraft.util.SoundEvent@7c011174
[13:30:10] [Server thread/TRACE] [FML]:   Registry: 112 minecraft:block.stone_pressureplate.click_on net.minecraft.util.SoundEvent@794366a5
[13:30:10] [Server thread/TRACE] [FML]:   Registry: 113 minecraft:block.tripwire.attach net.minecraft.util.SoundEvent@480b57e2
[13:30:10] [Server thread/TRACE] [FML]:   Registry: 114 minecraft:block.tripwire.click_off net.minecraft.util.SoundEvent@40f35e52
[13:30:10] [Server thread/TRACE] [FML]:   Registry: 115 minecraft:block.tripwire.click_on net.minecraft.util.SoundEvent@340d6d89
[13:30:10] [Server thread/TRACE] [FML]:   Registry: 116 minecraft:block.tripwire.detach net.minecraft.util.SoundEvent@561953e3
[13:30:10] [Server thread/TRACE] [FML]:   Registry: 117 minecraft:block.water.ambient net.minecraft.util.SoundEvent@443faa85
[13:30:10] [Server thread/TRACE] [FML]:   Registry: 118 minecraft:block.waterlily.place net.minecraft.util.SoundEvent@1ee47d9e
[13:30:10] [Server thread/TRACE] [FML]:   Registry: 119 minecraft:block.wood.break net.minecraft.util.SoundEvent@41da3aee
[13:30:10] [Server thread/TRACE] [FML]:   Registry: 120 minecraft:block.wood.fall net.minecraft.util.SoundEvent@5dc0ff7d
[13:30:10] [Server thread/TRACE] [FML]:   Registry: 121 minecraft:block.wood.hit net.minecraft.util.SoundEvent@64920dc2
[13:30:10] [Server thread/TRACE] [FML]:   Registry: 122 minecraft:block.wood.place net.minecraft.util.SoundEvent@59a79443
[13:30:10] [Server thread/TRACE] [FML]:   Registry: 123 minecraft:block.wood.step net.minecraft.util.SoundEvent@493ac8d3
[13:30:10] [Server thread/TRACE] [FML]:   Registry: 124 minecraft:block.wood_button.click_off net.minecraft.util.SoundEvent@13dbed9e
[13:30:10] [Server thread/TRACE] [FML]:   Registry: 125 minecraft:block.wood_button.click_on net.minecraft.util.SoundEvent@67531e3a
[13:30:10] [Server thread/TRACE] [FML]:   Registry: 126 minecraft:block.wood_pressureplate.click_off net.minecraft.util.SoundEvent@2b38b1f
[13:30:10] [Server thread/TRACE] [FML]:   Registry: 127 minecraft:block.wood_pressureplate.click_on net.minecraft.util.SoundEvent@1d50a7ca
[13:30:10] [Server thread/TRACE] [FML]:   Registry: 128 minecraft:block.wooden_door.close net.minecraft.util.SoundEvent@51ab1ee3
[13:30:10] [Server thread/TRACE] [FML]:   Registry: 129 minecraft:block.wooden_door.open net.minecraft.util.SoundEvent@2e766822
[13:30:10] [Server thread/TRACE] [FML]:   Registry: 130 minecraft:block.wooden_trapdoor.close net.minecraft.util.SoundEvent@3003e580
[13:30:10] [Server thread/TRACE] [FML]:   Registry: 131 minecraft:block.wooden_trapdoor.open net.minecraft.util.SoundEvent@28757abd
[13:30:10] [Server thread/TRACE] [FML]:   Registry: 132 minecraft:enchant.thorns.hit net.minecraft.util.SoundEvent@21a02556
[13:30:10] [Server thread/TRACE] [FML]:   Registry: 133 minecraft:entity.armorstand.break net.minecraft.util.SoundEvent@3c8a7e38
[13:30:10] [Server thread/TRACE] [FML]:   Registry: 134 minecraft:entity.armorstand.fall net.minecraft.util.SoundEvent@138aa3cc
[13:30:10] [Server thread/TRACE] [FML]:   Registry: 135 minecraft:entity.armorstand.hit net.minecraft.util.SoundEvent@10a98392
[13:30:10] [Server thread/TRACE] [FML]:   Registry: 136 minecraft:entity.armorstand.place net.minecraft.util.SoundEvent@30839e44
[13:30:10] [Server thread/TRACE] [FML]:   Registry: 137 minecraft:entity.arrow.hit net.minecraft.util.SoundEvent@5f174dd2
[13:30:10] [Server thread/TRACE] [FML]:   Registry: 138 minecraft:entity.arrow.hit_player net.minecraft.util.SoundEvent@1945113f
[13:30:10] [Server thread/TRACE] [FML]:   Registry: 139 minecraft:entity.arrow.shoot net.minecraft.util.SoundEvent@45aca496
[13:30:10] [Server thread/TRACE] [FML]:   Registry: 140 minecraft:entity.bat.ambient net.minecraft.util.SoundEvent@697173d9
[13:30:10] [Server thread/TRACE] [FML]:   Registry: 141 minecraft:entity.bat.death net.minecraft.util.SoundEvent@ceddaf8
[13:30:10] [Server thread/TRACE] [FML]:   Registry: 142 minecraft:entity.bat.hurt net.minecraft.util.SoundEvent@3d90eeb3
[13:30:10] [Server thread/TRACE] [FML]:   Registry: 143 minecraft:entity.bat.loop net.minecraft.util.SoundEvent@1db87583
[13:30:10] [Server thread/TRACE] [FML]:   Registry: 144 minecraft:entity.bat.takeoff net.minecraft.util.SoundEvent@7fb53256
[13:30:10] [Server thread/TRACE] [FML]:   Registry: 145 minecraft:entity.blaze.ambient net.minecraft.util.SoundEvent@1d6d1d42
[13:30:10] [Server thread/TRACE] [FML]:   Registry: 146 minecraft:entity.blaze.burn net.minecraft.util.SoundEvent@27329d2a
[13:30:10] [Server thread/TRACE] [FML]:   Registry: 147 minecraft:entity.blaze.death net.minecraft.util.SoundEvent@7978e022
[13:30:10] [Server thread/TRACE] [FML]:   Registry: 148 minecraft:entity.blaze.hurt net.minecraft.util.SoundEvent@2f894ad9
[13:30:10] [Server thread/TRACE] [FML]:   Registry: 149 minecraft:entity.blaze.shoot net.minecraft.util.SoundEvent@5afbd567
[13:30:10] [Server thread/TRACE] [FML]:   Registry: 150 minecraft:entity.boat.paddle_land net.minecraft.util.SoundEvent@6993c8df
[13:30:10] [Server thread/TRACE] [FML]:   Registry: 151 minecraft:entity.boat.paddle_water net.minecraft.util.SoundEvent@57545c3f
[13:30:10] [Server thread/TRACE] [FML]:   Registry: 152 minecraft:entity.bobber.retrieve net.minecraft.util.SoundEvent@326e0b8e
[13:30:10] [Server thread/TRACE] [FML]:   Registry: 153 minecraft:entity.bobber.splash net.minecraft.util.SoundEvent@36baa049
[13:30:10] [Server thread/TRACE] [FML]:   Registry: 154 minecraft:entity.bobber.throw net.minecraft.util.SoundEvent@41184371
[13:30:10] [Server thread/TRACE] [FML]:   Registry: 155 minecraft:entity.cat.ambient net.minecraft.util.SoundEvent@34585ac9
[13:30:10] [Server thread/TRACE] [FML]:   Registry: 156 minecraft:entity.cat.death net.minecraft.util.SoundEvent@76a805b7
[13:30:10] [Server thread/TRACE] [FML]:   Registry: 157 minecraft:entity.cat.hiss net.minecraft.util.SoundEvent@15f35bc3
[13:30:10] [Server thread/TRACE] [FML]:   Registry: 158 minecraft:entity.cat.hurt net.minecraft.util.SoundEvent@167381c7
[13:30:10] [Server thread/TRACE] [FML]:   Registry: 159 minecraft:entity.cat.purr net.minecraft.util.SoundEvent@608b1fd2
[13:30:10] [Server thread/TRACE] [FML]:   Registry: 160 minecraft:entity.cat.purreow net.minecraft.util.SoundEvent@56382bc9
[13:30:10] [Server thread/TRACE] [FML]:   Registry: 161 minecraft:entity.chicken.ambient net.minecraft.util.SoundEvent@591a4f8e
[13:30:10] [Server thread/TRACE] [FML]:   Registry: 162 minecraft:entity.chicken.death net.minecraft.util.SoundEvent@53ed80d3
[13:30:10] [Server thread/TRACE] [FML]:   Registry: 163 minecraft:entity.chicken.egg net.minecraft.util.SoundEvent@6ba060f3
[13:30:10] [Server thread/TRACE] [FML]:   Registry: 164 minecraft:entity.chicken.hurt net.minecraft.util.SoundEvent@7c51782d
[13:30:10] [Server thread/TRACE] [FML]:   Registry: 165 minecraft:entity.chicken.step net.minecraft.util.SoundEvent@77bc2e16
[13:30:10] [Server thread/TRACE] [FML]:   Registry: 166 minecraft:entity.cow.ambient net.minecraft.util.SoundEvent@48e8c32a
[13:30:10] [Server thread/TRACE] [FML]:   Registry: 167 minecraft:entity.cow.death net.minecraft.util.SoundEvent@20a7953c
[13:30:10] [Server thread/TRACE] [FML]:   Registry: 168 minecraft:entity.cow.hurt net.minecraft.util.SoundEvent@57c00115
[13:30:10] [Server thread/TRACE] [FML]:   Registry: 169 minecraft:entity.cow.milk net.minecraft.util.SoundEvent@411a5965
[13:30:10] [Server thread/TRACE] [FML]:   Registry: 170 minecraft:entity.cow.step net.minecraft.util.SoundEvent@4fe533ff
[13:30:10] [Server thread/TRACE] [FML]:   Registry: 171 minecraft:entity.creeper.death net.minecraft.util.SoundEvent@5377414a
[13:30:10] [Server thread/TRACE] [FML]:   Registry: 172 minecraft:entity.creeper.hurt net.minecraft.util.SoundEvent@4e83a98
[13:30:10] [Server thread/TRACE] [FML]:   Registry: 173 minecraft:entity.creeper.primed net.minecraft.util.SoundEvent@17aa8a11
[13:30:10] [Server thread/TRACE] [FML]:   Registry: 174 minecraft:entity.donkey.ambient net.minecraft.util.SoundEvent@71b639d0
[13:30:10] [Server thread/TRACE] [FML]:   Registry: 175 minecraft:entity.donkey.angry net.minecraft.util.SoundEvent@18a25bbd
[13:30:10] [Server thread/TRACE] [FML]:   Registry: 176 minecraft:entity.donkey.chest net.minecraft.util.SoundEvent@5d5b9ecb
[13:30:10] [Server thread/TRACE] [FML]:   Registry: 177 minecraft:entity.donkey.death net.minecraft.util.SoundEvent@1ee27d73
[13:30:10] [Server thread/TRACE] [FML]:   Registry: 178 minecraft:entity.donkey.hurt net.minecraft.util.SoundEvent@5e5aafc6
[13:30:10] [Server thread/TRACE] [FML]:   Registry: 179 minecraft:entity.egg.throw net.minecraft.util.SoundEvent@542f6803
[13:30:10] [Server thread/TRACE] [FML]:   Registry: 180 minecraft:entity.elder_guardian.ambient net.minecraft.util.SoundEvent@5583098b
[13:30:10] [Server thread/TRACE] [FML]:   Registry: 181 minecraft:entity.elder_guardian.ambient_land net.minecraft.util.SoundEvent@5807efad
[13:30:10] [Server thread/TRACE] [FML]:   Registry: 182 minecraft:entity.elder_guardian.curse net.minecraft.util.SoundEvent@53a84ff4
[13:30:10] [Server thread/TRACE] [FML]:   Registry: 183 minecraft:entity.elder_guardian.death net.minecraft.util.SoundEvent@7ce85af2
[13:30:10] [Server thread/TRACE] [FML]:   Registry: 184 minecraft:entity.elder_guardian.death_land net.minecraft.util.SoundEvent@316acbb5
[13:30:10] [Server thread/TRACE] [FML]:   Registry: 185 minecraft:entity.elder_guardian.flop net.minecraft.util.SoundEvent@56f730b2
[13:30:10] [Server thread/TRACE] [FML]:   Registry: 186 minecraft:entity.elder_guardian.hurt net.minecraft.util.SoundEvent@47311277
[13:30:10] [Server thread/TRACE] [FML]:   Registry: 187 minecraft:entity.elder_guardian.hurt_land net.minecraft.util.SoundEvent@7930ffa9
[13:30:10] [Server thread/TRACE] [FML]:   Registry: 188 minecraft:entity.enderdragon.ambient net.minecraft.util.SoundEvent@1e60b459
[13:30:10] [Server thread/TRACE] [FML]:   Registry: 189 minecraft:entity.enderdragon.death net.minecraft.util.SoundEvent@717d7587
[13:30:10] [Server thread/TRACE] [FML]:   Registry: 190 minecraft:entity.enderdragon.flap net.minecraft.util.SoundEvent@3e906375
[13:30:10] [Server thread/TRACE] [FML]:   Registry: 191 minecraft:entity.enderdragon.growl net.minecraft.util.SoundEvent@40230eb9
[13:30:10] [Server thread/TRACE] [FML]:   Registry: 192 minecraft:entity.enderdragon.hurt net.minecraft.util.SoundEvent@5b7aa898
[13:30:10] [Server thread/TRACE] [FML]:   Registry: 193 minecraft:entity.enderdragon.shoot net.minecraft.util.SoundEvent@41b13f3d
[13:30:10] [Server thread/TRACE] [FML]:   Registry: 194 minecraft:entity.enderdragon_fireball.explode net.minecraft.util.SoundEvent@7c0777b5
[13:30:10] [Server thread/TRACE] [FML]:   Registry: 195 minecraft:entity.endereye.death net.minecraft.util.SoundEvent@2489e84a
[13:30:10] [Server thread/TRACE] [FML]:   Registry: 196 minecraft:entity.endereye.launch net.minecraft.util.SoundEvent@2a39aa2b
[13:30:10] [Server thread/TRACE] [FML]:   Registry: 197 minecraft:entity.endermen.ambient net.minecraft.util.SoundEvent@62b93086
[13:30:10] [Server thread/TRACE] [FML]:   Registry: 198 minecraft:entity.endermen.death net.minecraft.util.SoundEvent@254449bb
[13:30:10] [Server thread/TRACE] [FML]:   Registry: 199 minecraft:entity.endermen.hurt net.minecraft.util.SoundEvent@4e642ee1
[13:30:10] [Server thread/TRACE] [FML]:   Registry: 200 minecraft:entity.endermen.scream net.minecraft.util.SoundEvent@29ebbdf4
[13:30:10] [Server thread/TRACE] [FML]:   Registry: 201 minecraft:entity.endermen.stare net.minecraft.util.SoundEvent@2fd954f
[13:30:10] [Server thread/TRACE] [FML]:   Registry: 202 minecraft:entity.endermen.teleport net.minecraft.util.SoundEvent@5731d3a
[13:30:10] [Server thread/TRACE] [FML]:   Registry: 203 minecraft:entity.endermite.ambient net.minecraft.util.SoundEvent@6a0f2853
[13:30:10] [Server thread/TRACE] [FML]:   Registry: 204 minecraft:entity.endermite.death net.minecraft.util.SoundEvent@1eff3cfb
[13:30:10] [Server thread/TRACE] [FML]:   Registry: 205 minecraft:entity.endermite.hurt net.minecraft.util.SoundEvent@70c69586
[13:30:10] [Server thread/TRACE] [FML]:   Registry: 206 minecraft:entity.endermite.step net.minecraft.util.SoundEvent@6dc1dc69
[13:30:10] [Server thread/TRACE] [FML]:   Registry: 207 minecraft:entity.enderpearl.throw net.minecraft.util.SoundEvent@7e9f2c32
[13:30:10] [Server thread/TRACE] [FML]:   Registry: 208 minecraft:entity.evocation_fangs.attack net.minecraft.util.SoundEvent@19e0dffe
[13:30:10] [Server thread/TRACE] [FML]:   Registry: 209 minecraft:entity.evocation_illager.ambient net.minecraft.util.SoundEvent@5d4e13e1
[13:30:10] [Server thread/TRACE] [FML]:   Registry: 210 minecraft:entity.evocation_illager.cast_spell net.minecraft.util.SoundEvent@3e0fbeb5
[13:30:10] [Server thread/TRACE] [FML]:   Registry: 211 minecraft:entity.evocation_illager.death net.minecraft.util.SoundEvent@3976ebfa
[13:30:10] [Server thread/TRACE] [FML]:   Registry: 212 minecraft:entity.evocation_illager.hurt net.minecraft.util.SoundEvent@2676dc05
[13:30:10] [Server thread/TRACE] [FML]:   Registry: 213 minecraft:entity.evocation_illager.prepare_attack net.minecraft.util.SoundEvent@b0a1231
[13:30:10] [Server thread/TRACE] [FML]:   Registry: 214 minecraft:entity.evocation_illager.prepare_summon net.minecraft.util.SoundEvent@4833eff3
[13:30:10] [Server thread/TRACE] [FML]:   Registry: 215 minecraft:entity.evocation_illager.prepare_wololo net.minecraft.util.SoundEvent@4694f434
[13:30:10] [Server thread/TRACE] [FML]:   Registry: 216 minecraft:entity.experience_bottle.throw net.minecraft.util.SoundEvent@56928e17
[13:30:10] [Server thread/TRACE] [FML]:   Registry: 217 minecraft:entity.experience_orb.pickup net.minecraft.util.SoundEvent@dd2856e
[13:30:10] [Server thread/TRACE] [FML]:   Registry: 218 minecraft:entity.firework.blast net.minecraft.util.SoundEvent@5a49af50
[13:30:10] [Server thread/TRACE] [FML]:   Registry: 219 minecraft:entity.firework.blast_far net.minecraft.util.SoundEvent@3b1dc579
[13:30:10] [Server thread/TRACE] [FML]:   Registry: 220 minecraft:entity.firework.large_blast net.minecraft.util.SoundEvent@793d163b
[13:30:10] [Server thread/TRACE] [FML]:   Registry: 221 minecraft:entity.firework.large_blast_far net.minecraft.util.SoundEvent@60dd0587
[13:30:10] [Server thread/TRACE] [FML]:   Registry: 222 minecraft:entity.firework.launch net.minecraft.util.SoundEvent@77f905e3
[13:30:10] [Server thread/TRACE] [FML]:   Registry: 223 minecraft:entity.firework.shoot net.minecraft.util.SoundEvent@221a2068
[13:30:10] [Server thread/TRACE] [FML]:   Registry: 224 minecraft:entity.firework.twinkle net.minecraft.util.SoundEvent@338766de
[13:30:10] [Server thread/TRACE] [FML]:   Registry: 225 minecraft:entity.firework.twinkle_far net.minecraft.util.SoundEvent@3b7eac14
[13:30:10] [Server thread/TRACE] [FML]:   Registry: 226 minecraft:entity.generic.big_fall net.minecraft.util.SoundEvent@4976085
[13:30:10] [Server thread/TRACE] [FML]:   Registry: 227 minecraft:entity.generic.burn net.minecraft.util.SoundEvent@777d191f
[13:30:10] [Server thread/TRACE] [FML]:   Registry: 228 minecraft:entity.generic.death net.minecraft.util.SoundEvent@7fc420b8
[13:30:10] [Server thread/TRACE] [FML]:   Registry: 229 minecraft:entity.generic.drink net.minecraft.util.SoundEvent@31142d58
[13:30:10] [Server thread/TRACE] [FML]:   Registry: 230 minecraft:entity.generic.eat net.minecraft.util.SoundEvent@e38f0b7
[13:30:10] [Server thread/TRACE] [FML]:   Registry: 231 minecraft:entity.generic.explode net.minecraft.util.SoundEvent@1192b58e
[13:30:10] [Server thread/TRACE] [FML]:   Registry: 232 minecraft:entity.generic.extinguish_fire net.minecraft.util.SoundEvent@4f8d86e4
[13:30:10] [Server thread/TRACE] [FML]:   Registry: 233 minecraft:entity.generic.hurt net.minecraft.util.SoundEvent@5f631ca0
[13:30:10] [Server thread/TRACE] [FML]:   Registry: 234 minecraft:entity.generic.small_fall net.minecraft.util.SoundEvent@1697f2b3
[13:30:10] [Server thread/TRACE] [FML]:   Registry: 235 minecraft:entity.generic.splash net.minecraft.util.SoundEvent@12ad1b2a
[13:30:10] [Server thread/TRACE] [FML]:   Registry: 236 minecraft:entity.generic.swim net.minecraft.util.SoundEvent@3134153d
[13:30:10] [Server thread/TRACE] [FML]:   Registry: 237 minecraft:entity.ghast.ambient net.minecraft.util.SoundEvent@767599a7
[13:30:10] [Server thread/TRACE] [FML]:   Registry: 238 minecraft:entity.ghast.death net.minecraft.util.SoundEvent@5f5effb0
[13:30:10] [Server thread/TRACE] [FML]:   Registry: 239 minecraft:entity.ghast.hurt net.minecraft.util.SoundEvent@25d0cb3a
[13:30:10] [Server thread/TRACE] [FML]:   Registry: 240 minecraft:entity.ghast.scream net.minecraft.util.SoundEvent@345cbf40
[13:30:10] [Server thread/TRACE] [FML]:   Registry: 241 minecraft:entity.ghast.shoot net.minecraft.util.SoundEvent@6e3eb0cd
[13:30:10] [Server thread/TRACE] [FML]:   Registry: 242 minecraft:entity.ghast.warn net.minecraft.util.SoundEvent@463561c5
[13:30:10] [Server thread/TRACE] [FML]:   Registry: 243 minecraft:entity.guardian.ambient net.minecraft.util.SoundEvent@659feb22
[13:30:10] [Server thread/TRACE] [FML]:   Registry: 244 minecraft:entity.guardian.ambient_land net.minecraft.util.SoundEvent@3468ee6e
[13:30:10] [Server thread/TRACE] [FML]:   Registry: 245 minecraft:entity.guardian.attack net.minecraft.util.SoundEvent@2f4b98f6
[13:30:10] [Server thread/TRACE] [FML]:   Registry: 246 minecraft:entity.guardian.death net.minecraft.util.SoundEvent@421def93
[13:30:10] [Server thread/TRACE] [FML]:   Registry: 247 minecraft:entity.guardian.death_land net.minecraft.util.SoundEvent@58c1da09
[13:30:10] [Server thread/TRACE] [FML]:   Registry: 248 minecraft:entity.guardian.flop net.minecraft.util.SoundEvent@2b2954e1
[13:30:10] [Server thread/TRACE] [FML]:   Registry: 249 minecraft:entity.guardian.hurt net.minecraft.util.SoundEvent@58d6e55a
[13:30:10] [Server thread/TRACE] [FML]:   Registry: 250 minecraft:entity.guardian.hurt_land net.minecraft.util.SoundEvent@751ae8a4
[13:30:10] [Server thread/TRACE] [FML]:   Registry: 251 minecraft:entity.horse.ambient net.minecraft.util.SoundEvent@235d659c
[13:30:10] [Server thread/TRACE] [FML]:   Registry: 252 minecraft:entity.horse.angry net.minecraft.util.SoundEvent@4232b34a
[13:30:10] [Server thread/TRACE] [FML]:   Registry: 253 minecraft:entity.horse.armor net.minecraft.util.SoundEvent@2da16263
[13:30:10] [Server thread/TRACE] [FML]:   Registry: 254 minecraft:entity.horse.breathe net.minecraft.util.SoundEvent@f5ce0bb
[13:30:10] [Server thread/TRACE] [FML]:   Registry: 255 minecraft:entity.horse.death net.minecraft.util.SoundEvent@47e51549
[13:30:10] [Server thread/TRACE] [FML]:   Registry: 256 minecraft:entity.horse.eat net.minecraft.util.SoundEvent@101a461c
[13:30:10] [Server thread/TRACE] [FML]:   Registry: 257 minecraft:entity.horse.gallop net.minecraft.util.SoundEvent@360e9c06
[13:30:10] [Server thread/TRACE] [FML]:   Registry: 258 minecraft:entity.horse.hurt net.minecraft.util.SoundEvent@5ebffb44
[13:30:10] [Server thread/TRACE] [FML]:   Registry: 259 minecraft:entity.horse.jump net.minecraft.util.SoundEvent@311ff287
[13:30:10] [Server thread/TRACE] [FML]:   Registry: 260 minecraft:entity.horse.land net.minecraft.util.SoundEvent@7377781e
[13:30:10] [Server thread/TRACE] [FML]:   Registry: 261 minecraft:entity.horse.saddle net.minecraft.util.SoundEvent@31db34da
[13:30:10] [Server thread/TRACE] [FML]:   Registry: 262 minecraft:entity.horse.step net.minecraft.util.SoundEvent@109f8c7e
[13:30:10] [Server thread/TRACE] [FML]:   Registry: 263 minecraft:entity.horse.step_wood net.minecraft.util.SoundEvent@5edacf20
[13:30:10] [Server thread/TRACE] [FML]:   Registry: 264 minecraft:entity.hostile.big_fall net.minecraft.util.SoundEvent@16a5eb6d
[13:30:10] [Server thread/TRACE] [FML]:   Registry: 265 minecraft:entity.hostile.death net.minecraft.util.SoundEvent@7e307087
[13:30:10] [Server thread/TRACE] [FML]:   Registry: 266 minecraft:entity.hostile.hurt net.minecraft.util.SoundEvent@1220ef43
[13:30:10] [Server thread/TRACE] [FML]:   Registry: 267 minecraft:entity.hostile.small_fall net.minecraft.util.SoundEvent@1a8b81e8
[13:30:10] [Server thread/TRACE] [FML]:   Registry: 268 minecraft:entity.hostile.splash net.minecraft.util.SoundEvent@234cff57
[13:30:10] [Server thread/TRACE] [FML]:   Registry: 269 minecraft:entity.hostile.swim net.minecraft.util.SoundEvent@5e8507f1
[13:30:10] [Server thread/TRACE] [FML]:   Registry: 270 minecraft:entity.husk.ambient net.minecraft.util.SoundEvent@4bcaa195
[13:30:10] [Server thread/TRACE] [FML]:   Registry: 271 minecraft:entity.husk.death net.minecraft.util.SoundEvent@d08edc5
[13:30:10] [Server thread/TRACE] [FML]:   Registry: 272 minecraft:entity.husk.hurt net.minecraft.util.SoundEvent@49fa1d74
[13:30:10] [Server thread/TRACE] [FML]:   Registry: 273 minecraft:entity.husk.step net.minecraft.util.SoundEvent@3f362135
[13:30:10] [Server thread/TRACE] [FML]:   Registry: 274 minecraft:entity.illusion_illager.ambient net.minecraft.util.SoundEvent@21eee94f
[13:30:10] [Server thread/TRACE] [FML]:   Registry: 275 minecraft:entity.illusion_illager.cast_spell net.minecraft.util.SoundEvent@6bc24e72
[13:30:10] [Server thread/TRACE] [FML]:   Registry: 276 minecraft:entity.illusion_illager.death net.minecraft.util.SoundEvent@724aefc3
[13:30:10] [Server thread/TRACE] [FML]:   Registry: 277 minecraft:entity.illusion_illager.hurt net.minecraft.util.SoundEvent@7cfb4736
[13:30:10] [Server thread/TRACE] [FML]:   Registry: 278 minecraft:entity.illusion_illager.mirror_move net.minecraft.util.SoundEvent@2a097d77
[13:30:10] [Server thread/TRACE] [FML]:   Registry: 279 minecraft:entity.illusion_illager.prepare_blindness net.minecraft.util.SoundEvent@53c1179a
[13:30:10] [Server thread/TRACE] [FML]:   Registry: 280 minecraft:entity.illusion_illager.prepare_mirror net.minecraft.util.SoundEvent@7650ded6
[13:30:10] [Server thread/TRACE] [FML]:   Registry: 281 minecraft:entity.irongolem.attack net.minecraft.util.SoundEvent@5034f5dd
[13:30:10] [Server thread/TRACE] [FML]:   Registry: 282 minecraft:entity.irongolem.death net.minecraft.util.SoundEvent@31b7d869
[13:30:10] [Server thread/TRACE] [FML]:   Registry: 283 minecraft:entity.irongolem.hurt net.minecraft.util.SoundEvent@6a916402
[13:30:10] [Server thread/TRACE] [FML]:   Registry: 284 minecraft:entity.irongolem.step net.minecraft.util.SoundEvent@1a47a1e8
[13:30:10] [Server thread/TRACE] [FML]:   Registry: 285 minecraft:entity.item.break net.minecraft.util.SoundEvent@6d2a2560
[13:30:10] [Server thread/TRACE] [FML]:   Registry: 286 minecraft:entity.item.pickup net.minecraft.util.SoundEvent@62d1dc3c
[13:30:10] [Server thread/TRACE] [FML]:   Registry: 287 minecraft:entity.itemframe.add_item net.minecraft.util.SoundEvent@3811510
[13:30:10] [Server thread/TRACE] [FML]:   Registry: 288 minecraft:entity.itemframe.break net.minecraft.util.SoundEvent@24eeac69
[13:30:10] [Server thread/TRACE] [FML]:   Registry: 289 minecraft:entity.itemframe.place net.minecraft.util.SoundEvent@18539cb1
[13:30:10] [Server thread/TRACE] [FML]:   Registry: 290 minecraft:entity.itemframe.remove_item net.minecraft.util.SoundEvent@748f93bb
[13:30:10] [Server thread/TRACE] [FML]:   Registry: 291 minecraft:entity.itemframe.rotate_item net.minecraft.util.SoundEvent@7f2d31af
[13:30:10] [Server thread/TRACE] [FML]:   Registry: 292 minecraft:entity.leashknot.break net.minecraft.util.SoundEvent@2e7157c7
[13:30:10] [Server thread/TRACE] [FML]:   Registry: 293 minecraft:entity.leashknot.place net.minecraft.util.SoundEvent@2a43e0ac
[13:30:10] [Server thread/TRACE] [FML]:   Registry: 294 minecraft:entity.lightning.impact net.minecraft.util.SoundEvent@22d9bc14
[13:30:10] [Server thread/TRACE] [FML]:   Registry: 295 minecraft:entity.lightning.thunder net.minecraft.util.SoundEvent@346f41a9
[13:30:10] [Server thread/TRACE] [FML]:   Registry: 296 minecraft:entity.lingeringpotion.throw net.minecraft.util.SoundEvent@1084f78c
[13:30:10] [Server thread/TRACE] [FML]:   Registry: 297 minecraft:entity.llama.ambient net.minecraft.util.SoundEvent@25f723b0
[13:30:10] [Server thread/TRACE] [FML]:   Registry: 298 minecraft:entity.llama.angry net.minecraft.util.SoundEvent@4aa11206
[13:30:10] [Server thread/TRACE] [FML]:   Registry: 299 minecraft:entity.llama.chest net.minecraft.util.SoundEvent@40d60f2
[13:30:10] [Server thread/TRACE] [FML]:   Registry: 300 minecraft:entity.llama.death net.minecraft.util.SoundEvent@3382cf68
[13:30:10] [Server thread/TRACE] [FML]:   Registry: 301 minecraft:entity.llama.eat net.minecraft.util.SoundEvent@2f74900b
[13:30:10] [Server thread/TRACE] [FML]:   Registry: 302 minecraft:entity.llama.hurt net.minecraft.util.SoundEvent@6d8796c1
[13:30:10] [Server thread/TRACE] [FML]:   Registry: 303 minecraft:entity.llama.spit net.minecraft.util.SoundEvent@2e26173
[13:30:10] [Server thread/TRACE] [FML]:   Registry: 304 minecraft:entity.llama.step net.minecraft.util.SoundEvent@27be17c8
[13:30:10] [Server thread/TRACE] [FML]:   Registry: 305 minecraft:entity.llama.swag net.minecraft.util.SoundEvent@2c413ffc
[13:30:10] [Server thread/TRACE] [FML]:   Registry: 306 minecraft:entity.magmacube.death net.minecraft.util.SoundEvent@7d21852b
[13:30:10] [Server thread/TRACE] [FML]:   Registry: 307 minecraft:entity.magmacube.hurt net.minecraft.util.SoundEvent@6cd98a05
[13:30:10] [Server thread/TRACE] [FML]:   Registry: 308 minecraft:entity.magmacube.jump net.minecraft.util.SoundEvent@3b8ec001
[13:30:10] [Server thread/TRACE] [FML]:   Registry: 309 minecraft:entity.magmacube.squish net.minecraft.util.SoundEvent@1e95b653
[13:30:10] [Server thread/TRACE] [FML]:   Registry: 310 minecraft:entity.minecart.inside net.minecraft.util.SoundEvent@6f6c6077
[13:30:10] [Server thread/TRACE] [FML]:   Registry: 311 minecraft:entity.minecart.riding net.minecraft.util.SoundEvent@4fc5563d
[13:30:10] [Server thread/TRACE] [FML]:   Registry: 312 minecraft:entity.mooshroom.shear net.minecraft.util.SoundEvent@286090c
[13:30:10] [Server thread/TRACE] [FML]:   Registry: 313 minecraft:entity.mule.ambient net.minecraft.util.SoundEvent@31120021
[13:30:10] [Server thread/TRACE] [FML]:   Registry: 314 minecraft:entity.mule.chest net.minecraft.util.SoundEvent@3df1a1ac
[13:30:10] [Server thread/TRACE] [FML]:   Registry: 315 minecraft:entity.mule.death net.minecraft.util.SoundEvent@58606c91
[13:30:10] [Server thread/TRACE] [FML]:   Registry: 316 minecraft:entity.mule.hurt net.minecraft.util.SoundEvent@6a9cd0f8
[13:30:10] [Server thread/TRACE] [FML]:   Registry: 317 minecraft:entity.painting.break net.minecraft.util.SoundEvent@4baed682
[13:30:10] [Server thread/TRACE] [FML]:   Registry: 318 minecraft:entity.painting.place net.minecraft.util.SoundEvent@7be2f29a
[13:30:10] [Server thread/TRACE] [FML]:   Registry: 319 minecraft:entity.parrot.ambient net.minecraft.util.SoundEvent@203d1d93
[13:30:10] [Server thread/TRACE] [FML]:   Registry: 320 minecraft:entity.parrot.death net.minecraft.util.SoundEvent@2c2a027c
[13:30:10] [Server thread/TRACE] [FML]:   Registry: 321 minecraft:entity.parrot.eat net.minecraft.util.SoundEvent@118dcbbd
[13:30:10] [Server thread/TRACE] [FML]:   Registry: 322 minecraft:entity.parrot.fly net.minecraft.util.SoundEvent@7d979d34
[13:30:10] [Server thread/TRACE] [FML]:   Registry: 323 minecraft:entity.parrot.hurt net.minecraft.util.SoundEvent@350ec690
[13:30:10] [Server thread/TRACE] [FML]:   Registry: 324 minecraft:entity.parrot.imitate.blaze net.minecraft.util.SoundEvent@49cb1baf
[13:30:10] [Server thread/TRACE] [FML]:   Registry: 325 minecraft:entity.parrot.imitate.creeper net.minecraft.util.SoundEvent@3664f108
[13:30:10] [Server thread/TRACE] [FML]:   Registry: 326 minecraft:entity.parrot.imitate.elder_guardian net.minecraft.util.SoundEvent@77dba4cd
[13:30:10] [Server thread/TRACE] [FML]:   Registry: 327 minecraft:entity.parrot.imitate.enderdragon net.minecraft.util.SoundEvent@34a2d6e0
[13:30:10] [Server thread/TRACE] [FML]:   Registry: 328 minecraft:entity.parrot.imitate.enderman net.minecraft.util.SoundEvent@2525a5b8
[13:30:10] [Server thread/TRACE] [FML]:   Registry: 329 minecraft:entity.parrot.imitate.endermite net.minecraft.util.SoundEvent@3458eca5
[13:30:10] [Server thread/TRACE] [FML]:   Registry: 330 minecraft:entity.parrot.imitate.evocation_illager net.minecraft.util.SoundEvent@1e0fdb2f
[13:30:10] [Server thread/TRACE] [FML]:   Registry: 331 minecraft:entity.parrot.imitate.ghast net.minecraft.util.SoundEvent@3c380bd8
[13:30:10] [Server thread/TRACE] [FML]:   Registry: 332 minecraft:entity.parrot.imitate.husk net.minecraft.util.SoundEvent@34b87182
[13:30:10] [Server thread/TRACE] [FML]:   Registry: 333 minecraft:entity.parrot.imitate.illusion_illager net.minecraft.util.SoundEvent@47768e74
[13:30:10] [Server thread/TRACE] [FML]:   Registry: 334 minecraft:entity.parrot.imitate.magmacube net.minecraft.util.SoundEvent@2740e316
[13:30:10] [Server thread/TRACE] [FML]:   Registry: 335 minecraft:entity.parrot.imitate.polar_bear net.minecraft.util.SoundEvent@5b5a4aed
[13:30:10] [Server thread/TRACE] [FML]:   Registry: 336 minecraft:entity.parrot.imitate.shulker net.minecraft.util.SoundEvent@2c991465
[13:30:10] [Server thread/TRACE] [FML]:   Registry: 337 minecraft:entity.parrot.imitate.silverfish net.minecraft.util.SoundEvent@5fef2aac
[13:30:10] [Server thread/TRACE] [FML]:   Registry: 338 minecraft:entity.parrot.imitate.skeleton net.minecraft.util.SoundEvent@7f973a14
[13:30:10] [Server thread/TRACE] [FML]:   Registry: 339 minecraft:entity.parrot.imitate.slime net.minecraft.util.SoundEvent@76130a29
[13:30:10] [Server thread/TRACE] [FML]:   Registry: 340 minecraft:entity.parrot.imitate.spider net.minecraft.util.SoundEvent@124d02b2
[13:30:10] [Server thread/TRACE] [FML]:   Registry: 341 minecraft:entity.parrot.imitate.stray net.minecraft.util.SoundEvent@3451f01d
[13:30:10] [Server thread/TRACE] [FML]:   Registry: 342 minecraft:entity.parrot.imitate.vex net.minecraft.util.SoundEvent@72503b19
[13:30:10] [Server thread/TRACE] [FML]:   Registry: 343 minecraft:entity.parrot.imitate.vindication_illager net.minecraft.util.SoundEvent@1cfc2538
[13:30:10] [Server thread/TRACE] [FML]:   Registry: 344 minecraft:entity.parrot.imitate.witch net.minecraft.util.SoundEvent@66deec87
[13:30:10] [Server thread/TRACE] [FML]:   Registry: 345 minecraft:entity.parrot.imitate.wither net.minecraft.util.SoundEvent@5d342959
[13:30:10] [Server thread/TRACE] [FML]:   Registry: 346 minecraft:entity.parrot.imitate.wither_skeleton net.minecraft.util.SoundEvent@2ecf5915
[13:30:10] [Server thread/TRACE] [FML]:   Registry: 347 minecraft:entity.parrot.imitate.wolf net.minecraft.util.SoundEvent@53e76c11
[13:30:10] [Server thread/TRACE] [FML]:   Registry: 348 minecraft:entity.parrot.imitate.zombie net.minecraft.util.SoundEvent@42cc183e
[13:30:10] [Server thread/TRACE] [FML]:   Registry: 349 minecraft:entity.parrot.imitate.zombie_pigman net.minecraft.util.SoundEvent@3e4e8fdf
[13:30:10] [Server thread/TRACE] [FML]:   Registry: 350 minecraft:entity.parrot.imitate.zombie_villager net.minecraft.util.SoundEvent@6a1d6ef2
[13:30:10] [Server thread/TRACE] [FML]:   Registry: 351 minecraft:entity.parrot.step net.minecraft.util.SoundEvent@2721044
[13:30:10] [Server thread/TRACE] [FML]:   Registry: 352 minecraft:entity.pig.ambient net.minecraft.util.SoundEvent@205df5dc
[13:30:10] [Server thread/TRACE] [FML]:   Registry: 353 minecraft:entity.pig.death net.minecraft.util.SoundEvent@6aa7b67f
[13:30:10] [Server thread/TRACE] [FML]:   Registry: 354 minecraft:entity.pig.hurt net.minecraft.util.SoundEvent@6bcc3f27
[13:30:10] [Server thread/TRACE] [FML]:   Registry: 355 minecraft:entity.pig.saddle net.minecraft.util.SoundEvent@79aee22a
[13:30:10] [Server thread/TRACE] [FML]:   Registry: 356 minecraft:entity.pig.step net.minecraft.util.SoundEvent@36920bd6
[13:30:10] [Server thread/TRACE] [FML]:   Registry: 357 minecraft:entity.player.attack.crit net.minecraft.util.SoundEvent@61514735
[13:30:10] [Server thread/TRACE] [FML]:   Registry: 358 minecraft:entity.player.attack.knockback net.minecraft.util.SoundEvent@6bee793f
[13:30:10] [Server thread/TRACE] [FML]:   Registry: 359 minecraft:entity.player.attack.nodamage net.minecraft.util.SoundEvent@655f69da
[13:30:10] [Server thread/TRACE] [FML]:   Registry: 360 minecraft:entity.player.attack.strong net.minecraft.util.SoundEvent@43b5021c
[13:30:10] [Server thread/TRACE] [FML]:   Registry: 361 minecraft:entity.player.attack.sweep net.minecraft.util.SoundEvent@28369db0
[13:30:10] [Server thread/TRACE] [FML]:   Registry: 362 minecraft:entity.player.attack.weak net.minecraft.util.SoundEvent@30893e08
[13:30:10] [Server thread/TRACE] [FML]:   Registry: 363 minecraft:entity.player.big_fall net.minecraft.util.SoundEvent@2e86807a
[13:30:10] [Server thread/TRACE] [FML]:   Registry: 364 minecraft:entity.player.breath net.minecraft.util.SoundEvent@4548d254
[13:30:10] [Server thread/TRACE] [FML]:   Registry: 365 minecraft:entity.player.burp net.minecraft.util.SoundEvent@590f0c50
[13:30:10] [Server thread/TRACE] [FML]:   Registry: 366 minecraft:entity.player.death net.minecraft.util.SoundEvent@208f0007
[13:30:10] [Server thread/TRACE] [FML]:   Registry: 367 minecraft:entity.player.hurt net.minecraft.util.SoundEvent@3a90c13c
[13:30:10] [Server thread/TRACE] [FML]:   Registry: 368 minecraft:entity.player.hurt_drown net.minecraft.util.SoundEvent@39c96e48
[13:30:10] [Server thread/TRACE] [FML]:   Registry: 369 minecraft:entity.player.hurt_on_fire net.minecraft.util.SoundEvent@188598ad
[13:30:10] [Server thread/TRACE] [FML]:   Registry: 370 minecraft:entity.player.levelup net.minecraft.util.SoundEvent@40d23c82
[13:30:10] [Server thread/TRACE] [FML]:   Registry: 371 minecraft:entity.player.small_fall net.minecraft.util.SoundEvent@7cf78c85
[13:30:10] [Server thread/TRACE] [FML]:   Registry: 372 minecraft:entity.player.splash net.minecraft.util.SoundEvent@ebe067d
[13:30:10] [Server thread/TRACE] [FML]:   Registry: 373 minecraft:entity.player.swim net.minecraft.util.SoundEvent@3a4ab7f7
[13:30:10] [Server thread/TRACE] [FML]:   Registry: 374 minecraft:entity.polar_bear.ambient net.minecraft.util.SoundEvent@6badba10
[13:30:10] [Server thread/TRACE] [FML]:   Registry: 375 minecraft:entity.polar_bear.baby_ambient net.minecraft.util.SoundEvent@2b7e8044
[13:30:10] [Server thread/TRACE] [FML]:   Registry: 376 minecraft:entity.polar_bear.death net.minecraft.util.SoundEvent@550de6b8
[13:30:10] [Server thread/TRACE] [FML]:   Registry: 377 minecraft:entity.polar_bear.hurt net.minecraft.util.SoundEvent@3a1706e1
[13:30:10] [Server thread/TRACE] [FML]:   Registry: 378 minecraft:entity.polar_bear.step net.minecraft.util.SoundEvent@3c6c4689
[13:30:10] [Server thread/TRACE] [FML]:   Registry: 379 minecraft:entity.polar_bear.warning net.minecraft.util.SoundEvent@63cf9de0
[13:30:10] [Server thread/TRACE] [FML]:   Registry: 380 minecraft:entity.rabbit.ambient net.minecraft.util.SoundEvent@594d9f07
[13:30:10] [Server thread/TRACE] [FML]:   Registry: 381 minecraft:entity.rabbit.attack net.minecraft.util.SoundEvent@5befbac1
[13:30:10] [Server thread/TRACE] [FML]:   Registry: 382 minecraft:entity.rabbit.death net.minecraft.util.SoundEvent@5e9f73b
[13:30:10] [Server thread/TRACE] [FML]:   Registry: 383 minecraft:entity.rabbit.hurt net.minecraft.util.SoundEvent@1a565afb
[13:30:10] [Server thread/TRACE] [FML]:   Registry: 384 minecraft:entity.rabbit.jump net.minecraft.util.SoundEvent@2fd64b11
[13:30:10] [Server thread/TRACE] [FML]:   Registry: 385 minecraft:entity.sheep.ambient net.minecraft.util.SoundEvent@949c598
[13:30:10] [Server thread/TRACE] [FML]:   Registry: 386 minecraft:entity.sheep.death net.minecraft.util.SoundEvent@43d3aba5
[13:30:10] [Server thread/TRACE] [FML]:   Registry: 387 minecraft:entity.sheep.hurt net.minecraft.util.SoundEvent@6bfaa0a6
[13:30:10] [Server thread/TRACE] [FML]:   Registry: 388 minecraft:entity.sheep.shear net.minecraft.util.SoundEvent@76e9f00b
[13:30:10] [Server thread/TRACE] [FML]:   Registry: 389 minecraft:entity.sheep.step net.minecraft.util.SoundEvent@314b9e4b
[13:30:10] [Server thread/TRACE] [FML]:   Registry: 390 minecraft:entity.shulker.ambient net.minecraft.util.SoundEvent@6f1b8544
[13:30:10] [Server thread/TRACE] [FML]:   Registry: 391 minecraft:entity.shulker.close net.minecraft.util.SoundEvent@51dae791
[13:30:10] [Server thread/TRACE] [FML]:   Registry: 392 minecraft:entity.shulker.death net.minecraft.util.SoundEvent@688a2c09
[13:30:10] [Server thread/TRACE] [FML]:   Registry: 393 minecraft:entity.shulker.hurt net.minecraft.util.SoundEvent@5de5e95
[13:30:10] [Server thread/TRACE] [FML]:   Registry: 394 minecraft:entity.shulker.hurt_closed net.minecraft.util.SoundEvent@365cdacf
[13:30:10] [Server thread/TRACE] [FML]:   Registry: 395 minecraft:entity.shulker.open net.minecraft.util.SoundEvent@303c55fa
[13:30:10] [Server thread/TRACE] [FML]:   Registry: 396 minecraft:entity.shulker.shoot net.minecraft.util.SoundEvent@9efcd90
[13:30:10] [Server thread/TRACE] [FML]:   Registry: 397 minecraft:entity.shulker.teleport net.minecraft.util.SoundEvent@7eb200ce
[13:30:10] [Server thread/TRACE] [FML]:   Registry: 398 minecraft:entity.shulker_bullet.hit net.minecraft.util.SoundEvent@2ee83775
[13:30:10] [Server thread/TRACE] [FML]:   Registry: 399 minecraft:entity.shulker_bullet.hurt net.minecraft.util.SoundEvent@7c2924d7
[13:30:10] [Server thread/TRACE] [FML]:   Registry: 400 minecraft:entity.silverfish.ambient net.minecraft.util.SoundEvent@b5de58f
[13:30:10] [Server thread/TRACE] [FML]:   Registry: 401 minecraft:entity.silverfish.death net.minecraft.util.SoundEvent@6587305a
[13:30:10] [Server thread/TRACE] [FML]:   Registry: 402 minecraft:entity.silverfish.hurt net.minecraft.util.SoundEvent@abbe000
[13:30:10] [Server thread/TRACE] [FML]:   Registry: 403 minecraft:entity.silverfish.step net.minecraft.util.SoundEvent@3f81621c
[13:30:10] [Server thread/TRACE] [FML]:   Registry: 404 minecraft:entity.skeleton.ambient net.minecraft.util.SoundEvent@5b9499fe
[13:30:10] [Server thread/TRACE] [FML]:   Registry: 405 minecraft:entity.skeleton.death net.minecraft.util.SoundEvent@74d6736
[13:30:10] [Server thread/TRACE] [FML]:   Registry: 406 minecraft:entity.skeleton.hurt net.minecraft.util.SoundEvent@52a33c3f
[13:30:10] [Server thread/TRACE] [FML]:   Registry: 407 minecraft:entity.skeleton.shoot net.minecraft.util.SoundEvent@668625f5
[13:30:10] [Server thread/TRACE] [FML]:   Registry: 408 minecraft:entity.skeleton.step net.minecraft.util.SoundEvent@19a20bb2
[13:30:10] [Server thread/TRACE] [FML]:   Registry: 409 minecraft:entity.skeleton_horse.ambient net.minecraft.util.SoundEvent@75babb67
[13:30:10] [Server thread/TRACE] [FML]:   Registry: 410 minecraft:entity.skeleton_horse.death net.minecraft.util.SoundEvent@3eb3232b
[13:30:10] [Server thread/TRACE] [FML]:   Registry: 411 minecraft:entity.skeleton_horse.hurt net.minecraft.util.SoundEvent@69cd1085
[13:30:10] [Server thread/TRACE] [FML]:   Registry: 412 minecraft:entity.slime.attack net.minecraft.util.SoundEvent@60bb7995
[13:30:10] [Server thread/TRACE] [FML]:   Registry: 413 minecraft:entity.slime.death net.minecraft.util.SoundEvent@40fa8766
[13:30:10] [Server thread/TRACE] [FML]:   Registry: 414 minecraft:entity.slime.hurt net.minecraft.util.SoundEvent@67774e29
[13:30:10] [Server thread/TRACE] [FML]:   Registry: 415 minecraft:entity.slime.jump net.minecraft.util.SoundEvent@663f237a
[13:30:10] [Server thread/TRACE] [FML]:   Registry: 416 minecraft:entity.slime.squish net.minecraft.util.SoundEvent@5d7399f9
[13:30:10] [Server thread/TRACE] [FML]:   Registry: 417 minecraft:entity.small_magmacube.death net.minecraft.util.SoundEvent@49a6f486
[13:30:10] [Server thread/TRACE] [FML]:   Registry: 418 minecraft:entity.small_magmacube.hurt net.minecraft.util.SoundEvent@14fded9d
[13:30:10] [Server thread/TRACE] [FML]:   Registry: 419 minecraft:entity.small_magmacube.squish net.minecraft.util.SoundEvent@bc6288b
[13:30:10] [Server thread/TRACE] [FML]:   Registry: 420 minecraft:entity.small_slime.death net.minecraft.util.SoundEvent@4a3bd45b
[13:30:10] [Server thread/TRACE] [FML]:   Registry: 421 minecraft:entity.small_slime.hurt net.minecraft.util.SoundEvent@34c70b5e
[13:30:10] [Server thread/TRACE] [FML]:   Registry: 422 minecraft:entity.small_slime.jump net.minecraft.util.SoundEvent@4f2d995e
[13:30:10] [Server thread/TRACE] [FML]:   Registry: 423 minecraft:entity.small_slime.squish net.minecraft.util.SoundEvent@75156240
[13:30:10] [Server thread/TRACE] [FML]:   Registry: 424 minecraft:entity.snowball.throw net.minecraft.util.SoundEvent@6198e9b5
[13:30:10] [Server thread/TRACE] [FML]:   Registry: 425 minecraft:entity.snowman.ambient net.minecraft.util.SoundEvent@6d099323
[13:30:10] [Server thread/TRACE] [FML]:   Registry: 426 minecraft:entity.snowman.death net.minecraft.util.SoundEvent@4ecd00b5
[13:30:10] [Server thread/TRACE] [FML]:   Registry: 427 minecraft:entity.snowman.hurt net.minecraft.util.SoundEvent@10947c4e
[13:30:10] [Server thread/TRACE] [FML]:   Registry: 428 minecraft:entity.snowman.shoot net.minecraft.util.SoundEvent@3667faa8
[13:30:10] [Server thread/TRACE] [FML]:   Registry: 429 minecraft:entity.spider.ambient net.minecraft.util.SoundEvent@1756f7cc
[13:30:10] [Server thread/TRACE] [FML]:   Registry: 430 minecraft:entity.spider.death net.minecraft.util.SoundEvent@3138953b
[13:30:10] [Server thread/TRACE] [FML]:   Registry: 431 minecraft:entity.spider.hurt net.minecraft.util.SoundEvent@27df95e
[13:30:10] [Server thread/TRACE] [FML]:   Registry: 432 minecraft:entity.spider.step net.minecraft.util.SoundEvent@b46e103
[13:30:10] [Server thread/TRACE] [FML]:   Registry: 433 minecraft:entity.splash_potion.break net.minecraft.util.SoundEvent@2b0e9f30
[13:30:10] [Server thread/TRACE] [FML]:   Registry: 434 minecraft:entity.splash_potion.throw net.minecraft.util.SoundEvent@5eea5627
[13:30:10] [Server thread/TRACE] [FML]:   Registry: 435 minecraft:entity.squid.ambient net.minecraft.util.SoundEvent@3330f3ad
[13:30:10] [Server thread/TRACE] [FML]:   Registry: 436 minecraft:entity.squid.death net.minecraft.util.SoundEvent@f425231
[13:30:10] [Server thread/TRACE] [FML]:   Registry: 437 minecraft:entity.squid.hurt net.minecraft.util.SoundEvent@506aabf6
[13:30:10] [Server thread/TRACE] [FML]:   Registry: 438 minecraft:entity.stray.ambient net.minecraft.util.SoundEvent@5cbd94b2
[13:30:10] [Server thread/TRACE] [FML]:   Registry: 439 minecraft:entity.stray.death net.minecraft.util.SoundEvent@6824b913
[13:30:10] [Server thread/TRACE] [FML]:   Registry: 440 minecraft:entity.stray.hurt net.minecraft.util.SoundEvent@756aadfc
[13:30:10] [Server thread/TRACE] [FML]:   Registry: 441 minecraft:entity.stray.step net.minecraft.util.SoundEvent@705a8dbc
[13:30:10] [Server thread/TRACE] [FML]:   Registry: 442 minecraft:entity.tnt.primed net.minecraft.util.SoundEvent@40729f01
[13:30:10] [Server thread/TRACE] [FML]:   Registry: 443 minecraft:entity.vex.ambient net.minecraft.util.SoundEvent@d535a3d
[13:30:10] [Server thread/TRACE] [FML]:   Registry: 444 minecraft:entity.vex.charge net.minecraft.util.SoundEvent@2d760326
[13:30:10] [Server thread/TRACE] [FML]:   Registry: 445 minecraft:entity.vex.death net.minecraft.util.SoundEvent@9e54c59
[13:30:10] [Server thread/TRACE] [FML]:   Registry: 446 minecraft:entity.vex.hurt net.minecraft.util.SoundEvent@5dbb50f3
[13:30:10] [Server thread/TRACE] [FML]:   Registry: 447 minecraft:entity.villager.ambient net.minecraft.util.SoundEvent@4a2e7bcb
[13:30:10] [Server thread/TRACE] [FML]:   Registry: 448 minecraft:entity.villager.death net.minecraft.util.SoundEvent@575c3e9b
[13:30:10] [Server thread/TRACE] [FML]:   Registry: 449 minecraft:entity.villager.hurt net.minecraft.util.SoundEvent@74f827ad
[13:30:10] [Server thread/TRACE] [FML]:   Registry: 450 minecraft:entity.villager.no net.minecraft.util.SoundEvent@73c3cd09
[13:30:10] [Server thread/TRACE] [FML]:   Registry: 451 minecraft:entity.villager.trading net.minecraft.util.SoundEvent@4a8a0099
[13:30:10] [Server thread/TRACE] [FML]:   Registry: 452 minecraft:entity.villager.yes net.minecraft.util.SoundEvent@7c1447b5
[13:30:10] [Server thread/TRACE] [FML]:   Registry: 453 minecraft:entity.vindication_illager.ambient net.minecraft.util.SoundEvent@49e4c2d5
[13:30:10] [Server thread/TRACE] [FML]:   Registry: 454 minecraft:entity.vindication_illager.death net.minecraft.util.SoundEvent@24a2e565
[13:30:10] [Server thread/TRACE] [FML]:   Registry: 455 minecraft:entity.vindication_illager.hurt net.minecraft.util.SoundEvent@3e36b7a0
[13:30:10] [Server thread/TRACE] [FML]:   Registry: 456 minecraft:entity.witch.ambient net.minecraft.util.SoundEvent@60c1663c
[13:30:10] [Server thread/TRACE] [FML]:   Registry: 457 minecraft:entity.witch.death net.minecraft.util.SoundEvent@f5cf29b
[13:30:10] [Server thread/TRACE] [FML]:   Registry: 458 minecraft:entity.witch.drink net.minecraft.util.SoundEvent@3c66b7d8
[13:30:10] [Server thread/TRACE] [FML]:   Registry: 459 minecraft:entity.witch.hurt net.minecraft.util.SoundEvent@37e69c43
[13:30:10] [Server thread/TRACE] [FML]:   Registry: 460 minecraft:entity.witch.throw net.minecraft.util.SoundEvent@5c7dfc05
[13:30:10] [Server thread/TRACE] [FML]:   Registry: 461 minecraft:entity.wither.ambient net.minecraft.util.SoundEvent@345d053b
[13:30:10] [Server thread/TRACE] [FML]:   Registry: 462 minecraft:entity.wither.break_block net.minecraft.util.SoundEvent@3d0cac1f
[13:30:10] [Server thread/TRACE] [FML]:   Registry: 463 minecraft:entity.wither.death net.minecraft.util.SoundEvent@3e8b3b79
[13:30:10] [Server thread/TRACE] [FML]:   Registry: 464 minecraft:entity.wither.hurt net.minecraft.util.SoundEvent@d257579
[13:30:10] [Server thread/TRACE] [FML]:   Registry: 465 minecraft:entity.wither.shoot net.minecraft.util.SoundEvent@518ddd3b
[13:30:10] [Server thread/TRACE] [FML]:   Registry: 466 minecraft:entity.wither.spawn net.minecraft.util.SoundEvent@939ff41
[13:30:10] [Server thread/TRACE] [FML]:   Registry: 467 minecraft:entity.wither_skeleton.ambient net.minecraft.util.SoundEvent@6e0e5dec
[13:30:10] [Server thread/TRACE] [FML]:   Registry: 468 minecraft:entity.wither_skeleton.death net.minecraft.util.SoundEvent@48a663e9
[13:30:10] [Server thread/TRACE] [FML]:   Registry: 469 minecraft:entity.wither_skeleton.hurt net.minecraft.util.SoundEvent@777d0bc3
[13:30:10] [Server thread/TRACE] [FML]:   Registry: 470 minecraft:entity.wither_skeleton.step net.minecraft.util.SoundEvent@3178219a
[13:30:10] [Server thread/TRACE] [FML]:   Registry: 471 minecraft:entity.wolf.ambient net.minecraft.util.SoundEvent@2d85fb64
[13:30:10] [Server thread/TRACE] [FML]:   Registry: 472 minecraft:entity.wolf.death net.minecraft.util.SoundEvent@56476c16
[13:30:10] [Server thread/TRACE] [FML]:   Registry: 473 minecraft:entity.wolf.growl net.minecraft.util.SoundEvent@497b560e
[13:30:10] [Server thread/TRACE] [FML]:   Registry: 474 minecraft:entity.wolf.howl net.minecraft.util.SoundEvent@39ffda4a
[13:30:10] [Server thread/TRACE] [FML]:   Registry: 475 minecraft:entity.wolf.hurt net.minecraft.util.SoundEvent@3ba348ca
[13:30:10] [Server thread/TRACE] [FML]:   Registry: 476 minecraft:entity.wolf.pant net.minecraft.util.SoundEvent@56e9a474
[13:30:10] [Server thread/TRACE] [FML]:   Registry: 477 minecraft:entity.wolf.shake net.minecraft.util.SoundEvent@45b15381
[13:30:10] [Server thread/TRACE] [FML]:   Registry: 478 minecraft:entity.wolf.step net.minecraft.util.SoundEvent@2dbfcf7
[13:30:10] [Server thread/TRACE] [FML]:   Registry: 479 minecraft:entity.wolf.whine net.minecraft.util.SoundEvent@239f017e
[13:30:10] [Server thread/TRACE] [FML]:   Registry: 480 minecraft:entity.zombie.ambient net.minecraft.util.SoundEvent@38cedb7d
[13:30:10] [Server thread/TRACE] [FML]:   Registry: 481 minecraft:entity.zombie.attack_door_wood net.minecraft.util.SoundEvent@772caabe
[13:30:10] [Server thread/TRACE] [FML]:   Registry: 482 minecraft:entity.zombie.attack_iron_door net.minecraft.util.SoundEvent@2acdcce8
[13:30:10] [Server thread/TRACE] [FML]:   Registry: 483 minecraft:entity.zombie.break_door_wood net.minecraft.util.SoundEvent@7102ac3e
[13:30:10] [Server thread/TRACE] [FML]:   Registry: 484 minecraft:entity.zombie.death net.minecraft.util.SoundEvent@3f598450
[13:30:10] [Server thread/TRACE] [FML]:   Registry: 485 minecraft:entity.zombie.hurt net.minecraft.util.SoundEvent@2db2a05f
[13:30:10] [Server thread/TRACE] [FML]:   Registry: 486 minecraft:entity.zombie.infect net.minecraft.util.SoundEvent@695c938d
[13:30:10] [Server thread/TRACE] [FML]:   Registry: 487 minecraft:entity.zombie.step net.minecraft.util.SoundEvent@d5bb1c4
[13:30:10] [Server thread/TRACE] [FML]:   Registry: 488 minecraft:entity.zombie_horse.ambient net.minecraft.util.SoundEvent@7ed3df3b
[13:30:10] [Server thread/TRACE] [FML]:   Registry: 489 minecraft:entity.zombie_horse.death net.minecraft.util.SoundEvent@465b38e6
[13:30:10] [Server thread/TRACE] [FML]:   Registry: 490 minecraft:entity.zombie_horse.hurt net.minecraft.util.SoundEvent@4b960b5b
[13:30:10] [Server thread/TRACE] [FML]:   Registry: 491 minecraft:entity.zombie_pig.ambient net.minecraft.util.SoundEvent@1b13467c
[13:30:10] [Server thread/TRACE] [FML]:   Registry: 492 minecraft:entity.zombie_pig.angry net.minecraft.util.SoundEvent@7bd96822
[13:30:10] [Server thread/TRACE] [FML]:   Registry: 493 minecraft:entity.zombie_pig.death net.minecraft.util.SoundEvent@64dae3b7
[13:30:10] [Server thread/TRACE] [FML]:   Registry: 494 minecraft:entity.zombie_pig.hurt net.minecraft.util.SoundEvent@1fedf0a4
[13:30:10] [Server thread/TRACE] [FML]:   Registry: 495 minecraft:entity.zombie_villager.ambient net.minecraft.util.SoundEvent@1e4c6583
[13:30:10] [Server thread/TRACE] [FML]:   Registry: 496 minecraft:entity.zombie_villager.converted net.minecraft.util.SoundEvent@2ee48610
[13:30:10] [Server thread/TRACE] [FML]:   Registry: 497 minecraft:entity.zombie_villager.cure net.minecraft.util.SoundEvent@1d901f20
[13:30:10] [Server thread/TRACE] [FML]:   Registry: 498 minecraft:entity.zombie_villager.death net.minecraft.util.SoundEvent@6d08b4e6
[13:30:10] [Server thread/TRACE] [FML]:   Registry: 499 minecraft:entity.zombie_villager.hurt net.minecraft.util.SoundEvent@1015a4b9
[13:30:10] [Server thread/TRACE] [FML]:   Registry: 500 minecraft:entity.zombie_villager.step net.minecraft.util.SoundEvent@1acb74ad
[13:30:10] [Server thread/TRACE] [FML]:   Registry: 501 minecraft:item.armor.equip_chain net.minecraft.util.SoundEvent@7bf01cb
[13:30:10] [Server thread/TRACE] [FML]:   Registry: 502 minecraft:item.armor.equip_diamond net.minecraft.util.SoundEvent@2f382a5e
[13:30:10] [Server thread/TRACE] [FML]:   Registry: 503 minecraft:item.armor.equip_elytra net.minecraft.util.SoundEvent@12b5736c
[13:30:10] [Server thread/TRACE] [FML]:   Registry: 504 minecraft:item.armor.equip_generic net.minecraft.util.SoundEvent@539a138b
[13:30:10] [Server thread/TRACE] [FML]:   Registry: 505 minecraft:item.armor.equip_gold net.minecraft.util.SoundEvent@2cd4e16a
[13:30:10] [Server thread/TRACE] [FML]:   Registry: 506 minecraft:item.armor.equip_iron net.minecraft.util.SoundEvent@42505474
[13:30:10] [Server thread/TRACE] [FML]:   Registry: 507 minecraft:item.armor.equip_leather net.minecraft.util.SoundEvent@7b477141
[13:30:10] [Server thread/TRACE] [FML]:   Registry: 508 minecraft:item.bottle.empty net.minecraft.util.SoundEvent@784223e9
[13:30:10] [Server thread/TRACE] [FML]:   Registry: 509 minecraft:item.bottle.fill net.minecraft.util.SoundEvent@7316523a
[13:30:10] [Server thread/TRACE] [FML]:   Registry: 510 minecraft:item.bottle.fill_dragonbreath net.minecraft.util.SoundEvent@33a55bd8
[13:30:10] [Server thread/TRACE] [FML]:   Registry: 511 minecraft:item.bucket.empty net.minecraft.util.SoundEvent@73a8e994
[13:30:10] [Server thread/TRACE] [FML]:   Registry: 512 minecraft:item.bucket.empty_lava net.minecraft.util.SoundEvent@1a1cc163
[13:30:10] [Server thread/TRACE] [FML]:   Registry: 513 minecraft:item.bucket.fill net.minecraft.util.SoundEvent@5b5ac798
[13:30:10] [Server thread/TRACE] [FML]:   Registry: 514 minecraft:item.bucket.fill_lava net.minecraft.util.SoundEvent@42383cb0
[13:30:10] [Server thread/TRACE] [FML]:   Registry: 515 minecraft:item.chorus_fruit.teleport net.minecraft.util.SoundEvent@7668892a
[13:30:10] [Server thread/TRACE] [FML]:   Registry: 516 minecraft:item.elytra.flying net.minecraft.util.SoundEvent@a83495d
[13:30:10] [Server thread/TRACE] [FML]:   Registry: 517 minecraft:item.firecharge.use net.minecraft.util.SoundEvent@7e83992
[13:30:10] [Server thread/TRACE] [FML]:   Registry: 518 minecraft:item.flintandsteel.use net.minecraft.util.SoundEvent@4364863
[13:30:10] [Server thread/TRACE] [FML]:   Registry: 519 minecraft:item.hoe.till net.minecraft.util.SoundEvent@3625a016
[13:30:10] [Server thread/TRACE] [FML]:   Registry: 520 minecraft:item.shield.block net.minecraft.util.SoundEvent@267cde2e
[13:30:10] [Server thread/TRACE] [FML]:   Registry: 521 minecraft:item.shield.break net.minecraft.util.SoundEvent@609e57da
[13:30:10] [Server thread/TRACE] [FML]:   Registry: 522 minecraft:item.shovel.flatten net.minecraft.util.SoundEvent@56dd6efa
[13:30:10] [Server thread/TRACE] [FML]:   Registry: 523 minecraft:item.totem.use net.minecraft.util.SoundEvent@4d634127
[13:30:10] [Server thread/TRACE] [FML]:   Registry: 524 minecraft:music.creative net.minecraft.util.SoundEvent@d2e6b0b
[13:30:10] [Server thread/TRACE] [FML]:   Registry: 525 minecraft:music.credits net.minecraft.util.SoundEvent@1f1cddf3
[13:30:10] [Server thread/TRACE] [FML]:   Registry: 526 minecraft:music.dragon net.minecraft.util.SoundEvent@228bda54
[13:30:10] [Server thread/TRACE] [FML]:   Registry: 527 minecraft:music.end net.minecraft.util.SoundEvent@75b6dd5b
[13:30:10] [Server thread/TRACE] [FML]:   Registry: 528 minecraft:music.game net.minecraft.util.SoundEvent@b3e86d5
[13:30:10] [Server thread/TRACE] [FML]:   Registry: 529 minecraft:music.menu net.minecraft.util.SoundEvent@72b43104
[13:30:10] [Server thread/TRACE] [FML]:   Registry: 530 minecraft:music.nether net.minecraft.util.SoundEvent@e111c7c
[13:30:10] [Server thread/TRACE] [FML]:   Registry: 531 minecraft:record.11 net.minecraft.util.SoundEvent@4d0e54e0
[13:30:10] [Server thread/TRACE] [FML]:   Registry: 532 minecraft:record.13 net.minecraft.util.SoundEvent@32f96bba
[13:30:10] [Server thread/TRACE] [FML]:   Registry: 533 minecraft:record.blocks net.minecraft.util.SoundEvent@611640f0
[13:30:10] [Server thread/TRACE] [FML]:   Registry: 534 minecraft:record.cat net.minecraft.util.SoundEvent@67e25252
[13:30:10] [Server thread/TRACE] [FML]:   Registry: 535 minecraft:record.chirp net.minecraft.util.SoundEvent@58f4b31a
[13:30:10] [Server thread/TRACE] [FML]:   Registry: 536 minecraft:record.far net.minecraft.util.SoundEvent@21a9a705
[13:30:10] [Server thread/TRACE] [FML]:   Registry: 537 minecraft:record.mall net.minecraft.util.SoundEvent@72eb6200
[13:30:10] [Server thread/TRACE] [FML]:   Registry: 538 minecraft:record.mellohi net.minecraft.util.SoundEvent@76ececd
[13:30:10] [Server thread/TRACE] [FML]:   Registry: 539 minecraft:record.stal net.minecraft.util.SoundEvent@7affc159
[13:30:10] [Server thread/TRACE] [FML]:   Registry: 540 minecraft:record.strad net.minecraft.util.SoundEvent@1682c08c
[13:30:10] [Server thread/TRACE] [FML]:   Registry: 541 minecraft:record.wait net.minecraft.util.SoundEvent@3fd05b3e
[13:30:10] [Server thread/TRACE] [FML]:   Registry: 542 minecraft:record.ward net.minecraft.util.SoundEvent@4eb9f2af
[13:30:10] [Server thread/TRACE] [FML]:   Registry: 543 minecraft:ui.button.click net.minecraft.util.SoundEvent@4a481728
[13:30:10] [Server thread/TRACE] [FML]:   Registry: 544 minecraft:ui.toast.in net.minecraft.util.SoundEvent@4ace284d
[13:30:10] [Server thread/TRACE] [FML]:   Registry: 545 minecraft:ui.toast.out net.minecraft.util.SoundEvent@77fa9381
[13:30:10] [Server thread/TRACE] [FML]:   Registry: 546 minecraft:ui.toast.challenge_complete net.minecraft.util.SoundEvent@76d72b5b
[13:30:10] [Server thread/TRACE] [FML]:   Registry: 547 minecraft:weather.rain net.minecraft.util.SoundEvent@7cac93fe
[13:30:10] [Server thread/TRACE] [FML]:   Registry: 548 minecraft:weather.rain.above net.minecraft.util.SoundEvent@479b5066
[13:30:10] [Server thread/TRACE] [FML]: Registry Name : minecraft:potiontypes
[13:30:10] [Server thread/TRACE] [FML]:   Registry: 0 minecraft:empty net.minecraft.potion.PotionType@5e681097
[13:30:10] [Server thread/TRACE] [FML]:   Registry: 1 minecraft:water net.minecraft.potion.PotionType@152891f8
[13:30:10] [Server thread/TRACE] [FML]:   Registry: 2 minecraft:mundane net.minecraft.potion.PotionType@1d2c253
[13:30:10] [Server thread/TRACE] [FML]:   Registry: 3 minecraft:thick net.minecraft.potion.PotionType@15a484a9
[13:30:10] [Server thread/TRACE] [FML]:   Registry: 4 minecraft:awkward net.minecraft.potion.PotionType@b56c222
[13:30:10] [Server thread/TRACE] [FML]:   Registry: 5 minecraft:night_vision net.minecraft.potion.PotionType@5a2035e1
[13:30:10] [Server thread/TRACE] [FML]:   Registry: 6 minecraft:long_night_vision net.minecraft.potion.PotionType@4df7b4ac
[13:30:10] [Server thread/TRACE] [FML]:   Registry: 7 minecraft:invisibility net.minecraft.potion.PotionType@7c47e077
[13:30:10] [Server thread/TRACE] [FML]:   Registry: 8 minecraft:long_invisibility net.minecraft.potion.PotionType@41bd6a0f
[13:30:10] [Server thread/TRACE] [FML]:   Registry: 9 minecraft:leaping net.minecraft.potion.PotionType@1ae9d0e4
[13:30:10] [Server thread/TRACE] [FML]:   Registry: 10 minecraft:long_leaping net.minecraft.potion.PotionType@6acb45c1
[13:30:10] [Server thread/TRACE] [FML]:   Registry: 11 minecraft:strong_leaping net.minecraft.potion.PotionType@294c44b7
[13:30:10] [Server thread/TRACE] [FML]:   Registry: 12 minecraft:fire_resistance net.minecraft.potion.PotionType@30bbe83
[13:30:10] [Server thread/TRACE] [FML]:   Registry: 13 minecraft:long_fire_resistance net.minecraft.potion.PotionType@57b130f6
[13:30:10] [Server thread/TRACE] [FML]:   Registry: 14 minecraft:swiftness net.minecraft.potion.PotionType@67e4928c
[13:30:10] [Server thread/TRACE] [FML]:   Registry: 15 minecraft:long_swiftness net.minecraft.potion.PotionType@2cc61b3b
[13:30:10] [Server thread/TRACE] [FML]:   Registry: 16 minecraft:strong_swiftness net.minecraft.potion.PotionType@72e75786
[13:30:10] [Server thread/TRACE] [FML]:   Registry: 17 minecraft:slowness net.minecraft.potion.PotionType@2c0fefac
[13:30:10] [Server thread/TRACE] [FML]:   Registry: 18 minecraft:long_slowness net.minecraft.potion.PotionType@6fbc7853
[13:30:10] [Server thread/TRACE] [FML]:   Registry: 19 minecraft:water_breathing net.minecraft.potion.PotionType@733fa95c
[13:30:10] [Server thread/TRACE] [FML]:   Registry: 20 minecraft:long_water_breathing net.minecraft.potion.PotionType@3b2c8bda
[13:30:10] [Server thread/TRACE] [FML]:   Registry: 21 minecraft:healing net.minecraft.potion.PotionType@688d619c
[13:30:10] [Server thread/TRACE] [FML]:   Registry: 22 minecraft:strong_healing net.minecraft.potion.PotionType@647ff23e
[13:30:10] [Server thread/TRACE] [FML]:   Registry: 23 minecraft:harming net.minecraft.potion.PotionType@6a04d2a4
[13:30:10] [Server thread/TRACE] [FML]:   Registry: 24 minecraft:strong_harming net.minecraft.potion.PotionType@35a9e665
[13:30:10] [Server thread/TRACE] [FML]:   Registry: 25 minecraft:poison net.minecraft.potion.PotionType@362be0cd
[13:30:10] [Server thread/TRACE] [FML]:   Registry: 26 minecraft:long_poison net.minecraft.potion.PotionType@2dde0a34
[13:30:10] [Server thread/TRACE] [FML]:   Registry: 27 minecraft:strong_poison net.minecraft.potion.PotionType@61836cd9
[13:30:10] [Server thread/TRACE] [FML]:   Registry: 28 minecraft:regeneration net.minecraft.potion.PotionType@1b632442
[13:30:10] [Server thread/TRACE] [FML]:   Registry: 29 minecraft:long_regeneration net.minecraft.potion.PotionType@7227926b
[13:30:10] [Server thread/TRACE] [FML]:   Registry: 30 minecraft:strong_regeneration net.minecraft.potion.PotionType@2f75a9b1
[13:30:10] [Server thread/TRACE] [FML]:   Registry: 31 minecraft:strength net.minecraft.potion.PotionType@556aed22
[13:30:10] [Server thread/TRACE] [FML]:   Registry: 32 minecraft:long_strength net.minecraft.potion.PotionType@57a982f9
[13:30:10] [Server thread/TRACE] [FML]:   Registry: 33 minecraft:strong_strength net.minecraft.potion.PotionType@19d3f6ad
[13:30:10] [Server thread/TRACE] [FML]:   Registry: 34 minecraft:weakness net.minecraft.potion.PotionType@1b69fc07
[13:30:10] [Server thread/TRACE] [FML]:   Registry: 35 minecraft:long_weakness net.minecraft.potion.PotionType@19e801b5
[13:30:10] [Server thread/TRACE] [FML]:   Registry: 36 minecraft:luck net.minecraft.potion.PotionType@24de63b
[13:30:10] [Server thread/TRACE] [FML]: Registry Name : minecraft:enchantments
[13:30:10] [Server thread/TRACE] [FML]:   Registry: 0 minecraft:protection net.minecraft.enchantment.EnchantmentProtection@33a71d23
[13:30:10] [Server thread/TRACE] [FML]:   Registry: 1 minecraft:fire_protection net.minecraft.enchantment.EnchantmentProtection@23c05889
[13:30:10] [Server thread/TRACE] [FML]:   Registry: 2 minecraft:feather_falling net.minecraft.enchantment.EnchantmentProtection@12166229
[13:30:10] [Server thread/TRACE] [FML]:   Registry: 3 minecraft:blast_protection net.minecraft.enchantment.EnchantmentProtection@208e5b23
[13:30:10] [Server thread/TRACE] [FML]:   Registry: 4 minecraft:projectile_protection net.minecraft.enchantment.EnchantmentProtection@2bcb1414
[13:30:10] [Server thread/TRACE] [FML]:   Registry: 5 minecraft:respiration net.minecraft.enchantment.EnchantmentOxygen@70ee9d31
[13:30:10] [Server thread/TRACE] [FML]:   Registry: 6 minecraft:aqua_affinity net.minecraft.enchantment.EnchantmentWaterWorker@3ec082a1
[13:30:10] [Server thread/TRACE] [FML]:   Registry: 7 minecraft:thorns net.minecraft.enchantment.EnchantmentThorns@429f0ca8
[13:30:10] [Server thread/TRACE] [FML]:   Registry: 8 minecraft:depth_strider net.minecraft.enchantment.EnchantmentWaterWalker@628b503a
[13:30:10] [Server thread/TRACE] [FML]:   Registry: 9 minecraft:frost_walker net.minecraft.enchantment.EnchantmentFrostWalker@40017e98
[13:30:10] [Server thread/TRACE] [FML]:   Registry: 10 minecraft:binding_curse net.minecraft.enchantment.EnchantmentBindingCurse@15914bb5
[13:30:10] [Server thread/TRACE] [FML]:   Registry: 11 adversity:soulbound com.adversity.enchantment.EnchantmentSoulbound@11c32b1b
[13:30:10] [Server thread/TRACE] [FML]:   Registry: 12 adversity:breaker com.adversity.enchantment.EnchantmentBreaker@f3a4502
[13:30:10] [Server thread/TRACE] [FML]:   Registry: 13 adversity:entropy_affinity com.adversity.enchantment.EnchantmentEntropyAffinity@17d560b9
[13:30:10] [Server thread/TRACE] [FML]:   Registry: 14 adversity:purifying_touch com.adversity.enchantment.EnchantmentPurifyingTouch@22b6e9d8
[13:30:10] [Server thread/TRACE] [FML]:   Registry: 15 adversity:resolute_will com.adversity.enchantment.EnchantmentResoluteWill@2a258566
[13:30:10] [Server thread/TRACE] [FML]:   Registry: 16 minecraft:sharpness net.minecraft.enchantment.EnchantmentDamage@3fd5d679
[13:30:10] [Server thread/TRACE] [FML]:   Registry: 17 minecraft:smite net.minecraft.enchantment.EnchantmentDamage@7aa15a80
[13:30:10] [Server thread/TRACE] [FML]:   Registry: 18 minecraft:bane_of_arthropods net.minecraft.enchantment.EnchantmentDamage@4d065e1a
[13:30:10] [Server thread/TRACE] [FML]:   Registry: 19 minecraft:knockback net.minecraft.enchantment.EnchantmentKnockback@7ba1cdbe
[13:30:10] [Server thread/TRACE] [FML]:   Registry: 20 minecraft:fire_aspect net.minecraft.enchantment.EnchantmentFireAspect@6febec41
[13:30:10] [Server thread/TRACE] [FML]:   Registry: 21 minecraft:looting net.minecraft.enchantment.EnchantmentLootBonus@4ec8d9b2
[13:30:10] [Server thread/TRACE] [FML]:   Registry: 22 minecraft:sweeping net.minecraft.enchantment.EnchantmentSweepingEdge@42d174ad
[13:30:10] [Server thread/TRACE] [FML]:   Registry: 32 minecraft:efficiency net.minecraft.enchantment.EnchantmentDigging@2a42019a
[13:30:10] [Server thread/TRACE] [FML]:   Registry: 33 minecraft:silk_touch net.minecraft.enchantment.EnchantmentUntouching@1f48fa72
[13:30:10] [Server thread/TRACE] [FML]:   Registry: 34 minecraft:unbreaking net.minecraft.enchantment.EnchantmentDurability@58bad46f
[13:30:10] [Server thread/TRACE] [FML]:   Registry: 35 minecraft:fortune net.minecraft.enchantment.EnchantmentLootBonus@7c0e4e4e
[13:30:10] [Server thread/TRACE] [FML]:   Registry: 48 minecraft:power net.minecraft.enchantment.EnchantmentArrowDamage@3cb04dd
[13:30:10] [Server thread/TRACE] [FML]:   Registry: 49 minecraft:punch net.minecraft.enchantment.EnchantmentArrowKnockback@f3876ef
[13:30:10] [Server thread/TRACE] [FML]:   Registry: 50 minecraft:flame net.minecraft.enchantment.EnchantmentArrowFire@fde487b
[13:30:10] [Server thread/TRACE] [FML]:   Registry: 51 minecraft:infinity net.minecraft.enchantment.EnchantmentArrowInfinite@b34c7c9
[13:30:10] [Server thread/TRACE] [FML]:   Registry: 61 minecraft:luck_of_the_sea net.minecraft.enchantment.EnchantmentLootBonus@5b490d5e
[13:30:10] [Server thread/TRACE] [FML]:   Registry: 62 minecraft:lure net.minecraft.enchantment.EnchantmentFishingSpeed@2fd4312a
[13:30:10] [Server thread/TRACE] [FML]:   Registry: 70 minecraft:mending net.minecraft.enchantment.EnchantmentMending@2c56eba5
[13:30:10] [Server thread/TRACE] [FML]:   Registry: 71 minecraft:vanishing_curse net.minecraft.enchantment.EnchantmentVanishingCurse@3c4059a
[13:30:10] [Server thread/TRACE] [FML]: Registry Name : minecraft:recipes
[13:30:10] [Server thread/TRACE] [FML]:   Registry: 0 minecraft:armordye net.minecraft.item.crafting.RecipesArmorDyes@56a9a7b5
[13:30:10] [Server thread/TRACE] [FML]:   Registry: 1 minecraft:bookcloning net.minecraft.item.crafting.RecipeBookCloning@746fd19b
[13:30:10] [Server thread/TRACE] [FML]:   Registry: 2 minecraft:mapcloning net.minecraft.item.crafting.RecipesMapCloning@3a0e7f89
[13:30:10] [Server thread/TRACE] [FML]:   Registry: 3 minecraft:mapextending net.minecraft.item.crafting.RecipesMapExtending@231d3ce
[13:30:10] [Server thread/TRACE] [FML]:   Registry: 4 minecraft:fireworks net.minecraft.item.crafting.RecipeFireworks@591a4d25
[13:30:10] [Server thread/TRACE] [FML]:   Registry: 5 minecraft:repairitem net.minecraft.item.crafting.RecipeRepairItem@6081f330
[13:30:10] [Server thread/TRACE] [FML]:   Registry: 6 minecraft:tippedarrow net.minecraft.item.crafting.RecipeTippedArrow@10f397d0
[13:30:10] [Server thread/TRACE] [FML]:   Registry: 7 minecraft:bannerduplicate net.minecraft.item.crafting.RecipesBanners$RecipeDuplicatePattern@47ffa248
[13:30:10] [Server thread/TRACE] [FML]:   Registry: 8 minecraft:banneraddpattern net.minecraft.item.crafting.RecipesBanners$RecipeAddPattern@5d77be8e
[13:30:10] [Server thread/TRACE] [FML]:   Registry: 9 minecraft:shielddecoration net.minecraft.item.crafting.ShieldRecipes$Decoration@602c167e
[13:30:10] [Server thread/TRACE] [FML]:   Registry: 10 minecraft:shulkerboxcoloring net.minecraft.item.crafting.ShulkerBoxRecipes$ShulkerBoxColoring@78d61f17
[13:30:10] [Server thread/TRACE] [FML]:   Registry: 11 minecraft:yellow_wool net.minecraft.item.crafting.ShapelessRecipes@798b36fd
[13:30:10] [Server thread/TRACE] [FML]:   Registry: 12 minecraft:yellow_stained_hardened_clay net.minecraft.item.crafting.ShapedRecipes@237cd264
[13:30:10] [Server thread/TRACE] [FML]:   Registry: 13 minecraft:yellow_stained_glass_pane net.minecraft.item.crafting.ShapedRecipes@71f056a
[13:30:10] [Server thread/TRACE] [FML]:   Registry: 14 minecraft:yellow_stained_glass net.minecraft.item.crafting.ShapedRecipes@7c56c911
[13:30:10] [Server thread/TRACE] [FML]:   Registry: 15 minecraft:yellow_dye_from_sunflower net.minecraft.item.crafting.ShapelessRecipes@7305cfb1
[13:30:10] [Server thread/TRACE] [FML]:   Registry: 16 minecraft:yellow_dye_from_dandelion net.minecraft.item.crafting.ShapelessRecipes@191774d6
[13:30:10] [Server thread/TRACE] [FML]:   Registry: 17 minecraft:yellow_concrete_powder net.minecraft.item.crafting.ShapelessRecipes@6104691c
[13:30:10] [Server thread/TRACE] [FML]:   Registry: 18 minecraft:yellow_carpet net.minecraft.item.crafting.ShapedRecipes@b68932b
[13:30:10] [Server thread/TRACE] [FML]:   Registry: 19 minecraft:yellow_bed_from_white_bed net.minecraft.item.crafting.ShapelessRecipes@2a0c244e
[13:30:10] [Server thread/TRACE] [FML]:   Registry: 20 minecraft:yellow_bed net.minecraft.item.crafting.ShapedRecipes@72288480
[13:30:10] [Server thread/TRACE] [FML]:   Registry: 21 minecraft:yellow_banner net.minecraft.item.crafting.ShapedRecipes@77fb1002
[13:30:10] [Server thread/TRACE] [FML]:   Registry: 22 minecraft:writable_book net.minecraft.item.crafting.ShapelessRecipes@4db16677
[13:30:10] [Server thread/TRACE] [FML]:   Registry: 23 minecraft:wooden_sword net.minecraft.item.crafting.ShapedRecipes@28d56028
[13:30:10] [Server thread/TRACE] [FML]:   Registry: 24 minecraft:wooden_shovel net.minecraft.item.crafting.ShapedRecipes@4c9ef9c9
[13:30:10] [Server thread/TRACE] [FML]:   Registry: 25 minecraft:wooden_pressure_plate net.minecraft.item.crafting.ShapedRecipes@72d16d6
[13:30:10] [Server thread/TRACE] [FML]:   Registry: 26 minecraft:wooden_pickaxe net.minecraft.item.crafting.ShapedRecipes@796fe2b5
[13:30:10] [Server thread/TRACE] [FML]:   Registry: 27 minecraft:wooden_hoe net.minecraft.item.crafting.ShapedRecipes@1f72fbd1
[13:30:10] [Server thread/TRACE] [FML]:   Registry: 28 minecraft:wooden_door net.minecraft.item.crafting.ShapedRecipes@5454be
[13:30:10] [Server thread/TRACE] [FML]:   Registry: 29 minecraft:wooden_button net.minecraft.item.crafting.ShapedRecipes@19213a74
[13:30:10] [Server thread/TRACE] [FML]:   Registry: 30 minecraft:wooden_axe net.minecraft.item.crafting.ShapedRecipes@45451333
[13:30:10] [Server thread/TRACE] [FML]:   Registry: 31 minecraft:white_stained_hardened_clay net.minecraft.item.crafting.ShapedRecipes@79424f25
[13:30:10] [Server thread/TRACE] [FML]:   Registry: 32 minecraft:white_stained_glass_pane net.minecraft.item.crafting.ShapedRecipes@5305f936
[13:30:10] [Server thread/TRACE] [FML]:   Registry: 33 minecraft:white_stained_glass net.minecraft.item.crafting.ShapedRecipes@6f430ea8
[13:30:10] [Server thread/TRACE] [FML]:   Registry: 34 minecraft:white_concrete_powder net.minecraft.item.crafting.ShapelessRecipes@78e97d4d
[13:30:10] [Server thread/TRACE] [FML]:   Registry: 35 minecraft:white_carpet net.minecraft.item.crafting.ShapedRecipes@54e18a46
[13:30:10] [Server thread/TRACE] [FML]:   Registry: 36 minecraft:white_bed net.minecraft.item.crafting.ShapedRecipes@666b91db
[13:30:10] [Server thread/TRACE] [FML]:   Registry: 37 minecraft:white_banner net.minecraft.item.crafting.ShapedRecipes@9cb927e
[13:30:10] [Server thread/TRACE] [FML]:   Registry: 38 minecraft:wheat net.minecraft.item.crafting.ShapedRecipes@1ab85862
[13:30:10] [Server thread/TRACE] [FML]:   Registry: 39 minecraft:tripwire_hook net.minecraft.item.crafting.ShapedRecipes@7de2bdc7
[13:30:10] [Server thread/TRACE] [FML]:   Registry: 40 minecraft:trapped_chest net.minecraft.item.crafting.ShapelessRecipes@b340615
[13:30:10] [Server thread/TRACE] [FML]:   Registry: 41 minecraft:trapdoor net.minecraft.item.crafting.ShapedRecipes@5bdb6ea8
[13:30:10] [Server thread/TRACE] [FML]:   Registry: 42 minecraft:torch net.minecraft.item.crafting.ShapedRecipes@3cc2e3e
[13:30:10] [Server thread/TRACE] [FML]:   Registry: 43 minecraft:tnt_minecart net.minecraft.item.crafting.ShapedRecipes@305289b3
[13:30:10] [Server thread/TRACE] [FML]:   Registry: 44 minecraft:tnt net.minecraft.item.crafting.ShapedRecipes@9499643
[13:30:10] [Server thread/TRACE] [FML]:   Registry: 45 minecraft:sugar net.minecraft.item.crafting.ShapedRecipes@4ec616d6
[13:30:10] [Server thread/TRACE] [FML]:   Registry: 46 minecraft:string_to_wool net.minecraft.item.crafting.ShapedRecipes@3b77940f
[13:30:10] [Server thread/TRACE] [FML]:   Registry: 47 minecraft:stonebrick net.minecraft.item.crafting.ShapedRecipes@1aa31454
[13:30:10] [Server thread/TRACE] [FML]:   Registry: 48 minecraft:stone_sword net.minecraft.item.crafting.ShapedRecipes@3c4c7e51
[13:30:10] [Server thread/TRACE] [FML]:   Registry: 49 minecraft:stone_stairs net.minecraft.item.crafting.ShapedRecipes@349aeec4
[13:30:10] [Server thread/TRACE] [FML]:   Registry: 50 minecraft:stone_slab net.minecraft.item.crafting.ShapedRecipes@2d3bb944
[13:30:10] [Server thread/TRACE] [FML]:   Registry: 51 minecraft:stone_shovel net.minecraft.item.crafting.ShapedRecipes@7d47b021
[13:30:10] [Server thread/TRACE] [FML]:   Registry: 52 minecraft:stone_pressure_plate net.minecraft.item.crafting.ShapedRecipes@5e2b512b
[13:30:10] [Server thread/TRACE] [FML]:   Registry: 53 minecraft:stone_pickaxe net.minecraft.item.crafting.ShapedRecipes@2ccecae2
[13:30:10] [Server thread/TRACE] [FML]:   Registry: 54 minecraft:stone_hoe net.minecraft.item.crafting.ShapedRecipes@4258106
[13:30:10] [Server thread/TRACE] [FML]:   Registry: 55 minecraft:stone_button net.minecraft.item.crafting.ShapedRecipes@c7673ae
[13:30:10] [Server thread/TRACE] [FML]:   Registry: 56 minecraft:stone_brick_stairs net.minecraft.item.crafting.ShapedRecipes@7fa85a55
[13:30:10] [Server thread/TRACE] [FML]:   Registry: 57 minecraft:stone_brick_slab net.minecraft.item.crafting.ShapedRecipes@2de7fe0e
[13:30:10] [Server thread/TRACE] [FML]:   Registry: 58 minecraft:stone_axe net.minecraft.item.crafting.ShapedRecipes@547052
[13:30:10] [Server thread/TRACE] [FML]:   Registry: 59 minecraft:sticky_piston net.minecraft.item.crafting.ShapedRecipes@20723ee
[13:30:10] [Server thread/TRACE] [FML]:   Registry: 60 minecraft:stick net.minecraft.item.crafting.ShapedRecipes@102ecb61
[13:30:10] [Server thread/TRACE] [FML]:   Registry: 61 minecraft:spruce_wooden_slab net.minecraft.item.crafting.ShapedRecipes@7944c323
[13:30:10] [Server thread/TRACE] [FML]:   Registry: 62 minecraft:spruce_stairs net.minecraft.item.crafting.ShapedRecipes@4153a832
[13:30:10] [Server thread/TRACE] [FML]:   Registry: 63 minecraft:spruce_planks net.minecraft.item.crafting.ShapedRecipes@30ed4034
[13:30:10] [Server thread/TRACE] [FML]:   Registry: 64 minecraft:spruce_fence_gate net.minecraft.item.crafting.ShapedRecipes@3bb4c2b2
[13:30:10] [Server thread/TRACE] [FML]:   Registry: 65 minecraft:spruce_fence net.minecraft.item.crafting.ShapedRecipes@15d0b458
[13:30:10] [Server thread/TRACE] [FML]:   Registry: 66 minecraft:spruce_door net.minecraft.item.crafting.ShapedRecipes@18be3205
[13:30:10] [Server thread/TRACE] [FML]:   Registry: 67 minecraft:spruce_boat net.minecraft.item.crafting.ShapedRecipes@129c760d
[13:30:10] [Server thread/TRACE] [FML]:   Registry: 68 minecraft:spectral_arrow net.minecraft.item.crafting.ShapedRecipes@3b4f1eb
[13:30:10] [Server thread/TRACE] [FML]:   Registry: 69 minecraft:speckled_melon net.minecraft.item.crafting.ShapedRecipes@22bfd4b
[13:30:10] [Server thread/TRACE] [FML]:   Registry: 70 minecraft:snow_layer net.minecraft.item.crafting.ShapedRecipes@7cd25bf5
[13:30:10] [Server thread/TRACE] [FML]:   Registry: 71 minecraft:snow net.minecraft.item.crafting.ShapedRecipes@2697c156
[13:30:10] [Server thread/TRACE] [FML]:   Registry: 72 minecraft:smooth_sandstone net.minecraft.item.crafting.ShapedRecipes@22ee7fdc
[13:30:10] [Server thread/TRACE] [FML]:   Registry: 73 minecraft:smooth_red_sandstone net.minecraft.item.crafting.ShapedRecipes@5ea0a7a9
[13:30:10] [Server thread/TRACE] [FML]:   Registry: 74 minecraft:slime_ball net.minecraft.item.crafting.ShapedRecipes@780a91d0
[13:30:10] [Server thread/TRACE] [FML]:   Registry: 75 minecraft:slime net.minecraft.item.crafting.ShapedRecipes@6b278b17
[13:30:10] [Server thread/TRACE] [FML]:   Registry: 76 minecraft:sign net.minecraft.item.crafting.ShapedRecipes@5a58db42
[13:30:10] [Server thread/TRACE] [FML]:   Registry: 77 minecraft:shield net.minecraft.item.crafting.ShapedRecipes@36eb8e07
[13:30:10] [Server thread/TRACE] [FML]:   Registry: 78 minecraft:shears net.minecraft.item.crafting.ShapedRecipes@39ac8c0c
[13:30:10] [Server thread/TRACE] [FML]:   Registry: 79 minecraft:sea_lantern net.minecraft.item.crafting.ShapedRecipes@7cd8831c
[13:30:10] [Server thread/TRACE] [FML]:   Registry: 80 minecraft:sandstone_stairs net.minecraft.item.crafting.ShapedRecipes@78b8f818
[13:30:10] [Server thread/TRACE] [FML]:   Registry: 81 minecraft:sandstone_slab net.minecraft.item.crafting.ShapedRecipes@50ef2906
[13:30:10] [Server thread/TRACE] [FML]:   Registry: 82 minecraft:sandstone net.minecraft.item.crafting.ShapedRecipes@3fc5d397
[13:30:10] [Server thread/TRACE] [FML]:   Registry: 83 minecraft:repeater net.minecraft.item.crafting.ShapedRecipes@c2f7c63
[13:30:10] [Server thread/TRACE] [FML]:   Registry: 84 minecraft:redstone_torch net.minecraft.item.crafting.ShapedRecipes@fe156f4
[13:30:10] [Server thread/TRACE] [FML]:   Registry: 85 minecraft:redstone_lamp net.minecraft.item.crafting.ShapedRecipes@7582a16b
[13:30:10] [Server thread/TRACE] [FML]:   Registry: 86 minecraft:redstone_block net.minecraft.item.crafting.ShapedRecipes@35d81657
[13:30:10] [Server thread/TRACE] [FML]:   Registry: 87 minecraft:redstone net.minecraft.item.crafting.ShapedRecipes@288b73c1
[13:30:10] [Server thread/TRACE] [FML]:   Registry: 88 minecraft:red_wool net.minecraft.item.crafting.ShapelessRecipes@2fccf49e
[13:30:10] [Server thread/TRACE] [FML]:   Registry: 89 minecraft:red_stained_hardened_clay net.minecraft.item.crafting.ShapedRecipes@6ec2d990
[13:30:10] [Server thread/TRACE] [FML]:   Registry: 90 minecraft:red_stained_glass_pane net.minecraft.item.crafting.ShapedRecipes@2f39b534
[13:30:10] [Server thread/TRACE] [FML]:   Registry: 91 minecraft:red_stained_glass net.minecraft.item.crafting.ShapedRecipes@33ccead
[13:30:10] [Server thread/TRACE] [FML]:   Registry: 92 minecraft:red_sandstone_stairs net.minecraft.item.crafting.ShapedRecipes@51b59d58
[13:30:10] [Server thread/TRACE] [FML]:   Registry: 93 minecraft:red_sandstone_slab net.minecraft.item.crafting.ShapedRecipes@7ebfe01a
[13:30:10] [Server thread/TRACE] [FML]:   Registry: 94 minecraft:red_sandstone net.minecraft.item.crafting.ShapedRecipes@6d695ec4
[13:30:10] [Server thread/TRACE] [FML]:   Registry: 95 minecraft:red_nether_brick net.minecraft.item.crafting.ShapedRecipes@70e5737f
[13:30:10] [Server thread/TRACE] [FML]:   Registry: 96 minecraft:red_dye_from_tulip net.minecraft.item.crafting.ShapelessRecipes@32d8710a
[13:30:10] [Server thread/TRACE] [FML]:   Registry: 97 minecraft:red_dye_from_rose_bush net.minecraft.item.crafting.ShapelessRecipes@10e4ee33
[13:30:10] [Server thread/TRACE] [FML]:   Registry: 98 minecraft:red_dye_from_poppy net.minecraft.item.crafting.ShapelessRecipes@69c227fd
[13:30:10] [Server thread/TRACE] [FML]:   Registry: 99 minecraft:red_dye_from_beetroot net.minecraft.item.crafting.ShapelessRecipes@3e71a1f8
[13:30:10] [Server thread/TRACE] [FML]:   Registry: 100 minecraft:red_concrete_powder net.minecraft.item.crafting.ShapelessRecipes@5751e53e
[13:30:10] [Server thread/TRACE] [FML]:   Registry: 101 minecraft:red_carpet net.minecraft.item.crafting.ShapedRecipes@4b240276
[13:30:10] [Server thread/TRACE] [FML]:   Registry: 102 minecraft:red_bed_from_white_bed net.minecraft.item.crafting.ShapelessRecipes@456b140f
[13:30:10] [Server thread/TRACE] [FML]:   Registry: 103 minecraft:red_bed net.minecraft.item.crafting.ShapedRecipes@5b2c7186
[13:30:10] [Server thread/TRACE] [FML]:   Registry: 104 minecraft:red_banner net.minecraft.item.crafting.ShapedRecipes@73852720
[13:30:10] [Server thread/TRACE] [FML]:   Registry: 105 minecraft:rail net.minecraft.item.crafting.ShapedRecipes@fcd3a6f
[13:30:10] [Server thread/TRACE] [FML]:   Registry: 106 minecraft:rabbit_stew_from_red_mushroom net.minecraft.item.crafting.ShapedRecipes@75063bd0
[13:30:10] [Server thread/TRACE] [FML]:   Registry: 107 minecraft:rabbit_stew_from_brown_mushroom net.minecraft.item.crafting.ShapedRecipes@64fc6470
[13:30:10] [Server thread/TRACE] [FML]:   Registry: 108 minecraft:quartz_stairs net.minecraft.item.crafting.ShapedRecipes@6c8ad6d7
[13:30:10] [Server thread/TRACE] [FML]:   Registry: 109 minecraft:quartz_slab net.minecraft.item.crafting.ShapedRecipes@75c15f76
[13:30:10] [Server thread/TRACE] [FML]:   Registry: 110 minecraft:quartz_block net.minecraft.item.crafting.ShapedRecipes@1b10f60e
[13:30:10] [Server thread/TRACE] [FML]:   Registry: 111 minecraft:purpur_stairs net.minecraft.item.crafting.ShapedRecipes@2e02cc37
[13:30:10] [Server thread/TRACE] [FML]:   Registry: 112 minecraft:purpur_slab net.minecraft.item.crafting.ShapedRecipes@186d6033
[13:30:10] [Server thread/TRACE] [FML]:   Registry: 113 minecraft:purpur_pillar net.minecraft.item.crafting.ShapedRecipes@96075c0
[13:30:10] [Server thread/TRACE] [FML]:   Registry: 114 minecraft:purpur_block net.minecraft.item.crafting.ShapedRecipes@49353d43
[13:30:10] [Server thread/TRACE] [FML]:   Registry: 115 minecraft:purple_wool net.minecraft.item.crafting.ShapelessRecipes@838e109
[13:30:10] [Server thread/TRACE] [FML]:   Registry: 116 minecraft:purple_stained_hardened_clay net.minecraft.item.crafting.ShapedRecipes@6aa9a93b
[13:30:10] [Server thread/TRACE] [FML]:   Registry: 117 minecraft:purple_stained_glass_pane net.minecraft.item.crafting.ShapedRecipes@1c43e84e
[13:30:10] [Server thread/TRACE] [FML]:   Registry: 118 minecraft:purple_stained_glass net.minecraft.item.crafting.ShapedRecipes@759f45f1
[13:30:10] [Server thread/TRACE] [FML]:   Registry: 119 minecraft:purple_shulker_box net.minecraft.item.crafting.ShapedRecipes@56fa0ef
[13:30:10] [Server thread/TRACE] [FML]:   Registry: 120 minecraft:purple_dye net.minecraft.item.crafting.ShapelessRecipes@3093b9ff
[13:30:10] [Server thread/TRACE] [FML]:   Registry: 121 minecraft:purple_concrete_powder net.minecraft.item.crafting.ShapelessRecipes@23dff243
[13:30:10] [Server thread/TRACE] [FML]:   Registry: 122 minecraft:purple_carpet net.minecraft.item.crafting.ShapedRecipes@6f67ece5
[13:30:10] [Server thread/TRACE] [FML]:   Registry: 123 minecraft:purple_bed_from_white_bed net.minecraft.item.crafting.ShapelessRecipes@7b8fcdf2
[13:30:10] [Server thread/TRACE] [FML]:   Registry: 124 minecraft:purple_bed net.minecraft.item.crafting.ShapedRecipes@44f23927
[13:30:10] [Server thread/TRACE] [FML]:   Registry: 125 minecraft:purple_banner net.minecraft.item.crafting.ShapedRecipes@1bde9a22
[13:30:10] [Server thread/TRACE] [FML]:   Registry: 126 minecraft:pumpkin_seeds net.minecraft.item.crafting.ShapedRecipes@671f545b
[13:30:10] [Server thread/TRACE] [FML]:   Registry: 127 minecraft:pumpkin_pie net.minecraft.item.crafting.ShapelessRecipes@342dc040
[13:30:10] [Server thread/TRACE] [FML]:   Registry: 128 minecraft:prismarine_bricks net.minecraft.item.crafting.ShapedRecipes@7c8b37a8
[13:30:10] [Server thread/TRACE] [FML]:   Registry: 129 minecraft:prismarine net.minecraft.item.crafting.ShapedRecipes@a859c5
[13:30:10] [Server thread/TRACE] [FML]:   Registry: 130 minecraft:polished_granite net.minecraft.item.crafting.ShapedRecipes@6a63ff31
[13:30:10] [Server thread/TRACE] [FML]:   Registry: 131 minecraft:polished_diorite net.minecraft.item.crafting.ShapedRecipes@d65e744
[13:30:10] [Server thread/TRACE] [FML]:   Registry: 132 minecraft:polished_andesite net.minecraft.item.crafting.ShapedRecipes@10724a72
[13:30:10] [Server thread/TRACE] [FML]:   Registry: 133 minecraft:piston net.minecraft.item.crafting.ShapedRecipes@1ecec098
[13:30:10] [Server thread/TRACE] [FML]:   Registry: 134 minecraft:pink_wool net.minecraft.item.crafting.ShapelessRecipes@7ebaf0d
[13:30:10] [Server thread/TRACE] [FML]:   Registry: 135 minecraft:pink_stained_hardened_clay net.minecraft.item.crafting.ShapedRecipes@7cbfbcd1
[13:30:10] [Server thread/TRACE] [FML]:   Registry: 136 minecraft:pink_stained_glass_pane net.minecraft.item.crafting.ShapedRecipes@3ddac0b6
[13:30:10] [Server thread/TRACE] [FML]:   Registry: 137 minecraft:pink_stained_glass net.minecraft.item.crafting.ShapedRecipes@366b4a7b
[13:30:10] [Server thread/TRACE] [FML]:   Registry: 138 minecraft:pink_dye_from_red_bonemeal net.minecraft.item.crafting.ShapelessRecipes@a30dbc0
[13:30:10] [Server thread/TRACE] [FML]:   Registry: 139 minecraft:pink_dye_from_pink_tulip net.minecraft.item.crafting.ShapelessRecipes@337cb81d
[13:30:10] [Server thread/TRACE] [FML]:   Registry: 140 minecraft:pink_dye_from_peony net.minecraft.item.crafting.ShapelessRecipes@18f13756
[13:30:10] [Server thread/TRACE] [FML]:   Registry: 141 minecraft:pink_concrete_powder net.minecraft.item.crafting.ShapelessRecipes@5db90818
[13:30:10] [Server thread/TRACE] [FML]:   Registry: 142 minecraft:pink_carpet net.minecraft.item.crafting.ShapedRecipes@6694fb1b
[13:30:10] [Server thread/TRACE] [FML]:   Registry: 143 minecraft:pink_bed_from_white_bed net.minecraft.item.crafting.ShapelessRecipes@2dcd451f
[13:30:10] [Server thread/TRACE] [FML]:   Registry: 144 minecraft:pink_bed net.minecraft.item.crafting.ShapedRecipes@718d6b7c
[13:30:10] [Server thread/TRACE] [FML]:   Registry: 145 minecraft:pink_banner net.minecraft.item.crafting.ShapedRecipes@5016f1a
[13:30:10] [Server thread/TRACE] [FML]:   Registry: 146 minecraft:pillar_quartz_block net.minecraft.item.crafting.ShapedRecipes@455d04d2
[13:30:10] [Server thread/TRACE] [FML]:   Registry: 147 minecraft:paper net.minecraft.item.crafting.ShapedRecipes@8afce3
[13:30:10] [Server thread/TRACE] [FML]:   Registry: 148 minecraft:painting net.minecraft.item.crafting.ShapedRecipes@2419a5db
[13:30:10] [Server thread/TRACE] [FML]:   Registry: 149 minecraft:orange_wool net.minecraft.item.crafting.ShapelessRecipes@336070ab
[13:30:10] [Server thread/TRACE] [FML]:   Registry: 150 minecraft:orange_stained_hardened_clay net.minecraft.item.crafting.ShapedRecipes@3dec769
[13:30:10] [Server thread/TRACE] [FML]:   Registry: 151 minecraft:orange_stained_glass_pane net.minecraft.item.crafting.ShapedRecipes@433b546f
[13:30:10] [Server thread/TRACE] [FML]:   Registry: 152 minecraft:orange_stained_glass net.minecraft.item.crafting.ShapedRecipes@323c6f9c
[13:30:10] [Server thread/TRACE] [FML]:   Registry: 153 minecraft:orange_dye_from_red_yellow net.minecraft.item.crafting.ShapelessRecipes@20163008
[13:30:10] [Server thread/TRACE] [FML]:   Registry: 154 minecraft:orange_dye_from_orange_tulip net.minecraft.item.crafting.ShapelessRecipes@2e47a71e
[13:30:10] [Server thread/TRACE] [FML]:   Registry: 155 minecraft:orange_concrete_powder net.minecraft.item.crafting.ShapelessRecipes@4be7acd9
[13:30:10] [Server thread/TRACE] [FML]:   Registry: 156 minecraft:orange_carpet net.minecraft.item.crafting.ShapedRecipes@48144f1a
[13:30:10] [Server thread/TRACE] [FML]:   Registry: 157 minecraft:orange_bed_from_white_bed net.minecraft.item.crafting.ShapelessRecipes@163fbbc9
[13:30:10] [Server thread/TRACE] [FML]:   Registry: 158 minecraft:orange_bed net.minecraft.item.crafting.ShapedRecipes@79fcd194
[13:30:10] [Server thread/TRACE] [FML]:   Registry: 159 minecraft:orange_banner net.minecraft.item.crafting.ShapedRecipes@62f7d7bd
[13:30:10] [Server thread/TRACE] [FML]:   Registry: 160 minecraft:observer net.minecraft.item.crafting.ShapedRecipes@350e3fb4
[13:30:10] [Server thread/TRACE] [FML]:   Registry: 161 minecraft:oak_wooden_slab net.minecraft.item.crafting.ShapedRecipes@699bb304
[13:30:10] [Server thread/TRACE] [FML]:   Registry: 162 minecraft:oak_stairs net.minecraft.item.crafting.ShapedRecipes@3ffa0f38
[13:30:10] [Server thread/TRACE] [FML]:   Registry: 163 minecraft:oak_planks net.minecraft.item.crafting.ShapedRecipes@2c978637
[13:30:10] [Server thread/TRACE] [FML]:   Registry: 164 minecraft:noteblock net.minecraft.item.crafting.ShapedRecipes@2f4545c6
[13:30:10] [Server thread/TRACE] [FML]:   Registry: 165 minecraft:nether_wart_block net.minecraft.item.crafting.ShapedRecipes@69cc49ec
[13:30:10] [Server thread/TRACE] [FML]:   Registry: 166 minecraft:nether_brick_stairs net.minecraft.item.crafting.ShapedRecipes@1b556a88
[13:30:10] [Server thread/TRACE] [FML]:   Registry: 167 minecraft:nether_brick_slab net.minecraft.item.crafting.ShapedRecipes@62c6db99
[13:30:10] [Server thread/TRACE] [FML]:   Registry: 168 minecraft:nether_brick_fence net.minecraft.item.crafting.ShapedRecipes@5c316230
[13:30:10] [Server thread/TRACE] [FML]:   Registry: 169 minecraft:nether_brick net.minecraft.item.crafting.ShapedRecipes@3494a35e
[13:30:10] [Server thread/TRACE] [FML]:   Registry: 170 minecraft:mushroom_stew net.minecraft.item.crafting.ShapelessRecipes@48aaaed9
[13:30:10] [Server thread/TRACE] [FML]:   Registry: 171 minecraft:mossy_stonebrick net.minecraft.item.crafting.ShapelessRecipes@76d0a290
[13:30:10] [Server thread/TRACE] [FML]:   Registry: 172 minecraft:mossy_cobblestone_wall net.minecraft.item.crafting.ShapedRecipes@6da9541c
[13:30:10] [Server thread/TRACE] [FML]:   Registry: 173 minecraft:mossy_cobblestone net.minecraft.item.crafting.ShapelessRecipes@343727b5
[13:30:10] [Server thread/TRACE] [FML]:   Registry: 174 minecraft:minecart net.minecraft.item.crafting.ShapedRecipes@4742466e
[13:30:10] [Server thread/TRACE] [FML]:   Registry: 175 minecraft:melon_seeds net.minecraft.item.crafting.ShapedRecipes@3691d4da
[13:30:10] [Server thread/TRACE] [FML]:   Registry: 176 minecraft:melon_block net.minecraft.item.crafting.ShapedRecipes@197cc325
[13:30:10] [Server thread/TRACE] [FML]:   Registry: 177 minecraft:map net.minecraft.item.crafting.ShapedRecipes@7a0d2c80
[13:30:10] [Server thread/TRACE] [FML]:   Registry: 178 minecraft:magma_cream net.minecraft.item.crafting.ShapelessRecipes@50d05167
[13:30:10] [Server thread/TRACE] [FML]:   Registry: 179 minecraft:magma net.minecraft.item.crafting.ShapedRecipes@efa04b5
[13:30:10] [Server thread/TRACE] [FML]:   Registry: 180 minecraft:magenta_wool net.minecraft.item.crafting.ShapelessRecipes@75da2db
[13:30:10] [Server thread/TRACE] [FML]:   Registry: 181 minecraft:magenta_stained_hardened_clay net.minecraft.item.crafting.ShapedRecipes@7b1559f1
[13:30:10] [Server thread/TRACE] [FML]:   Registry: 182 minecraft:magenta_stained_glass_pane net.minecraft.item.crafting.ShapedRecipes@59d0fac9
[13:30:10] [Server thread/TRACE] [FML]:   Registry: 183 minecraft:magenta_stained_glass net.minecraft.item.crafting.ShapedRecipes@6e8aea7e
[13:30:10] [Server thread/TRACE] [FML]:   Registry: 184 minecraft:magenta_dye_from_purple_and_pink net.minecraft.item.crafting.ShapelessRecipes@6371c5ec
[13:30:10] [Server thread/TRACE] [FML]:   Registry: 185 minecraft:magenta_dye_from_lilac net.minecraft.item.crafting.ShapelessRecipes@da9374c
[13:30:10] [Server thread/TRACE] [FML]:   Registry: 186 minecraft:magenta_dye_from_lapis_red_pink net.minecraft.item.crafting.ShapelessRecipes@2e4d2232
[13:30:10] [Server thread/TRACE] [FML]:   Registry: 187 minecraft:magenta_dye_from_lapis_ink_bonemeal net.minecraft.item.crafting.ShapelessRecipes@71eafb64
[13:30:10] [Server thread/TRACE] [FML]:   Registry: 188 minecraft:magenta_dye_from_allium net.minecraft.item.crafting.ShapelessRecipes@ae74eef
[13:30:10] [Server thread/TRACE] [FML]:   Registry: 189 minecraft:magenta_concrete_powder net.minecraft.item.crafting.ShapelessRecipes@33c9f1ac
[13:30:10] [Server thread/TRACE] [FML]:   Registry: 190 minecraft:magenta_carpet net.minecraft.item.crafting.ShapedRecipes@442310fd
[13:30:10] [Server thread/TRACE] [FML]:   Registry: 191 minecraft:magenta_bed_from_white_bed net.minecraft.item.crafting.ShapelessRecipes@178ba69f
[13:30:10] [Server thread/TRACE] [FML]:   Registry: 192 minecraft:magenta_bed net.minecraft.item.crafting.ShapedRecipes@36ab69d9
[13:30:10] [Server thread/TRACE] [FML]:   Registry: 193 minecraft:magenta_banner net.minecraft.item.crafting.ShapedRecipes@77881b7a
[13:30:10] [Server thread/TRACE] [FML]:   Registry: 194 minecraft:lit_pumpkin net.minecraft.item.crafting.ShapedRecipes@7bde704a
[13:30:10] [Server thread/TRACE] [FML]:   Registry: 195 minecraft:lime_wool net.minecraft.item.crafting.ShapelessRecipes@629600d7
[13:30:10] [Server thread/TRACE] [FML]:   Registry: 196 minecraft:lime_stained_hardened_clay net.minecraft.item.crafting.ShapedRecipes@153409b8
[13:30:10] [Server thread/TRACE] [FML]:   Registry: 197 minecraft:lime_stained_glass_pane net.minecraft.item.crafting.ShapedRecipes@27a6384b
[13:30:10] [Server thread/TRACE] [FML]:   Registry: 198 minecraft:lime_stained_glass net.minecraft.item.crafting.ShapedRecipes@2e030cc1
[13:30:10] [Server thread/TRACE] [FML]:   Registry: 199 minecraft:lime_dye net.minecraft.item.crafting.ShapelessRecipes@470b5213
[13:30:10] [Server thread/TRACE] [FML]:   Registry: 200 minecraft:lime_concrete_powder net.minecraft.item.crafting.ShapelessRecipes@3c20e9d6
[13:30:10] [Server thread/TRACE] [FML]:   Registry: 201 minecraft:lime_carpet net.minecraft.item.crafting.ShapedRecipes@152035eb
[13:30:10] [Server thread/TRACE] [FML]:   Registry: 202 minecraft:lime_bed_from_white_bed net.minecraft.item.crafting.ShapelessRecipes@50e24ea4
[13:30:10] [Server thread/TRACE] [FML]:   Registry: 203 minecraft:lime_bed net.minecraft.item.crafting.ShapedRecipes@29dfc68f
[13:30:10] [Server thread/TRACE] [FML]:   Registry: 204 minecraft:lime_banner net.minecraft.item.crafting.ShapedRecipes@6719f206
[13:30:10] [Server thread/TRACE] [FML]:   Registry: 205 minecraft:light_weighted_pressure_plate net.minecraft.item.crafting.ShapedRecipes@1870b9b8
[13:30:10] [Server thread/TRACE] [FML]:   Registry: 206 minecraft:light_gray_wool net.minecraft.item.crafting.ShapelessRecipes@3151277f
[13:30:10] [Server thread/TRACE] [FML]:   Registry: 207 minecraft:light_gray_stained_hardened_clay net.minecraft.item.crafting.ShapedRecipes@78ea700f
[13:30:10] [Server thread/TRACE] [FML]:   Registry: 208 minecraft:light_gray_stained_glass_pane net.minecraft.item.crafting.ShapedRecipes@afb7b03
[13:30:10] [Server thread/TRACE] [FML]:   Registry: 209 minecraft:light_gray_stained_glass net.minecraft.item.crafting.ShapedRecipes@23d23d98
[13:30:10] [Server thread/TRACE] [FML]:   Registry: 210 minecraft:light_gray_dye_from_white_tulip net.minecraft.item.crafting.ShapelessRecipes@6ee1ddcf
[13:30:10] [Server thread/TRACE] [FML]:   Registry: 211 minecraft:light_gray_dye_from_oxeye_daisy net.minecraft.item.crafting.ShapelessRecipes@2435c6ae
[13:30:10] [Server thread/TRACE] [FML]:   Registry: 212 minecraft:light_gray_dye_from_ink_bonemeal net.minecraft.item.crafting.ShapelessRecipes@6fc6f68f
[13:30:10] [Server thread/TRACE] [FML]:   Registry: 213 minecraft:light_gray_dye_from_gray_bonemeal net.minecraft.item.crafting.ShapelessRecipes@30ed2a26
[13:30:10] [Server thread/TRACE] [FML]:   Registry: 214 minecraft:light_gray_dye_from_azure_bluet net.minecraft.item.crafting.ShapelessRecipes@4dffa400
[13:30:10] [Server thread/TRACE] [FML]:   Registry: 215 minecraft:light_gray_concrete_powder net.minecraft.item.crafting.ShapelessRecipes@6a3a56de
[13:30:10] [Server thread/TRACE] [FML]:   Registry: 216 minecraft:light_gray_carpet net.minecraft.item.crafting.ShapedRecipes@35744f8
[13:30:10] [Server thread/TRACE] [FML]:   Registry: 217 minecraft:light_gray_bed_from_white_bed net.minecraft.item.crafting.ShapelessRecipes@7cf66cf9
[13:30:10] [Server thread/TRACE] [FML]:   Registry: 218 minecraft:light_gray_bed net.minecraft.item.crafting.ShapedRecipes@8bde368
[13:30:10] [Server thread/TRACE] [FML]:   Registry: 219 minecraft:light_gray_banner net.minecraft.item.crafting.ShapedRecipes@7455204c
[13:30:10] [Server thread/TRACE] [FML]:   Registry: 220 minecraft:light_blue_wool net.minecraft.item.crafting.ShapelessRecipes@62615be
[13:30:10] [Server thread/TRACE] [FML]:   Registry: 221 minecraft:light_blue_stained_hardened_clay net.minecraft.item.crafting.ShapedRecipes@6493f780
[13:30:10] [Server thread/TRACE] [FML]:   Registry: 222 minecraft:light_blue_stained_glass_pane net.minecraft.item.crafting.ShapedRecipes@2674ca88
[13:30:10] [Server thread/TRACE] [FML]:   Registry: 223 minecraft:light_blue_stained_glass net.minecraft.item.crafting.ShapedRecipes@67a3394c
[13:30:10] [Server thread/TRACE] [FML]:   Registry: 224 minecraft:light_blue_dye_from_lapis_bonemeal net.minecraft.item.crafting.ShapelessRecipes@5cb6abc8
[13:30:10] [Server thread/TRACE] [FML]:   Registry: 225 minecraft:light_blue_dye_from_blue_orchid net.minecraft.item.crafting.ShapelessRecipes@e04b8a0
[13:30:10] [Server thread/TRACE] [FML]:   Registry: 226 minecraft:light_blue_concrete_powder net.minecraft.item.crafting.ShapelessRecipes@3731e8b6
[13:30:10] [Server thread/TRACE] [FML]:   Registry: 227 minecraft:light_blue_carpet net.minecraft.item.crafting.ShapedRecipes@33089426
[13:30:10] [Server thread/TRACE] [FML]:   Registry: 228 minecraft:light_blue_bed_from_white_bed net.minecraft.item.crafting.ShapelessRecipes@31b91435
[13:30:10] [Server thread/TRACE] [FML]:   Registry: 229 minecraft:light_blue_bed net.minecraft.item.crafting.ShapedRecipes@51dbed72
[13:30:10] [Server thread/TRACE] [FML]:   Registry: 230 minecraft:light_blue_banner net.minecraft.item.crafting.ShapedRecipes@3ea8ff31
[13:30:10] [Server thread/TRACE] [FML]:   Registry: 231 minecraft:lever net.minecraft.item.crafting.ShapedRecipes@1ab21633
[13:30:10] [Server thread/TRACE] [FML]:   Registry: 232 minecraft:leather_leggings net.minecraft.item.crafting.ShapedRecipes@6ba226cd
[13:30:10] [Server thread/TRACE] [FML]:   Registry: 233 minecraft:leather_helmet net.minecraft.item.crafting.ShapedRecipes@581e8969
[13:30:10] [Server thread/TRACE] [FML]:   Registry: 234 minecraft:leather_chestplate net.minecraft.item.crafting.ShapedRecipes@a93c798
[13:30:10] [Server thread/TRACE] [FML]:   Registry: 235 minecraft:leather_boots net.minecraft.item.crafting.ShapedRecipes@796642ae
[13:30:10] [Server thread/TRACE] [FML]:   Registry: 236 minecraft:leather net.minecraft.item.crafting.ShapedRecipes@2651e783
[13:30:10] [Server thread/TRACE] [FML]:   Registry: 237 minecraft:lead net.minecraft.item.crafting.ShapedRecipes@247dcbba
[13:30:10] [Server thread/TRACE] [FML]:   Registry: 238 minecraft:lapis_lazuli net.minecraft.item.crafting.ShapedRecipes@1405aa6a
[13:30:10] [Server thread/TRACE] [FML]:   Registry: 239 minecraft:lapis_block net.minecraft.item.crafting.ShapedRecipes@7b58d678
[13:30:10] [Server thread/TRACE] [FML]:   Registry: 240 minecraft:ladder net.minecraft.item.crafting.ShapedRecipes@20960b51
[13:30:10] [Server thread/TRACE] [FML]:   Registry: 241 minecraft:jungle_wooden_slab net.minecraft.item.crafting.ShapedRecipes@103e9972
[13:30:10] [Server thread/TRACE] [FML]:   Registry: 242 minecraft:jungle_stairs net.minecraft.item.crafting.ShapedRecipes@3e0704e2
[13:30:10] [Server thread/TRACE] [FML]:   Registry: 243 minecraft:jungle_planks net.minecraft.item.crafting.ShapedRecipes@f6cde7e
[13:30:10] [Server thread/TRACE] [FML]:   Registry: 244 minecraft:jungle_fence_gate net.minecraft.item.crafting.ShapedRecipes@6e7f29d5
[13:30:10] [Server thread/TRACE] [FML]:   Registry: 245 minecraft:jungle_fence net.minecraft.item.crafting.ShapedRecipes@6f27730b
[13:30:10] [Server thread/TRACE] [FML]:   Registry: 246 minecraft:jungle_door net.minecraft.item.crafting.ShapedRecipes@44587c44
[13:30:10] [Server thread/TRACE] [FML]:   Registry: 247 minecraft:jungle_boat net.minecraft.item.crafting.ShapedRecipes@40277077
[13:30:10] [Server thread/TRACE] [FML]:   Registry: 248 minecraft:jukebox net.minecraft.item.crafting.ShapedRecipes@33b2ba25
[13:30:10] [Server thread/TRACE] [FML]:   Registry: 249 minecraft:item_frame net.minecraft.item.crafting.ShapedRecipes@2a60981c
[13:30:10] [Server thread/TRACE] [FML]:   Registry: 250 minecraft:iron_trapdoor net.minecraft.item.crafting.ShapedRecipes@183a508b
[13:30:10] [Server thread/TRACE] [FML]:   Registry: 251 minecraft:iron_sword net.minecraft.item.crafting.ShapedRecipes@63ad5fe7
[13:30:10] [Server thread/TRACE] [FML]:   Registry: 252 minecraft:iron_shovel net.minecraft.item.crafting.ShapedRecipes@79fc4e99
[13:30:10] [Server thread/TRACE] [FML]:   Registry: 253 minecraft:iron_pickaxe net.minecraft.item.crafting.ShapedRecipes@36d39655
[13:30:10] [Server thread/TRACE] [FML]:   Registry: 254 minecraft:iron_nugget net.minecraft.item.crafting.ShapedRecipes@fabfc79
[13:30:10] [Server thread/TRACE] [FML]:   Registry: 255 minecraft:iron_leggings net.minecraft.item.crafting.ShapedRecipes@27682fa9
[13:30:10] [Server thread/TRACE] [FML]:   Registry: 256 minecraft:iron_ingot_from_nuggets net.minecraft.item.crafting.ShapedRecipes@1f1574c
[13:30:10] [Server thread/TRACE] [FML]:   Registry: 257 minecraft:iron_ingot_from_block net.minecraft.item.crafting.ShapedRecipes@c79780
[13:30:10] [Server thread/TRACE] [FML]:   Registry: 258 minecraft:iron_hoe net.minecraft.item.crafting.ShapedRecipes@5606d537
[13:30:10] [Server thread/TRACE] [FML]:   Registry: 259 minecraft:iron_helmet net.minecraft.item.crafting.ShapedRecipes@63b0b3dd
[13:30:10] [Server thread/TRACE] [FML]:   Registry: 260 minecraft:iron_door net.minecraft.item.crafting.ShapedRecipes@66fff42f
[13:30:10] [Server thread/TRACE] [FML]:   Registry: 261 minecraft:iron_chestplate net.minecraft.item.crafting.ShapedRecipes@178c6261
[13:30:10] [Server thread/TRACE] [FML]:   Registry: 262 minecraft:iron_boots net.minecraft.item.crafting.ShapedRecipes@2ae7c1d
[13:30:10] [Server thread/TRACE] [FML]:   Registry: 263 minecraft:iron_block net.minecraft.item.crafting.ShapedRecipes@71eaef6a
[13:30:10] [Server thread/TRACE] [FML]:   Registry: 264 minecraft:iron_bars net.minecraft.item.crafting.ShapedRecipes@7ac90dab
[13:30:10] [Server thread/TRACE] [FML]:   Registry: 265 minecraft:iron_axe net.minecraft.item.crafting.ShapedRecipes@1ce57bbb
[13:30:10] [Server thread/TRACE] [FML]:   Registry: 266 minecraft:hopper_minecart net.minecraft.item.crafting.ShapedRecipes@362c48c
[13:30:10] [Server thread/TRACE] [FML]:   Registry: 267 minecraft:hopper net.minecraft.item.crafting.ShapedRecipes@2914a328
[13:30:10] [Server thread/TRACE] [FML]:   Registry: 268 minecraft:heavy_weighted_pressure_plate net.minecraft.item.crafting.ShapedRecipes@2b540131
[13:30:10] [Server thread/TRACE] [FML]:   Registry: 269 minecraft:hay_block net.minecraft.item.crafting.ShapedRecipes@4fc256ec
[13:30:10] [Server thread/TRACE] [FML]:   Registry: 270 minecraft:green_wool net.minecraft.item.crafting.ShapelessRecipes@60e80279
[13:30:10] [Server thread/TRACE] [FML]:   Registry: 271 minecraft:green_stained_hardened_clay net.minecraft.item.crafting.ShapedRecipes@14d53884
[13:30:10] [Server thread/TRACE] [FML]:   Registry: 272 minecraft:green_stained_glass_pane net.minecraft.item.crafting.ShapedRecipes@568c9ee1
[13:30:10] [Server thread/TRACE] [FML]:   Registry: 273 minecraft:green_stained_glass net.minecraft.item.crafting.ShapedRecipes@74d53d63
[13:30:10] [Server thread/TRACE] [FML]:   Registry: 274 minecraft:green_concrete_powder net.minecraft.item.crafting.ShapelessRecipes@78aa1753
[13:30:10] [Server thread/TRACE] [FML]:   Registry: 275 minecraft:green_carpet net.minecraft.item.crafting.ShapedRecipes@1c7744c1
[13:30:10] [Server thread/TRACE] [FML]:   Registry: 276 minecraft:green_bed_from_white_bed net.minecraft.item.crafting.ShapelessRecipes@a1d926b
[13:30:10] [Server thread/TRACE] [FML]:   Registry: 277 minecraft:green_bed net.minecraft.item.crafting.ShapedRecipes@4301fa39
[13:30:10] [Server thread/TRACE] [FML]:   Registry: 278 minecraft:green_banner net.minecraft.item.crafting.ShapedRecipes@3faa55
[13:30:10] [Server thread/TRACE] [FML]:   Registry: 279 minecraft:gray_wool net.minecraft.item.crafting.ShapelessRecipes@7e451790
[13:30:10] [Server thread/TRACE] [FML]:   Registry: 280 minecraft:gray_stained_hardened_clay net.minecraft.item.crafting.ShapedRecipes@115a7e51
[13:30:10] [Server thread/TRACE] [FML]:   Registry: 281 minecraft:gray_stained_glass_pane net.minecraft.item.crafting.ShapedRecipes@4ca907af
[13:30:10] [Server thread/TRACE] [FML]:   Registry: 282 minecraft:gray_stained_glass net.minecraft.item.crafting.ShapedRecipes@687f62a5
[13:30:10] [Server thread/TRACE] [FML]:   Registry: 283 minecraft:gray_dye net.minecraft.item.crafting.ShapelessRecipes@2e64ae1a
[13:30:10] [Server thread/TRACE] [FML]:   Registry: 284 minecraft:gray_concrete_powder net.minecraft.item.crafting.ShapelessRecipes@6d45dd4
[13:30:10] [Server thread/TRACE] [FML]:   Registry: 285 minecraft:gray_carpet net.minecraft.item.crafting.ShapedRecipes@63ed5dae
[13:30:10] [Server thread/TRACE] [FML]:   Registry: 286 minecraft:gray_bed_from_white_bed net.minecraft.item.crafting.ShapelessRecipes@d70dbeb
[13:30:10] [Server thread/TRACE] [FML]:   Registry: 287 minecraft:gray_bed net.minecraft.item.crafting.ShapedRecipes@31b289da
[13:30:10] [Server thread/TRACE] [FML]:   Registry: 288 minecraft:gray_banner net.minecraft.item.crafting.ShapedRecipes@4c7f2fdb
[13:30:10] [Server thread/TRACE] [FML]:   Registry: 289 minecraft:granite net.minecraft.item.crafting.ShapelessRecipes@3a17acd4
[13:30:10] [Server thread/TRACE] [FML]:   Registry: 290 minecraft:golden_sword net.minecraft.item.crafting.ShapedRecipes@39f8adc0
[13:30:10] [Server thread/TRACE] [FML]:   Registry: 291 minecraft:golden_shovel net.minecraft.item.crafting.ShapedRecipes@5b0e5d5f
[13:30:10] [Server thread/TRACE] [FML]:   Registry: 292 minecraft:golden_rail net.minecraft.item.crafting.ShapedRecipes@73d7d676
[13:30:10] [Server thread/TRACE] [FML]:   Registry: 293 minecraft:golden_pickaxe net.minecraft.item.crafting.ShapedRecipes@40c6d1ef
[13:30:10] [Server thread/TRACE] [FML]:   Registry: 294 minecraft:golden_leggings net.minecraft.item.crafting.ShapedRecipes@1c5cd2ea
[13:30:10] [Server thread/TRACE] [FML]:   Registry: 295 minecraft:golden_hoe net.minecraft.item.crafting.ShapedRecipes@1ad9d5be
[13:30:10] [Server thread/TRACE] [FML]:   Registry: 296 minecraft:golden_helmet net.minecraft.item.crafting.ShapedRecipes@62a81453
[13:30:10] [Server thread/TRACE] [FML]:   Registry: 297 minecraft:golden_chestplate net.minecraft.item.crafting.ShapedRecipes@58a7ca42
[13:30:10] [Server thread/TRACE] [FML]:   Registry: 298 minecraft:golden_carrot net.minecraft.item.crafting.ShapedRecipes@7a71ebf1
[13:30:10] [Server thread/TRACE] [FML]:   Registry: 299 minecraft:golden_boots net.minecraft.item.crafting.ShapedRecipes@1c5d376c
[13:30:10] [Server thread/TRACE] [FML]:   Registry: 300 minecraft:golden_axe net.minecraft.item.crafting.ShapedRecipes@403cff1c
[13:30:10] [Server thread/TRACE] [FML]:   Registry: 301 minecraft:golden_apple net.minecraft.item.crafting.ShapedRecipes@74844216
[13:30:10] [Server thread/TRACE] [FML]:   Registry: 302 minecraft:gold_nugget net.minecraft.item.crafting.ShapedRecipes@34b462e0
[13:30:10] [Server thread/TRACE] [FML]:   Registry: 303 minecraft:gold_ingot_from_nuggets net.minecraft.item.crafting.ShapedRecipes@96dfcbb
[13:30:10] [Server thread/TRACE] [FML]:   Registry: 304 minecraft:gold_ingot_from_block net.minecraft.item.crafting.ShapedRecipes@372841d2
[13:30:10] [Server thread/TRACE] [FML]:   Registry: 305 minecraft:gold_block net.minecraft.item.crafting.ShapedRecipes@2b82018
[13:30:10] [Server thread/TRACE] [FML]:   Registry: 306 minecraft:glowstone net.minecraft.item.crafting.ShapedRecipes@7df5549e
[13:30:10] [Server thread/TRACE] [FML]:   Registry: 307 minecraft:glass_pane net.minecraft.item.crafting.ShapedRecipes@188ae8d2
[13:30:10] [Server thread/TRACE] [FML]:   Registry: 308 minecraft:glass_bottle net.minecraft.item.crafting.ShapedRecipes@10ec4721
[13:30:10] [Server thread/TRACE] [FML]:   Registry: 309 minecraft:furnace_minecart net.minecraft.item.crafting.ShapedRecipes@3ec62141
[13:30:10] [Server thread/TRACE] [FML]:   Registry: 310 minecraft:furnace net.minecraft.item.crafting.ShapedRecipes@11e3d08
[13:30:10] [Server thread/TRACE] [FML]:   Registry: 311 minecraft:flower_pot net.minecraft.item.crafting.ShapedRecipes@571c2ed8
[13:30:10] [Server thread/TRACE] [FML]:   Registry: 312 minecraft:flint_and_steel net.minecraft.item.crafting.ShapelessRecipes@51e0f2eb
[13:30:10] [Server thread/TRACE] [FML]:   Registry: 313 minecraft:fishing_rod net.minecraft.item.crafting.ShapedRecipes@aa794a3
[13:30:10] [Server thread/TRACE] [FML]:   Registry: 314 minecraft:fire_charge net.minecraft.item.crafting.ShapelessRecipes@626766fd
[13:30:10] [Server thread/TRACE] [FML]:   Registry: 315 minecraft:fermented_spider_eye net.minecraft.item.crafting.ShapelessRecipes@1fec9d33
[13:30:10] [Server thread/TRACE] [FML]:   Registry: 316 minecraft:fence_gate net.minecraft.item.crafting.ShapedRecipes@49bc71b4
[13:30:10] [Server thread/TRACE] [FML]:   Registry: 317 minecraft:fence net.minecraft.item.crafting.ShapedRecipes@5ca8c904
[13:30:10] [Server thread/TRACE] [FML]:   Registry: 318 minecraft:ender_eye net.minecraft.item.crafting.ShapelessRecipes@65b19e5c
[13:30:10] [Server thread/TRACE] [FML]:   Registry: 319 minecraft:ender_chest net.minecraft.item.crafting.ShapedRecipes@66596c4c
[13:30:10] [Server thread/TRACE] [FML]:   Registry: 320 minecraft:end_rod net.minecraft.item.crafting.ShapedRecipes@723b8eff
[13:30:10] [Server thread/TRACE] [FML]:   Registry: 321 minecraft:end_crystal net.minecraft.item.crafting.ShapedRecipes@1d1fd2aa
[13:30:10] [Server thread/TRACE] [FML]:   Registry: 322 minecraft:end_bricks net.minecraft.item.crafting.ShapedRecipes@48b9773b
[13:30:10] [Server thread/TRACE] [FML]:   Registry: 323 minecraft:enchanting_table net.minecraft.item.crafting.ShapedRecipes@79c849c7
[13:30:10] [Server thread/TRACE] [FML]:   Registry: 324 minecraft:emerald_block net.minecraft.item.crafting.ShapedRecipes@5e9f1a4c
[13:30:10] [Server thread/TRACE] [FML]:   Registry: 325 minecraft:emerald net.minecraft.item.crafting.ShapedRecipes@11ca8f71
[13:30:10] [Server thread/TRACE] [FML]:   Registry: 326 minecraft:dropper net.minecraft.item.crafting.ShapedRecipes@417751d3
[13:30:10] [Server thread/TRACE] [FML]:   Registry: 327 minecraft:dispenser net.minecraft.item.crafting.ShapedRecipes@746f8520
[13:30:10] [Server thread/TRACE] [FML]:   Registry: 328 minecraft:diorite net.minecraft.item.crafting.ShapedRecipes@5cf80dfb
[13:30:10] [Server thread/TRACE] [FML]:   Registry: 329 minecraft:diamond_sword net.minecraft.item.crafting.ShapedRecipes@17fb5184
[13:30:10] [Server thread/TRACE] [FML]:   Registry: 330 minecraft:diamond_shovel net.minecraft.item.crafting.ShapedRecipes@564d3940
[13:30:10] [Server thread/TRACE] [FML]:   Registry: 331 minecraft:diamond_pickaxe net.minecraft.item.crafting.ShapedRecipes@4aea57dc
[13:30:10] [Server thread/TRACE] [FML]:   Registry: 332 minecraft:diamond_leggings net.minecraft.item.crafting.ShapedRecipes@49338f3
[13:30:10] [Server thread/TRACE] [FML]:   Registry: 333 minecraft:diamond_hoe net.minecraft.item.crafting.ShapedRecipes@c7cf8c4
[13:30:10] [Server thread/TRACE] [FML]:   Registry: 334 minecraft:diamond_helmet net.minecraft.item.crafting.ShapedRecipes@6fe9c048
[13:30:10] [Server thread/TRACE] [FML]:   Registry: 335 minecraft:diamond_chestplate net.minecraft.item.crafting.ShapedRecipes@7dfec0bc
[13:30:10] [Server thread/TRACE] [FML]:   Registry: 336 minecraft:diamond_boots net.minecraft.item.crafting.ShapedRecipes@20f6b6e0
[13:30:10] [Server thread/TRACE] [FML]:   Registry: 337 minecraft:diamond_block net.minecraft.item.crafting.ShapedRecipes@5f32ab17
[13:30:10] [Server thread/TRACE] [FML]:   Registry: 338 minecraft:diamond_axe net.minecraft.item.crafting.ShapedRecipes@3cc817bd
[13:30:10] [Server thread/TRACE] [FML]:   Registry: 339 minecraft:diamond net.minecraft.item.crafting.ShapedRecipes@51aa2a58
[13:30:10] [Server thread/TRACE] [FML]:   Registry: 340 minecraft:detector_rail net.minecraft.item.crafting.ShapedRecipes@42fa5cb
[13:30:10] [Server thread/TRACE] [FML]:   Registry: 341 minecraft:daylight_detector net.minecraft.item.crafting.ShapedRecipes@32f14274
[13:30:10] [Server thread/TRACE] [FML]:   Registry: 342 minecraft:dark_prismarine net.minecraft.item.crafting.ShapedRecipes@6fdb1a59
[13:30:10] [Server thread/TRACE] [FML]:   Registry: 343 minecraft:dark_oak_wooden_slab net.minecraft.item.crafting.ShapedRecipes@acd115d
[13:30:10] [Server thread/TRACE] [FML]:   Registry: 344 minecraft:dark_oak_stairs net.minecraft.item.crafting.ShapedRecipes@6e337ba1
[13:30:10] [Server thread/TRACE] [FML]:   Registry: 345 minecraft:dark_oak_planks net.minecraft.item.crafting.ShapedRecipes@5dfec221
[13:30:10] [Server thread/TRACE] [FML]:   Registry: 346 minecraft:dark_oak_fence_gate net.minecraft.item.crafting.ShapedRecipes@1942a36e
[13:30:10] [Server thread/TRACE] [FML]:   Registry: 347 minecraft:dark_oak_fence net.minecraft.item.crafting.ShapedRecipes@320770d7
[13:30:10] [Server thread/TRACE] [FML]:   Registry: 348 minecraft:dark_oak_door net.minecraft.item.crafting.ShapedRecipes@6e6f5842
[13:30:10] [Server thread/TRACE] [FML]:   Registry: 349 minecraft:dark_oak_boat net.minecraft.item.crafting.ShapedRecipes@67689c81
[13:30:10] [Server thread/TRACE] [FML]:   Registry: 350 minecraft:cyan_wool net.minecraft.item.crafting.ShapelessRecipes@5730b513
[13:30:10] [Server thread/TRACE] [FML]:   Registry: 351 minecraft:cyan_stained_hardened_clay net.minecraft.item.crafting.ShapedRecipes@1bf52f10
[13:30:10] [Server thread/TRACE] [FML]:   Registry: 352 minecraft:cyan_stained_glass_pane net.minecraft.item.crafting.ShapedRecipes@543ba2e1
[13:30:10] [Server thread/TRACE] [FML]:   Registry: 353 minecraft:cyan_stained_glass net.minecraft.item.crafting.ShapedRecipes@64a8d575
[13:30:10] [Server thread/TRACE] [FML]:   Registry: 354 minecraft:cyan_dye net.minecraft.item.crafting.ShapelessRecipes@44a485bc
[13:30:10] [Server thread/TRACE] [FML]:   Registry: 355 minecraft:cyan_concrete_powder net.minecraft.item.crafting.ShapelessRecipes@2568611c
[13:30:10] [Server thread/TRACE] [FML]:   Registry: 356 minecraft:cyan_carpet net.minecraft.item.crafting.ShapedRecipes@4e1b5532
[13:30:10] [Server thread/TRACE] [FML]:   Registry: 357 minecraft:cyan_bed_from_white_bed net.minecraft.item.crafting.ShapelessRecipes@731d0d5c
[13:30:10] [Server thread/TRACE] [FML]:   Registry: 358 minecraft:cyan_bed net.minecraft.item.crafting.ShapedRecipes@1e36baca
[13:30:10] [Server thread/TRACE] [FML]:   Registry: 359 minecraft:cyan_banner net.minecraft.item.crafting.ShapedRecipes@5e3d84a
[13:30:10] [Server thread/TRACE] [FML]:   Registry: 360 minecraft:crafting_table net.minecraft.item.crafting.ShapedRecipes@4fb99927
[13:30:10] [Server thread/TRACE] [FML]:   Registry: 361 minecraft:cookie net.minecraft.item.crafting.ShapedRecipes@1fb30e5d
[13:30:10] [Server thread/TRACE] [FML]:   Registry: 362 minecraft:compass net.minecraft.item.crafting.ShapedRecipes@23d12a3a
[13:30:10] [Server thread/TRACE] [FML]:   Registry: 363 minecraft:comparator net.minecraft.item.crafting.ShapedRecipes@3f3f554f
[13:30:10] [Server thread/TRACE] [FML]:   Registry: 364 minecraft:cobblestone_wall net.minecraft.item.crafting.ShapedRecipes@2c731a16
[13:30:10] [Server thread/TRACE] [FML]:   Registry: 365 minecraft:cobblestone_slab net.minecraft.item.crafting.ShapedRecipes@4a773f08
[13:30:10] [Server thread/TRACE] [FML]:   Registry: 366 minecraft:coarse_dirt net.minecraft.item.crafting.ShapedRecipes@285b491f
[13:30:10] [Server thread/TRACE] [FML]:   Registry: 367 minecraft:coal_block net.minecraft.item.crafting.ShapedRecipes@52325940
[13:30:10] [Server thread/TRACE] [FML]:   Registry: 368 minecraft:coal net.minecraft.item.crafting.ShapedRecipes@65f470f8
[13:30:10] [Server thread/TRACE] [FML]:   Registry: 369 minecraft:clock net.minecraft.item.crafting.ShapedRecipes@760c777d
[13:30:10] [Server thread/TRACE] [FML]:   Registry: 370 minecraft:clay net.minecraft.item.crafting.ShapedRecipes@332fa1c
[13:30:10] [Server thread/TRACE] [FML]:   Registry: 371 minecraft:chiseled_stonebrick net.minecraft.item.crafting.ShapedRecipes@1978b0d5
[13:30:10] [Server thread/TRACE] [FML]:   Registry: 372 minecraft:chiseled_sandstone net.minecraft.item.crafting.ShapedRecipes@2079fcfc
[13:30:10] [Server thread/TRACE] [FML]:   Registry: 373 minecraft:chiseled_red_sandstone net.minecraft.item.crafting.ShapedRecipes@3346e906
[13:30:10] [Server thread/TRACE] [FML]:   Registry: 374 minecraft:chiseled_quartz_block net.minecraft.item.crafting.ShapedRecipes@713497cd
[13:30:10] [Server thread/TRACE] [FML]:   Registry: 375 minecraft:chest_minecart net.minecraft.item.crafting.ShapedRecipes@24f2608b
[13:30:10] [Server thread/TRACE] [FML]:   Registry: 376 minecraft:chest net.minecraft.item.crafting.ShapedRecipes@b2e1df3
[13:30:10] [Server thread/TRACE] [FML]:   Registry: 377 minecraft:cauldron net.minecraft.item.crafting.ShapedRecipes@55c20a91
[13:30:10] [Server thread/TRACE] [FML]:   Registry: 378 minecraft:carrot_on_a_stick net.minecraft.item.crafting.ShapedRecipes@70d7a49b
[13:30:10] [Server thread/TRACE] [FML]:   Registry: 379 minecraft:cake net.minecraft.item.crafting.ShapedRecipes@3bc18fec
[13:30:10] [Server thread/TRACE] [FML]:   Registry: 380 minecraft:bucket net.minecraft.item.crafting.ShapedRecipes@2ff62720
[13:30:10] [Server thread/TRACE] [FML]:   Registry: 381 minecraft:brown_wool net.minecraft.item.crafting.ShapelessRecipes@306cfb8a
[13:30:10] [Server thread/TRACE] [FML]:   Registry: 382 minecraft:brown_stained_hardened_clay net.minecraft.item.crafting.ShapedRecipes@6d87253e
[13:30:10] [Server thread/TRACE] [FML]:   Registry: 383 minecraft:brown_stained_glass_pane net.minecraft.item.crafting.ShapedRecipes@75345e47
[13:30:10] [Server thread/TRACE] [FML]:   Registry: 384 minecraft:brown_stained_glass net.minecraft.item.crafting.ShapedRecipes@3d5f08d4
[13:30:10] [Server thread/TRACE] [FML]:   Registry: 385 minecraft:brown_concrete_powder net.minecraft.item.crafting.ShapelessRecipes@75ac326f
[13:30:10] [Server thread/TRACE] [FML]:   Registry: 386 minecraft:brown_carpet net.minecraft.item.crafting.ShapedRecipes@f453129
[13:30:10] [Server thread/TRACE] [FML]:   Registry: 387 minecraft:brown_bed_from_white_bed net.minecraft.item.crafting.ShapelessRecipes@68b3979d
[13:30:10] [Server thread/TRACE] [FML]:   Registry: 388 minecraft:brown_bed net.minecraft.item.crafting.ShapedRecipes@1f0f92f5
[13:30:10] [Server thread/TRACE] [FML]:   Registry: 389 minecraft:brown_banner net.minecraft.item.crafting.ShapedRecipes@4b9b5da5
[13:30:10] [Server thread/TRACE] [FML]:   Registry: 390 minecraft:brick_stairs net.minecraft.item.crafting.ShapedRecipes@709d2a6c
[13:30:10] [Server thread/TRACE] [FML]:   Registry: 391 minecraft:brick_slab net.minecraft.item.crafting.ShapedRecipes@165454f7
[13:30:10] [Server thread/TRACE] [FML]:   Registry: 392 minecraft:brick_block net.minecraft.item.crafting.ShapedRecipes@1dd9a3ae
[13:30:10] [Server thread/TRACE] [FML]:   Registry: 393 minecraft:brewing_stand net.minecraft.item.crafting.ShapedRecipes@66a8ff6d
[13:30:10] [Server thread/TRACE] [FML]:   Registry: 394 minecraft:bread net.minecraft.item.crafting.ShapedRecipes@4b20aa21
[13:30:10] [Server thread/TRACE] [FML]:   Registry: 395 minecraft:bowl net.minecraft.item.crafting.ShapedRecipes@25e8a111
[13:30:10] [Server thread/TRACE] [FML]:   Registry: 396 minecraft:bow net.minecraft.item.crafting.ShapedRecipes@351be56b
[13:30:10] [Server thread/TRACE] [FML]:   Registry: 397 minecraft:bookshelf net.minecraft.item.crafting.ShapedRecipes@6c8672b9
[13:30:10] [Server thread/TRACE] [FML]:   Registry: 398 minecraft:book net.minecraft.item.crafting.ShapelessRecipes@2114eb1a
[13:30:10] [Server thread/TRACE] [FML]:   Registry: 399 minecraft:bone_meal_from_bone net.minecraft.item.crafting.ShapelessRecipes@3aed692d
[13:30:10] [Server thread/TRACE] [FML]:   Registry: 400 minecraft:bone_meal_from_block net.minecraft.item.crafting.ShapelessRecipes@74cd8c55
[13:30:10] [Server thread/TRACE] [FML]:   Registry: 401 minecraft:bone_block net.minecraft.item.crafting.ShapedRecipes@3966c679
[13:30:10] [Server thread/TRACE] [FML]:   Registry: 402 minecraft:boat net.minecraft.item.crafting.ShapedRecipes@1dac0784
[13:30:10] [Server thread/TRACE] [FML]:   Registry: 403 minecraft:blue_wool net.minecraft.item.crafting.ShapelessRecipes@55574295
[13:30:10] [Server thread/TRACE] [FML]:   Registry: 404 minecraft:blue_stained_hardened_clay net.minecraft.item.crafting.ShapedRecipes@5d04fbb7
[13:30:10] [Server thread/TRACE] [FML]:   Registry: 405 minecraft:blue_stained_glass_pane net.minecraft.item.crafting.ShapedRecipes@7d0df326
[13:30:10] [Server thread/TRACE] [FML]:   Registry: 406 minecraft:blue_stained_glass net.minecraft.item.crafting.ShapedRecipes@77307b51
[13:30:10] [Server thread/TRACE] [FML]:   Registry: 407 minecraft:blue_concrete_powder net.minecraft.item.crafting.ShapelessRecipes@464d60fb
[13:30:10] [Server thread/TRACE] [FML]:   Registry: 408 minecraft:blue_carpet net.minecraft.item.crafting.ShapedRecipes@fe38c0e
[13:30:10] [Server thread/TRACE] [FML]:   Registry: 409 minecraft:blue_bed_from_white_bed net.minecraft.item.crafting.ShapelessRecipes@61e0f9b9
[13:30:10] [Server thread/TRACE] [FML]:   Registry: 410 minecraft:blue_bed net.minecraft.item.crafting.ShapedRecipes@121dac1a
[13:30:10] [Server thread/TRACE] [FML]:   Registry: 411 minecraft:blue_banner net.minecraft.item.crafting.ShapedRecipes@6296e4bf
[13:30:10] [Server thread/TRACE] [FML]:   Registry: 412 minecraft:blaze_powder net.minecraft.item.crafting.ShapelessRecipes@18df26a1
[13:30:10] [Server thread/TRACE] [FML]:   Registry: 413 minecraft:black_wool net.minecraft.item.crafting.ShapelessRecipes@71d78cac
[13:30:10] [Server thread/TRACE] [FML]:   Registry: 414 minecraft:black_stained_hardened_clay net.minecraft.item.crafting.ShapedRecipes@8b1170f
[13:30:10] [Server thread/TRACE] [FML]:   Registry: 415 minecraft:black_stained_glass_pane net.minecraft.item.crafting.ShapedRecipes@31450fc0
[13:30:10] [Server thread/TRACE] [FML]:   Registry: 416 minecraft:black_stained_glass net.minecraft.item.crafting.ShapedRecipes@480994d3
[13:30:10] [Server thread/TRACE] [FML]:   Registry: 417 minecraft:black_concrete_powder net.minecraft.item.crafting.ShapelessRecipes@1f1ffc18
[13:30:10] [Server thread/TRACE] [FML]:   Registry: 418 minecraft:black_carpet net.minecraft.item.crafting.ShapedRecipes@46bdc55e
[13:30:10] [Server thread/TRACE] [FML]:   Registry: 419 minecraft:black_bed_from_white_bed net.minecraft.item.crafting.ShapelessRecipes@b5311cb
[13:30:10] [Server thread/TRACE] [FML]:   Registry: 420 minecraft:black_bed net.minecraft.item.crafting.ShapedRecipes@8636cf4
[13:30:10] [Server thread/TRACE] [FML]:   Registry: 421 minecraft:black_banner net.minecraft.item.crafting.ShapedRecipes@5c3924fd
[13:30:10] [Server thread/TRACE] [FML]:   Registry: 422 minecraft:birch_wooden_slab net.minecraft.item.crafting.ShapedRecipes@6a97517
[13:30:10] [Server thread/TRACE] [FML]:   Registry: 423 minecraft:birch_stairs net.minecraft.item.crafting.ShapedRecipes@2e40ea48
[13:30:10] [Server thread/TRACE] [FML]:   Registry: 424 minecraft:birch_planks net.minecraft.item.crafting.ShapedRecipes@2f2f92f
[13:30:10] [Server thread/TRACE] [FML]:   Registry: 425 minecraft:birch_fence_gate net.minecraft.item.crafting.ShapedRecipes@3e0327dd
[13:30:10] [Server thread/TRACE] [FML]:   Registry: 426 minecraft:birch_fence net.minecraft.item.crafting.ShapedRecipes@38197e82
[13:30:10] [Server thread/TRACE] [FML]:   Registry: 427 minecraft:birch_door net.minecraft.item.crafting.ShapedRecipes@6db04a6
[13:30:10] [Server thread/TRACE] [FML]:   Registry: 428 minecraft:birch_boat net.minecraft.item.crafting.ShapedRecipes@451a4187
[13:30:10] [Server thread/TRACE] [FML]:   Registry: 429 minecraft:beetroot_soup net.minecraft.item.crafting.ShapedRecipes@363ba634
[13:30:10] [Server thread/TRACE] [FML]:   Registry: 430 minecraft:beacon net.minecraft.item.crafting.ShapedRecipes@7c6ab057
[13:30:10] [Server thread/TRACE] [FML]:   Registry: 431 minecraft:arrow net.minecraft.item.crafting.ShapedRecipes@399fd710
[13:30:10] [Server thread/TRACE] [FML]:   Registry: 432 minecraft:armor_stand net.minecraft.item.crafting.ShapedRecipes@1734b1a
[13:30:10] [Server thread/TRACE] [FML]:   Registry: 433 minecraft:anvil net.minecraft.item.crafting.ShapedRecipes@69a294d8
[13:30:10] [Server thread/TRACE] [FML]:   Registry: 434 minecraft:andesite net.minecraft.item.crafting.ShapelessRecipes@6b6c0b7c
[13:30:10] [Server thread/TRACE] [FML]:   Registry: 435 minecraft:activator_rail net.minecraft.item.crafting.ShapedRecipes@3340ff7c
[13:30:10] [Server thread/TRACE] [FML]:   Registry: 436 minecraft:acacia_wooden_slab net.minecraft.item.crafting.ShapedRecipes@39420d59
[13:30:10] [Server thread/TRACE] [FML]:   Registry: 437 minecraft:acacia_stairs net.minecraft.item.crafting.ShapedRecipes@14ba7f15
[13:30:10] [Server thread/TRACE] [FML]:   Registry: 438 minecraft:acacia_planks net.minecraft.item.crafting.ShapedRecipes@6f89ad03
[13:30:10] [Server thread/TRACE] [FML]:   Registry: 439 minecraft:acacia_fence_gate net.minecraft.item.crafting.ShapedRecipes@1fa796a4
[13:30:10] [Server thread/TRACE] [FML]:   Registry: 440 minecraft:acacia_fence net.minecraft.item.crafting.ShapedRecipes@6f2bf657
[13:30:10] [Server thread/TRACE] [FML]:   Registry: 441 minecraft:acacia_door net.minecraft.item.crafting.ShapedRecipes@1c3b221f
[13:30:10] [Server thread/TRACE] [FML]:   Registry: 442 minecraft:acacia_boat net.minecraft.item.crafting.ShapedRecipes@5dc120ab
[13:30:10] [Server thread/TRACE] [FML]:   Registry: 443 adversity:wither_mark net.minecraft.item.crafting.ShapedRecipes@681d20da
[13:30:10] [Server thread/TRACE] [FML]:   Registry: 444 adversity:void_heart net.minecraft.item.crafting.ShapedRecipes@35ac70a
[13:30:10] [Server thread/TRACE] [FML]:   Registry: 445 adversity:true_crystal net.minecraft.item.crafting.ShapedRecipes@3720dba4
[13:30:10] [Server thread/TRACE] [FML]:   Registry: 446 adversity:thunder_ring net.minecraft.item.crafting.ShapedRecipes@485262be
[13:30:10] [Server thread/TRACE] [FML]:   Registry: 447 adversity:temporal_watch net.minecraft.item.crafting.ShapedRecipes@16b8e471
[13:30:10] [Server thread/TRACE] [FML]:   Registry: 448 adversity:spatial_anchor net.minecraft.item.crafting.ShapedRecipes@292a4680
[13:30:10] [Server thread/TRACE] [FML]:   Registry: 449 adversity:soul_seal_dust net.minecraft.item.crafting.ShapedRecipes@6f942437
[13:30:10] [Server thread/TRACE] [FML]:   Registry: 450 adversity:soul_chain net.minecraft.item.crafting.ShapedRecipes@7792e75e
[13:30:10] [Server thread/TRACE] [FML]:   Registry: 451 adversity:sanctuary_core net.minecraft.item.crafting.ShapedRecipes@173f86cc
[13:30:10] [Server thread/TRACE] [FML]:   Registry: 452 adversity:sanctuary_compass net.minecraft.item.crafting.ShapedRecipes@4339a2cf
[13:30:10] [Server thread/TRACE] [FML]:   Registry: 453 adversity:purify_badge net.minecraft.item.crafting.ShapedRecipes@6ef69ebf
[13:30:10] [Server thread/TRACE] [FML]:   Registry: 454 adversity:light_amulet net.minecraft.item.crafting.ShapedRecipes@70ba2b39
[13:30:10] [Server thread/TRACE] [FML]:   Registry: 455 adversity:immunity_badge net.minecraft.item.crafting.ShapedRecipes@1b54b2ef
[13:30:10] [Server thread/TRACE] [FML]:   Registry: 456 adversity:guardian_soul net.minecraft.item.crafting.ShapedRecipes@67976e3b
[13:30:10] [Server thread/TRACE] [FML]:   Registry: 457 adversity:guardian_heart net.minecraft.item.crafting.ShapedRecipes@178659ef
[13:30:10] [Server thread/TRACE] [FML]:   Registry: 458 adversity:frost_ward net.minecraft.item.crafting.ShapedRecipes@35d6eda7
[13:30:10] [Server thread/TRACE] [FML]:   Registry: 459 adversity:flame_ward net.minecraft.item.crafting.ShapedRecipes@62e8a8f2
[13:30:10] [Server thread/TRACE] [FML]:   Registry: 460 adversity:entropy_crystal net.minecraft.item.crafting.ShapedRecipes@2db0fdb7
[13:30:10] [Server thread/TRACE] [FML]:   Registry: 461 adversity:entropy_core net.minecraft.item.crafting.ShapedRecipes@1441386b
[13:30:10] [Server thread/TRACE] [FML]:   Registry: 462 adversity:difficulty_detector net.minecraft.item.crafting.ShapedRecipes@3007edb2
[13:30:10] [Server thread/TRACE] [FML]:   Registry: 463 adversity:courage_charm net.minecraft.item.crafting.ShapedRecipes@72fa7b1d
[13:30:10] [Server thread/TRACE] [FML]:   Registry: 464 adversity:corrosion_bane net.minecraft.item.crafting.ShapedRecipes@2c189612
[13:30:10] [Server thread/TRACE] [FML]:   Registry: 465 adversity:clarity_lens net.minecraft.item.crafting.ShapedRecipes@3f137ddd
[13:30:10] [Server thread/TRACE] [FML]:   Registry: 466 adversity:calm_dust net.minecraft.item.crafting.ShapedRecipes@23f0a79b
[13:30:10] [Server thread/TRACE] [FML]:   Registry: 467 adversity:bloodrage_emblem net.minecraft.item.crafting.ShapedRecipes@6b4bdf0d
[13:30:10] [Server thread/TRACE] [FML]:   Registry: 468 adversity:barrier_ward net.minecraft.item.crafting.ShapedRecipes@7cc24d56
[13:30:10] [Server thread/TRACE] [FML]:   Registry: 469 adversity:balance_charm net.minecraft.item.crafting.ShapedRecipes@4179173d
[13:30:10] [Server thread/TRACE] [FML]:   Registry: 470 adversity:armor_pierce net.minecraft.item.crafting.ShapedRecipes@5f133735
[13:30:10] [Server thread/TRACE] [FML]:   Registry: 471 adversity:anchor_stone net.minecraft.item.crafting.ShapedRecipes@64d67c04
[13:30:10] [Server thread/TRACE] [FML]:   Registry: 472 adversity:anchor_heart net.minecraft.item.crafting.ShapedRecipes@2f2bb096
[13:30:10] [Server thread/TRACE] [FML]:   Registry: 473 adversity:affix_lens net.minecraft.item.crafting.ShapedRecipes@6fadb8b7
[13:30:10] [Server thread/TRACE] [FML]:   Registry: 474 adversity:affix_guide net.minecraft.item.crafting.ShapedRecipes@79994ef0
[13:30:10] [Server thread/TRACE] [FML]:   Registry: 475 adversity:aegis_medal net.minecraft.item.crafting.ShapedRecipes@21cdceb2
[13:30:10] [Server thread/TRACE] [FML]: Registry Name : minecraft:villagerprofessions
[13:30:10] [Server thread/TRACE] [FML]:   Registry: 0 minecraft:farmer net.minecraftforge.fml.common.registry.VillagerRegistry$VillagerProfession@5e62ca19
[13:30:10] [Server thread/TRACE] [FML]:   Registry: 1 minecraft:librarian net.minecraftforge.fml.common.registry.VillagerRegistry$VillagerProfession@25b20860
[13:30:10] [Server thread/TRACE] [FML]:   Registry: 2 minecraft:priest net.minecraftforge.fml.common.registry.VillagerRegistry$VillagerProfession@5ba63110
[13:30:10] [Server thread/TRACE] [FML]:   Registry: 3 minecraft:smith net.minecraftforge.fml.common.registry.VillagerRegistry$VillagerProfession@1c0680b0
[13:30:10] [Server thread/TRACE] [FML]:   Registry: 4 minecraft:butcher net.minecraftforge.fml.common.registry.VillagerRegistry$VillagerProfession@2f3cd727
[13:30:10] [Server thread/TRACE] [FML]:   Registry: 5 minecraft:nitwit net.minecraftforge.fml.common.registry.VillagerRegistry$VillagerProfession@1af82ba8
[13:30:10] [Server thread/TRACE] [FML]: Registry Name : minecraft:dataserializers
[13:30:10] [Server thread/TRACE] [FML]: Registry Name : minecraft:entities
[13:30:10] [Server thread/TRACE] [FML]:   Registry: 1 minecraft:item net.minecraftforge.fml.common.registry.EntityEntry@62b42406
[13:30:10] [Server thread/TRACE] [FML]:   Registry: 2 minecraft:xp_orb net.minecraftforge.fml.common.registry.EntityEntry@1ab268bd
[13:30:10] [Server thread/TRACE] [FML]:   Registry: 3 minecraft:area_effect_cloud net.minecraftforge.fml.common.registry.EntityEntry@3815a7d1
[13:30:10] [Server thread/TRACE] [FML]:   Registry: 4 minecraft:elder_guardian net.minecraftforge.fml.common.registry.EntityEntry@3a988299
[13:30:10] [Server thread/TRACE] [FML]:   Registry: 5 minecraft:wither_skeleton net.minecraftforge.fml.common.registry.EntityEntry@31183ee2
[13:30:10] [Server thread/TRACE] [FML]:   Registry: 6 minecraft:stray net.minecraftforge.fml.common.registry.EntityEntry@5cdda548
[13:30:10] [Server thread/TRACE] [FML]:   Registry: 7 minecraft:egg net.minecraftforge.fml.common.registry.EntityEntry@154f8280
[13:30:10] [Server thread/TRACE] [FML]:   Registry: 8 minecraft:leash_knot net.minecraftforge.fml.common.registry.EntityEntry@7252bdb
[13:30:10] [Server thread/TRACE] [FML]:   Registry: 9 minecraft:painting net.minecraftforge.fml.common.registry.EntityEntry@4cd8db31
[13:30:10] [Server thread/TRACE] [FML]:   Registry: 10 minecraft:arrow net.minecraftforge.fml.common.registry.EntityEntry@ecf028c
[13:30:10] [Server thread/TRACE] [FML]:   Registry: 11 minecraft:snowball net.minecraftforge.fml.common.registry.EntityEntry@71eff6a3
[13:30:10] [Server thread/TRACE] [FML]:   Registry: 12 minecraft:fireball net.minecraftforge.fml.common.registry.EntityEntry@13662609
[13:30:10] [Server thread/TRACE] [FML]:   Registry: 13 minecraft:small_fireball net.minecraftforge.fml.common.registry.EntityEntry@6c36051c
[13:30:10] [Server thread/TRACE] [FML]:   Registry: 14 minecraft:ender_pearl net.minecraftforge.fml.common.registry.EntityEntry@1d5048d1
[13:30:10] [Server thread/TRACE] [FML]:   Registry: 15 minecraft:eye_of_ender_signal net.minecraftforge.fml.common.registry.EntityEntry@5358c8fa
[13:30:10] [Server thread/TRACE] [FML]:   Registry: 16 minecraft:potion net.minecraftforge.fml.common.registry.EntityEntry@58b3eb1
[13:30:10] [Server thread/TRACE] [FML]:   Registry: 17 minecraft:xp_bottle net.minecraftforge.fml.common.registry.EntityEntry@78743dd8
[13:30:10] [Server thread/TRACE] [FML]:   Registry: 18 minecraft:item_frame net.minecraftforge.fml.common.registry.EntityEntry@2986427e
[13:30:10] [Server thread/TRACE] [FML]:   Registry: 19 minecraft:wither_skull net.minecraftforge.fml.common.registry.EntityEntry@57bd9c2b
[13:30:10] [Server thread/TRACE] [FML]:   Registry: 20 minecraft:tnt net.minecraftforge.fml.common.registry.EntityEntry@1939a394
[13:30:10] [Server thread/TRACE] [FML]:   Registry: 21 minecraft:falling_block net.minecraftforge.fml.common.registry.EntityEntry@35cbeb54
[13:30:10] [Server thread/TRACE] [FML]:   Registry: 22 minecraft:fireworks_rocket net.minecraftforge.fml.common.registry.EntityEntry@5e8bd498
[13:30:10] [Server thread/TRACE] [FML]:   Registry: 23 minecraft:husk net.minecraftforge.fml.common.registry.EntityEntry@12723c5d
[13:30:10] [Server thread/TRACE] [FML]:   Registry: 24 minecraft:spectral_arrow net.minecraftforge.fml.common.registry.EntityEntry@775edae0
[13:30:10] [Server thread/TRACE] [FML]:   Registry: 25 minecraft:shulker_bullet net.minecraftforge.fml.common.registry.EntityEntry@74bfdd66
[13:30:10] [Server thread/TRACE] [FML]:   Registry: 26 minecraft:dragon_fireball net.minecraftforge.fml.common.registry.EntityEntry@76eadc5a
[13:30:10] [Server thread/TRACE] [FML]:   Registry: 27 minecraft:zombie_villager net.minecraftforge.fml.common.registry.EntityEntry@20914835
[13:30:10] [Server thread/TRACE] [FML]:   Registry: 28 minecraft:skeleton_horse net.minecraftforge.fml.common.registry.EntityEntry@46b21632
[13:30:10] [Server thread/TRACE] [FML]:   Registry: 29 minecraft:zombie_horse net.minecraftforge.fml.common.registry.EntityEntry@2507a170
[13:30:10] [Server thread/TRACE] [FML]:   Registry: 30 minecraft:armor_stand net.minecraftforge.fml.common.registry.EntityEntry@3af39e7b
[13:30:10] [Server thread/TRACE] [FML]:   Registry: 31 minecraft:donkey net.minecraftforge.fml.common.registry.EntityEntry@527d5e48
[13:30:10] [Server thread/TRACE] [FML]:   Registry: 32 minecraft:mule net.minecraftforge.fml.common.registry.EntityEntry@3291d9c2
[13:30:10] [Server thread/TRACE] [FML]:   Registry: 33 minecraft:evocation_fangs net.minecraftforge.fml.common.registry.EntityEntry@76f9e000
[13:30:10] [Server thread/TRACE] [FML]:   Registry: 34 minecraft:evocation_illager net.minecraftforge.fml.common.registry.EntityEntry@45790cb
[13:30:10] [Server thread/TRACE] [FML]:   Registry: 35 minecraft:vex net.minecraftforge.fml.common.registry.EntityEntry@14993306
[13:30:10] [Server thread/TRACE] [FML]:   Registry: 36 minecraft:vindication_illager net.minecraftforge.fml.common.registry.EntityEntry@1468e880
[13:30:10] [Server thread/TRACE] [FML]:   Registry: 37 minecraft:illusion_illager net.minecraftforge.fml.common.registry.EntityEntry@38923cfe
[13:30:10] [Server thread/TRACE] [FML]:   Registry: 40 minecraft:commandblock_minecart net.minecraftforge.fml.common.registry.EntityEntry@66b40dd3
[13:30:10] [Server thread/TRACE] [FML]:   Registry: 41 minecraft:boat net.minecraftforge.fml.common.registry.EntityEntry@4a5066f5
[13:30:10] [Server thread/TRACE] [FML]:   Registry: 42 minecraft:minecart net.minecraftforge.fml.common.registry.EntityEntry@1191029d
[13:30:10] [Server thread/TRACE] [FML]:   Registry: 43 minecraft:chest_minecart net.minecraftforge.fml.common.registry.EntityEntry@586486c
[13:30:10] [Server thread/TRACE] [FML]:   Registry: 44 minecraft:furnace_minecart net.minecraftforge.fml.common.registry.EntityEntry@7fbbdd8a
[13:30:10] [Server thread/TRACE] [FML]:   Registry: 45 minecraft:tnt_minecart net.minecraftforge.fml.common.registry.EntityEntry@79ec57b8
[13:30:10] [Server thread/TRACE] [FML]:   Registry: 46 minecraft:hopper_minecart net.minecraftforge.fml.common.registry.EntityEntry@55f6f965
[13:30:10] [Server thread/TRACE] [FML]:   Registry: 47 minecraft:spawner_minecart net.minecraftforge.fml.common.registry.EntityEntry@4ec27c4c
[13:30:10] [Server thread/TRACE] [FML]:   Registry: 50 minecraft:creeper net.minecraftforge.fml.common.registry.EntityEntry@2a259f6f
[13:30:10] [Server thread/TRACE] [FML]:   Registry: 51 minecraft:skeleton net.minecraftforge.fml.common.registry.EntityEntry@6614289a
[13:30:10] [Server thread/TRACE] [FML]:   Registry: 52 minecraft:spider net.minecraftforge.fml.common.registry.EntityEntry@51df2a41
[13:30:10] [Server thread/TRACE] [FML]:   Registry: 53 minecraft:giant net.minecraftforge.fml.common.registry.EntityEntry@46e6458d
[13:30:10] [Server thread/TRACE] [FML]:   Registry: 54 minecraft:zombie net.minecraftforge.fml.common.registry.EntityEntry@65d6640
[13:30:10] [Server thread/TRACE] [FML]:   Registry: 55 minecraft:slime net.minecraftforge.fml.common.registry.EntityEntry@4c79ca55
[13:30:10] [Server thread/TRACE] [FML]:   Registry: 56 minecraft:ghast net.minecraftforge.fml.common.registry.EntityEntry@614d7fbf
[13:30:10] [Server thread/TRACE] [FML]:   Registry: 57 minecraft:zombie_pigman net.minecraftforge.fml.common.registry.EntityEntry@924f3f1
[13:30:10] [Server thread/TRACE] [FML]:   Registry: 58 minecraft:enderman net.minecraftforge.fml.common.registry.EntityEntry@24d7657b
[13:30:10] [Server thread/TRACE] [FML]:   Registry: 59 minecraft:cave_spider net.minecraftforge.fml.common.registry.EntityEntry@4ae2c01b
[13:30:10] [Server thread/TRACE] [FML]:   Registry: 60 minecraft:silverfish net.minecraftforge.fml.common.registry.EntityEntry@d3d5094
[13:30:10] [Server thread/TRACE] [FML]:   Registry: 61 minecraft:blaze net.minecraftforge.fml.common.registry.EntityEntry@38b54694
[13:30:10] [Server thread/TRACE] [FML]:   Registry: 62 minecraft:magma_cube net.minecraftforge.fml.common.registry.EntityEntry@c0004b7
[13:30:10] [Server thread/TRACE] [FML]:   Registry: 63 minecraft:ender_dragon net.minecraftforge.fml.common.registry.EntityEntry@3265995e
[13:30:10] [Server thread/TRACE] [FML]:   Registry: 64 minecraft:wither net.minecraftforge.fml.common.registry.EntityEntry@408d945b
[13:30:10] [Server thread/TRACE] [FML]:   Registry: 65 minecraft:bat net.minecraftforge.fml.common.registry.EntityEntry@351e86b2
[13:30:10] [Server thread/TRACE] [FML]:   Registry: 66 minecraft:witch net.minecraftforge.fml.common.registry.EntityEntry@5649f55
[13:30:10] [Server thread/TRACE] [FML]:   Registry: 67 minecraft:endermite net.minecraftforge.fml.common.registry.EntityEntry@12270a01
[13:30:10] [Server thread/TRACE] [FML]:   Registry: 68 minecraft:guardian net.minecraftforge.fml.common.registry.EntityEntry@646d58cd
[13:30:10] [Server thread/TRACE] [FML]:   Registry: 69 minecraft:shulker net.minecraftforge.fml.common.registry.EntityEntry@6585df70
[13:30:10] [Server thread/TRACE] [FML]:   Registry: 90 minecraft:pig net.minecraftforge.fml.common.registry.EntityEntry@3cb49121
[13:30:10] [Server thread/TRACE] [FML]:   Registry: 91 minecraft:sheep net.minecraftforge.fml.common.registry.EntityEntry@a6fc1bc
[13:30:10] [Server thread/TRACE] [FML]:   Registry: 92 minecraft:cow net.minecraftforge.fml.common.registry.EntityEntry@124ff64d
[13:30:10] [Server thread/TRACE] [FML]:   Registry: 93 minecraft:chicken net.minecraftforge.fml.common.registry.EntityEntry@79777da7
[13:30:10] [Server thread/TRACE] [FML]:   Registry: 94 minecraft:squid net.minecraftforge.fml.common.registry.EntityEntry@7323c38c
[13:30:10] [Server thread/TRACE] [FML]:   Registry: 95 minecraft:wolf net.minecraftforge.fml.common.registry.EntityEntry@51f4439e
[13:30:10] [Server thread/TRACE] [FML]:   Registry: 96 minecraft:mooshroom net.minecraftforge.fml.common.registry.EntityEntry@1d654b5f
[13:30:10] [Server thread/TRACE] [FML]:   Registry: 97 minecraft:snowman net.minecraftforge.fml.common.registry.EntityEntry@1b36d248
[13:30:10] [Server thread/TRACE] [FML]:   Registry: 98 minecraft:ocelot net.minecraftforge.fml.common.registry.EntityEntry@495e8a3
[13:30:10] [Server thread/TRACE] [FML]:   Registry: 99 minecraft:villager_golem net.minecraftforge.fml.common.registry.EntityEntry@3063be68
[13:30:10] [Server thread/TRACE] [FML]:   Registry: 100 minecraft:horse net.minecraftforge.fml.common.registry.EntityEntry@2d2f09a4
[13:30:10] [Server thread/TRACE] [FML]:   Registry: 101 minecraft:rabbit net.minecraftforge.fml.common.registry.EntityEntry@729d6ee2
[13:30:10] [Server thread/TRACE] [FML]:   Registry: 102 minecraft:polar_bear net.minecraftforge.fml.common.registry.EntityEntry@50ac1249
[13:30:10] [Server thread/TRACE] [FML]:   Registry: 103 minecraft:llama net.minecraftforge.fml.common.registry.EntityEntry@28f8ce2e
[13:30:10] [Server thread/TRACE] [FML]:   Registry: 104 minecraft:llama_spit net.minecraftforge.fml.common.registry.EntityEntry@4af0c50
[13:30:10] [Server thread/TRACE] [FML]:   Registry: 105 minecraft:parrot net.minecraftforge.fml.common.registry.EntityEntry@17332039
[13:30:10] [Server thread/TRACE] [FML]:   Registry: 120 minecraft:villager net.minecraftforge.fml.common.registry.EntityEntry@86bf90b
[13:30:10] [Server thread/TRACE] [FML]:   Registry: 200 minecraft:ender_crystal net.minecraftforge.fml.common.registry.EntityEntry@4aba7617
[13:30:10] [Server thread/TRACE] [FML]: Registry Name : minecraft:blocks
[13:30:10] [Server thread/TRACE] [FML]:   Registry: 0 minecraft:air Block{minecraft:air}
[13:30:10] [Server thread/TRACE] [FML]:   Registry: 1 minecraft:stone Block{minecraft:stone}
[13:30:10] [Server thread/TRACE] [FML]:   Registry: 2 minecraft:grass Block{minecraft:grass}
[13:30:10] [Server thread/TRACE] [FML]:   Registry: 3 minecraft:dirt Block{minecraft:dirt}
[13:30:10] [Server thread/TRACE] [FML]:   Registry: 4 minecraft:cobblestone Block{minecraft:cobblestone}
[13:30:10] [Server thread/TRACE] [FML]:   Registry: 5 minecraft:planks Block{minecraft:planks}
[13:30:10] [Server thread/TRACE] [FML]:   Registry: 6 minecraft:sapling Block{minecraft:sapling}
[13:30:10] [Server thread/TRACE] [FML]:   Registry: 7 minecraft:bedrock Block{minecraft:bedrock}
[13:30:10] [Server thread/TRACE] [FML]:   Registry: 8 minecraft:flowing_water Block{minecraft:flowing_water}
[13:30:10] [Server thread/TRACE] [FML]:   Registry: 9 minecraft:water Block{minecraft:water}
[13:30:10] [Server thread/TRACE] [FML]:   Registry: 10 minecraft:flowing_lava Block{minecraft:flowing_lava}
[13:30:10] [Server thread/TRACE] [FML]:   Registry: 11 minecraft:lava Block{minecraft:lava}
[13:30:10] [Server thread/TRACE] [FML]:   Registry: 12 minecraft:sand Block{minecraft:sand}
[13:30:10] [Server thread/TRACE] [FML]:   Registry: 13 minecraft:gravel Block{minecraft:gravel}
[13:30:10] [Server thread/TRACE] [FML]:   Registry: 14 minecraft:gold_ore Block{minecraft:gold_ore}
[13:30:10] [Server thread/TRACE] [FML]:   Registry: 15 minecraft:iron_ore Block{minecraft:iron_ore}
[13:30:10] [Server thread/TRACE] [FML]:   Registry: 16 minecraft:coal_ore Block{minecraft:coal_ore}
[13:30:10] [Server thread/TRACE] [FML]:   Registry: 17 minecraft:log Block{minecraft:log}
[13:30:10] [Server thread/TRACE] [FML]:   Registry: 18 minecraft:leaves Block{minecraft:leaves}
[13:30:10] [Server thread/TRACE] [FML]:   Registry: 19 minecraft:sponge Block{minecraft:sponge}
[13:30:10] [Server thread/TRACE] [FML]:   Registry: 20 minecraft:glass Block{minecraft:glass}
[13:30:10] [Server thread/TRACE] [FML]:   Registry: 21 minecraft:lapis_ore Block{minecraft:lapis_ore}
[13:30:10] [Server thread/TRACE] [FML]:   Registry: 22 minecraft:lapis_block Block{minecraft:lapis_block}
[13:30:10] [Server thread/TRACE] [FML]:   Registry: 23 minecraft:dispenser Block{minecraft:dispenser}
[13:30:10] [Server thread/TRACE] [FML]:   Registry: 24 minecraft:sandstone Block{minecraft:sandstone}
[13:30:10] [Server thread/TRACE] [FML]:   Registry: 25 minecraft:noteblock Block{minecraft:noteblock}
[13:30:10] [Server thread/TRACE] [FML]:   Registry: 26 minecraft:bed Block{minecraft:bed}
[13:30:10] [Server thread/TRACE] [FML]:   Registry: 27 minecraft:golden_rail Block{minecraft:golden_rail}
[13:30:10] [Server thread/TRACE] [FML]:   Registry: 28 minecraft:detector_rail Block{minecraft:detector_rail}
[13:30:10] [Server thread/TRACE] [FML]:   Registry: 29 minecraft:sticky_piston Block{minecraft:sticky_piston}
[13:30:10] [Server thread/TRACE] [FML]:   Registry: 30 minecraft:web Block{minecraft:web}
[13:30:10] [Server thread/TRACE] [FML]:   Registry: 31 minecraft:tallgrass Block{minecraft:tallgrass}
[13:30:10] [Server thread/TRACE] [FML]:   Registry: 32 minecraft:deadbush Block{minecraft:deadbush}
[13:30:10] [Server thread/TRACE] [FML]:   Registry: 33 minecraft:piston Block{minecraft:piston}
[13:30:10] [Server thread/TRACE] [FML]:   Registry: 34 minecraft:piston_head Block{minecraft:piston_head}
[13:30:10] [Server thread/TRACE] [FML]:   Registry: 35 minecraft:wool Block{minecraft:wool}
[13:30:10] [Server thread/TRACE] [FML]:   Registry: 36 minecraft:piston_extension Block{minecraft:piston_extension}
[13:30:10] [Server thread/TRACE] [FML]:   Registry: 37 minecraft:yellow_flower Block{minecraft:yellow_flower}
[13:30:10] [Server thread/TRACE] [FML]:   Registry: 38 minecraft:red_flower Block{minecraft:red_flower}
[13:30:10] [Server thread/TRACE] [FML]:   Registry: 39 minecraft:brown_mushroom Block{minecraft:brown_mushroom}
[13:30:10] [Server thread/TRACE] [FML]:   Registry: 40 minecraft:red_mushroom Block{minecraft:red_mushroom}
[13:30:10] [Server thread/TRACE] [FML]:   Registry: 41 minecraft:gold_block Block{minecraft:gold_block}
[13:30:10] [Server thread/TRACE] [FML]:   Registry: 42 minecraft:iron_block Block{minecraft:iron_block}
[13:30:10] [Server thread/TRACE] [FML]:   Registry: 43 minecraft:double_stone_slab Block{minecraft:double_stone_slab}
[13:30:10] [Server thread/TRACE] [FML]:   Registry: 44 minecraft:stone_slab Block{minecraft:stone_slab}
[13:30:10] [Server thread/TRACE] [FML]:   Registry: 45 minecraft:brick_block Block{minecraft:brick_block}
[13:30:10] [Server thread/TRACE] [FML]:   Registry: 46 minecraft:tnt Block{minecraft:tnt}
[13:30:10] [Server thread/TRACE] [FML]:   Registry: 47 minecraft:bookshelf Block{minecraft:bookshelf}
[13:30:10] [Server thread/TRACE] [FML]:   Registry: 48 minecraft:mossy_cobblestone Block{minecraft:mossy_cobblestone}
[13:30:10] [Server thread/TRACE] [FML]:   Registry: 49 minecraft:obsidian Block{minecraft:obsidian}
[13:30:10] [Server thread/TRACE] [FML]:   Registry: 50 minecraft:torch Block{minecraft:torch}
[13:30:10] [Server thread/TRACE] [FML]:   Registry: 51 minecraft:fire Block{minecraft:fire}
[13:30:10] [Server thread/TRACE] [FML]:   Registry: 52 minecraft:mob_spawner Block{minecraft:mob_spawner}
[13:30:10] [Server thread/TRACE] [FML]:   Registry: 53 minecraft:oak_stairs Block{minecraft:oak_stairs}
[13:30:10] [Server thread/TRACE] [FML]:   Registry: 54 minecraft:chest Block{minecraft:chest}
[13:30:10] [Server thread/TRACE] [FML]:   Registry: 55 minecraft:redstone_wire Block{minecraft:redstone_wire}
[13:30:10] [Server thread/TRACE] [FML]:   Registry: 56 minecraft:diamond_ore Block{minecraft:diamond_ore}
[13:30:10] [Server thread/TRACE] [FML]:   Registry: 57 minecraft:diamond_block Block{minecraft:diamond_block}
[13:30:10] [Server thread/TRACE] [FML]:   Registry: 58 minecraft:crafting_table Block{minecraft:crafting_table}
[13:30:10] [Server thread/TRACE] [FML]:   Registry: 59 minecraft:wheat Block{minecraft:wheat}
[13:30:10] [Server thread/TRACE] [FML]:   Registry: 60 minecraft:farmland Block{minecraft:farmland}
[13:30:10] [Server thread/TRACE] [FML]:   Registry: 61 minecraft:furnace Block{minecraft:furnace}
[13:30:10] [Server thread/TRACE] [FML]:   Registry: 62 minecraft:lit_furnace Block{minecraft:lit_furnace}
[13:30:10] [Server thread/TRACE] [FML]:   Registry: 63 minecraft:standing_sign Block{minecraft:standing_sign}
[13:30:10] [Server thread/TRACE] [FML]:   Registry: 64 minecraft:wooden_door Block{minecraft:wooden_door}
[13:30:10] [Server thread/TRACE] [FML]:   Registry: 65 minecraft:ladder Block{minecraft:ladder}
[13:30:10] [Server thread/TRACE] [FML]:   Registry: 66 minecraft:rail Block{minecraft:rail}
[13:30:10] [Server thread/TRACE] [FML]:   Registry: 67 minecraft:stone_stairs Block{minecraft:stone_stairs}
[13:30:10] [Server thread/TRACE] [FML]:   Registry: 68 minecraft:wall_sign Block{minecraft:wall_sign}
[13:30:10] [Server thread/TRACE] [FML]:   Registry: 69 minecraft:lever Block{minecraft:lever}
[13:30:10] [Server thread/TRACE] [FML]:   Registry: 70 minecraft:stone_pressure_plate Block{minecraft:stone_pressure_plate}
[13:30:10] [Server thread/TRACE] [FML]:   Registry: 71 minecraft:iron_door Block{minecraft:iron_door}
[13:30:10] [Server thread/TRACE] [FML]:   Registry: 72 minecraft:wooden_pressure_plate Block{minecraft:wooden_pressure_plate}
[13:30:10] [Server thread/TRACE] [FML]:   Registry: 73 minecraft:redstone_ore Block{minecraft:redstone_ore}
[13:30:10] [Server thread/TRACE] [FML]:   Registry: 74 minecraft:lit_redstone_ore Block{minecraft:lit_redstone_ore}
[13:30:10] [Server thread/TRACE] [FML]:   Registry: 75 minecraft:unlit_redstone_torch Block{minecraft:unlit_redstone_torch}
[13:30:10] [Server thread/TRACE] [FML]:   Registry: 76 minecraft:redstone_torch Block{minecraft:redstone_torch}
[13:30:10] [Server thread/TRACE] [FML]:   Registry: 77 minecraft:stone_button Block{minecraft:stone_button}
[13:30:10] [Server thread/TRACE] [FML]:   Registry: 78 minecraft:snow_layer Block{minecraft:snow_layer}
[13:30:10] [Server thread/TRACE] [FML]:   Registry: 79 minecraft:ice Block{minecraft:ice}
[13:30:10] [Server thread/TRACE] [FML]:   Registry: 80 minecraft:snow Block{minecraft:snow}
[13:30:10] [Server thread/TRACE] [FML]:   Registry: 81 minecraft:cactus Block{minecraft:cactus}
[13:30:10] [Server thread/TRACE] [FML]:   Registry: 82 minecraft:clay Block{minecraft:clay}
[13:30:10] [Server thread/TRACE] [FML]:   Registry: 83 minecraft:reeds Block{minecraft:reeds}
[13:30:10] [Server thread/TRACE] [FML]:   Registry: 84 minecraft:jukebox Block{minecraft:jukebox}
[13:30:10] [Server thread/TRACE] [FML]:   Registry: 85 minecraft:fence Block{minecraft:fence}
[13:30:10] [Server thread/TRACE] [FML]:   Registry: 86 minecraft:pumpkin Block{minecraft:pumpkin}
[13:30:10] [Server thread/TRACE] [FML]:   Registry: 87 minecraft:netherrack Block{minecraft:netherrack}
[13:30:10] [Server thread/TRACE] [FML]:   Registry: 88 minecraft:soul_sand Block{minecraft:soul_sand}
[13:30:10] [Server thread/TRACE] [FML]:   Registry: 89 minecraft:glowstone Block{minecraft:glowstone}
[13:30:10] [Server thread/TRACE] [FML]:   Registry: 90 minecraft:portal Block{minecraft:portal}
[13:30:10] [Server thread/TRACE] [FML]:   Registry: 91 minecraft:lit_pumpkin Block{minecraft:lit_pumpkin}
[13:30:10] [Server thread/TRACE] [FML]:   Registry: 92 minecraft:cake Block{minecraft:cake}
[13:30:10] [Server thread/TRACE] [FML]:   Registry: 93 minecraft:unpowered_repeater Block{minecraft:unpowered_repeater}
[13:30:10] [Server thread/TRACE] [FML]:   Registry: 94 minecraft:powered_repeater Block{minecraft:powered_repeater}
[13:30:10] [Server thread/TRACE] [FML]:   Registry: 95 minecraft:stained_glass Block{minecraft:stained_glass}
[13:30:10] [Server thread/TRACE] [FML]:   Registry: 96 minecraft:trapdoor Block{minecraft:trapdoor}
[13:30:10] [Server thread/TRACE] [FML]:   Registry: 97 minecraft:monster_egg Block{minecraft:monster_egg}
[13:30:10] [Server thread/TRACE] [FML]:   Registry: 98 minecraft:stonebrick Block{minecraft:stonebrick}
[13:30:10] [Server thread/TRACE] [FML]:   Registry: 99 minecraft:brown_mushroom_block Block{minecraft:brown_mushroom_block}
[13:30:10] [Server thread/TRACE] [FML]:   Registry: 100 minecraft:red_mushroom_block Block{minecraft:red_mushroom_block}
[13:30:10] [Server thread/TRACE] [FML]:   Registry: 101 minecraft:iron_bars Block{minecraft:iron_bars}
[13:30:10] [Server thread/TRACE] [FML]:   Registry: 102 minecraft:glass_pane Block{minecraft:glass_pane}
[13:30:10] [Server thread/TRACE] [FML]:   Registry: 103 minecraft:melon_block Block{minecraft:melon_block}
[13:30:10] [Server thread/TRACE] [FML]:   Registry: 104 minecraft:pumpkin_stem Block{minecraft:pumpkin_stem}
[13:30:10] [Server thread/TRACE] [FML]:   Registry: 105 minecraft:melon_stem Block{minecraft:melon_stem}
[13:30:10] [Server thread/TRACE] [FML]:   Registry: 106 minecraft:vine Block{minecraft:vine}
[13:30:10] [Server thread/TRACE] [FML]:   Registry: 107 minecraft:fence_gate Block{minecraft:fence_gate}
[13:30:10] [Server thread/TRACE] [FML]:   Registry: 108 minecraft:brick_stairs Block{minecraft:brick_stairs}
[13:30:10] [Server thread/TRACE] [FML]:   Registry: 109 minecraft:stone_brick_stairs Block{minecraft:stone_brick_stairs}
[13:30:10] [Server thread/TRACE] [FML]:   Registry: 110 minecraft:mycelium Block{minecraft:mycelium}
[13:30:10] [Server thread/TRACE] [FML]:   Registry: 111 minecraft:waterlily Block{minecraft:waterlily}
[13:30:10] [Server thread/TRACE] [FML]:   Registry: 112 minecraft:nether_brick Block{minecraft:nether_brick}
[13:30:10] [Server thread/TRACE] [FML]:   Registry: 113 minecraft:nether_brick_fence Block{minecraft:nether_brick_fence}
[13:30:10] [Server thread/TRACE] [FML]:   Registry: 114 minecraft:nether_brick_stairs Block{minecraft:nether_brick_stairs}
[13:30:10] [Server thread/TRACE] [FML]:   Registry: 115 minecraft:nether_wart Block{minecraft:nether_wart}
[13:30:10] [Server thread/TRACE] [FML]:   Registry: 116 minecraft:enchanting_table Block{minecraft:enchanting_table}
[13:30:10] [Server thread/TRACE] [FML]:   Registry: 117 minecraft:brewing_stand Block{minecraft:brewing_stand}
[13:30:10] [Server thread/TRACE] [FML]:   Registry: 118 minecraft:cauldron Block{minecraft:cauldron}
[13:30:10] [Server thread/TRACE] [FML]:   Registry: 119 minecraft:end_portal Block{minecraft:end_portal}
[13:30:10] [Server thread/TRACE] [FML]:   Registry: 120 minecraft:end_portal_frame Block{minecraft:end_portal_frame}
[13:30:10] [Server thread/TRACE] [FML]:   Registry: 121 minecraft:end_stone Block{minecraft:end_stone}
[13:30:10] [Server thread/TRACE] [FML]:   Registry: 122 minecraft:dragon_egg Block{minecraft:dragon_egg}
[13:30:10] [Server thread/TRACE] [FML]:   Registry: 123 minecraft:redstone_lamp Block{minecraft:redstone_lamp}
[13:30:10] [Server thread/TRACE] [FML]:   Registry: 124 minecraft:lit_redstone_lamp Block{minecraft:lit_redstone_lamp}
[13:30:10] [Server thread/TRACE] [FML]:   Registry: 125 minecraft:double_wooden_slab Block{minecraft:double_wooden_slab}
[13:30:10] [Server thread/TRACE] [FML]:   Registry: 126 minecraft:wooden_slab Block{minecraft:wooden_slab}
[13:30:10] [Server thread/TRACE] [FML]:   Registry: 127 minecraft:cocoa Block{minecraft:cocoa}
[13:30:10] [Server thread/TRACE] [FML]:   Registry: 128 minecraft:sandstone_stairs Block{minecraft:sandstone_stairs}
[13:30:10] [Server thread/TRACE] [FML]:   Registry: 129 minecraft:emerald_ore Block{minecraft:emerald_ore}
[13:30:10] [Server thread/TRACE] [FML]:   Registry: 130 minecraft:ender_chest Block{minecraft:ender_chest}
[13:30:10] [Server thread/TRACE] [FML]:   Registry: 131 minecraft:tripwire_hook Block{minecraft:tripwire_hook}
[13:30:10] [Server thread/TRACE] [FML]:   Registry: 132 minecraft:tripwire Block{minecraft:tripwire}
[13:30:10] [Server thread/TRACE] [FML]:   Registry: 133 minecraft:emerald_block Block{minecraft:emerald_block}
[13:30:10] [Server thread/TRACE] [FML]:   Registry: 134 minecraft:spruce_stairs Block{minecraft:spruce_stairs}
[13:30:10] [Server thread/TRACE] [FML]:   Registry: 135 minecraft:birch_stairs Block{minecraft:birch_stairs}
[13:30:10] [Server thread/TRACE] [FML]:   Registry: 136 minecraft:jungle_stairs Block{minecraft:jungle_stairs}
[13:30:10] [Server thread/TRACE] [FML]:   Registry: 137 minecraft:command_block Block{minecraft:command_block}
[13:30:10] [Server thread/TRACE] [FML]:   Registry: 138 minecraft:beacon Block{minecraft:beacon}
[13:30:10] [Server thread/TRACE] [FML]:   Registry: 139 minecraft:cobblestone_wall Block{minecraft:cobblestone_wall}
[13:30:10] [Server thread/TRACE] [FML]:   Registry: 140 minecraft:flower_pot Block{minecraft:flower_pot}
[13:30:10] [Server thread/TRACE] [FML]:   Registry: 141 minecraft:carrots Block{minecraft:carrots}
[13:30:10] [Server thread/TRACE] [FML]:   Registry: 142 minecraft:potatoes Block{minecraft:potatoes}
[13:30:10] [Server thread/TRACE] [FML]:   Registry: 143 minecraft:wooden_button Block{minecraft:wooden_button}
[13:30:10] [Server thread/TRACE] [FML]:   Registry: 144 minecraft:skull Block{minecraft:skull}
[13:30:10] [Server thread/TRACE] [FML]:   Registry: 145 minecraft:anvil Block{minecraft:anvil}
[13:30:10] [Server thread/TRACE] [FML]:   Registry: 146 minecraft:trapped_chest Block{minecraft:trapped_chest}
[13:30:10] [Server thread/TRACE] [FML]:   Registry: 147 minecraft:light_weighted_pressure_plate Block{minecraft:light_weighted_pressure_plate}
[13:30:10] [Server thread/TRACE] [FML]:   Registry: 148 minecraft:heavy_weighted_pressure_plate Block{minecraft:heavy_weighted_pressure_plate}
[13:30:10] [Server thread/TRACE] [FML]:   Registry: 149 minecraft:unpowered_comparator Block{minecraft:unpowered_comparator}
[13:30:10] [Server thread/TRACE] [FML]:   Registry: 150 minecraft:powered_comparator Block{minecraft:powered_comparator}
[13:30:10] [Server thread/TRACE] [FML]:   Registry: 151 minecraft:daylight_detector Block{minecraft:daylight_detector}
[13:30:10] [Server thread/TRACE] [FML]:   Registry: 152 minecraft:redstone_block Block{minecraft:redstone_block}
[13:30:10] [Server thread/TRACE] [FML]:   Registry: 153 minecraft:quartz_ore Block{minecraft:quartz_ore}
[13:30:10] [Server thread/TRACE] [FML]:   Registry: 154 minecraft:hopper Block{minecraft:hopper}
[13:30:10] [Server thread/TRACE] [FML]:   Registry: 155 minecraft:quartz_block Block{minecraft:quartz_block}
[13:30:10] [Server thread/TRACE] [FML]:   Registry: 156 minecraft:quartz_stairs Block{minecraft:quartz_stairs}
[13:30:10] [Server thread/TRACE] [FML]:   Registry: 157 minecraft:activator_rail Block{minecraft:activator_rail}
[13:30:10] [Server thread/TRACE] [FML]:   Registry: 158 minecraft:dropper Block{minecraft:dropper}
[13:30:10] [Server thread/TRACE] [FML]:   Registry: 159 minecraft:stained_hardened_clay Block{minecraft:stained_hardened_clay}
[13:30:10] [Server thread/TRACE] [FML]:   Registry: 160 minecraft:stained_glass_pane Block{minecraft:stained_glass_pane}
[13:30:10] [Server thread/TRACE] [FML]:   Registry: 161 minecraft:leaves2 Block{minecraft:leaves2}
[13:30:10] [Server thread/TRACE] [FML]:   Registry: 162 minecraft:log2 Block{minecraft:log2}
[13:30:10] [Server thread/TRACE] [FML]:   Registry: 163 minecraft:acacia_stairs Block{minecraft:acacia_stairs}
[13:30:10] [Server thread/TRACE] [FML]:   Registry: 164 minecraft:dark_oak_stairs Block{minecraft:dark_oak_stairs}
[13:30:10] [Server thread/TRACE] [FML]:   Registry: 165 minecraft:slime Block{minecraft:slime}
[13:30:10] [Server thread/TRACE] [FML]:   Registry: 166 minecraft:barrier Block{minecraft:barrier}
[13:30:10] [Server thread/TRACE] [FML]:   Registry: 167 minecraft:iron_trapdoor Block{minecraft:iron_trapdoor}
[13:30:10] [Server thread/TRACE] [FML]:   Registry: 168 minecraft:prismarine Block{minecraft:prismarine}
[13:30:10] [Server thread/TRACE] [FML]:   Registry: 169 minecraft:sea_lantern Block{minecraft:sea_lantern}
[13:30:10] [Server thread/TRACE] [FML]:   Registry: 170 minecraft:hay_block Block{minecraft:hay_block}
[13:30:10] [Server thread/TRACE] [FML]:   Registry: 171 minecraft:carpet Block{minecraft:carpet}
[13:30:10] [Server thread/TRACE] [FML]:   Registry: 172 minecraft:hardened_clay Block{minecraft:hardened_clay}
[13:30:10] [Server thread/TRACE] [FML]:   Registry: 173 minecraft:coal_block Block{minecraft:coal_block}
[13:30:10] [Server thread/TRACE] [FML]:   Registry: 174 minecraft:packed_ice Block{minecraft:packed_ice}
[13:30:10] [Server thread/TRACE] [FML]:   Registry: 175 minecraft:double_plant Block{minecraft:double_plant}
[13:30:10] [Server thread/TRACE] [FML]:   Registry: 176 minecraft:standing_banner Block{minecraft:standing_banner}
[13:30:10] [Server thread/TRACE] [FML]:   Registry: 177 minecraft:wall_banner Block{minecraft:wall_banner}
[13:30:10] [Server thread/TRACE] [FML]:   Registry: 178 minecraft:daylight_detector_inverted Block{minecraft:daylight_detector_inverted}
[13:30:10] [Server thread/TRACE] [FML]:   Registry: 179 minecraft:red_sandstone Block{minecraft:red_sandstone}
[13:30:10] [Server thread/TRACE] [FML]:   Registry: 180 minecraft:red_sandstone_stairs Block{minecraft:red_sandstone_stairs}
[13:30:10] [Server thread/TRACE] [FML]:   Registry: 181 minecraft:double_stone_slab2 Block{minecraft:double_stone_slab2}
[13:30:10] [Server thread/TRACE] [FML]:   Registry: 182 minecraft:stone_slab2 Block{minecraft:stone_slab2}
[13:30:10] [Server thread/TRACE] [FML]:   Registry: 183 minecraft:spruce_fence_gate Block{minecraft:spruce_fence_gate}
[13:30:10] [Server thread/TRACE] [FML]:   Registry: 184 minecraft:birch_fence_gate Block{minecraft:birch_fence_gate}
[13:30:10] [Server thread/TRACE] [FML]:   Registry: 185 minecraft:jungle_fence_gate Block{minecraft:jungle_fence_gate}
[13:30:10] [Server thread/TRACE] [FML]:   Registry: 186 minecraft:dark_oak_fence_gate Block{minecraft:dark_oak_fence_gate}
[13:30:10] [Server thread/TRACE] [FML]:   Registry: 187 minecraft:acacia_fence_gate Block{minecraft:acacia_fence_gate}
[13:30:10] [Server thread/TRACE] [FML]:   Registry: 188 minecraft:spruce_fence Block{minecraft:spruce_fence}
[13:30:10] [Server thread/TRACE] [FML]:   Registry: 189 minecraft:birch_fence Block{minecraft:birch_fence}
[13:30:10] [Server thread/TRACE] [FML]:   Registry: 190 minecraft:jungle_fence Block{minecraft:jungle_fence}
[13:30:10] [Server thread/TRACE] [FML]:   Registry: 191 minecraft:dark_oak_fence Block{minecraft:dark_oak_fence}
[13:30:10] [Server thread/TRACE] [FML]:   Registry: 192 minecraft:acacia_fence Block{minecraft:acacia_fence}
[13:30:10] [Server thread/TRACE] [FML]:   Registry: 193 minecraft:spruce_door Block{minecraft:spruce_door}
[13:30:10] [Server thread/TRACE] [FML]:   Registry: 194 minecraft:birch_door Block{minecraft:birch_door}
[13:30:10] [Server thread/TRACE] [FML]:   Registry: 195 minecraft:jungle_door Block{minecraft:jungle_door}
[13:30:10] [Server thread/TRACE] [FML]:   Registry: 196 minecraft:acacia_door Block{minecraft:acacia_door}
[13:30:10] [Server thread/TRACE] [FML]:   Registry: 197 minecraft:dark_oak_door Block{minecraft:dark_oak_door}
[13:30:10] [Server thread/TRACE] [FML]:   Registry: 198 minecraft:end_rod Block{minecraft:end_rod}
[13:30:10] [Server thread/TRACE] [FML]:   Registry: 199 minecraft:chorus_plant Block{minecraft:chorus_plant}
[13:30:10] [Server thread/TRACE] [FML]:   Registry: 200 minecraft:chorus_flower Block{minecraft:chorus_flower}
[13:30:10] [Server thread/TRACE] [FML]:   Registry: 201 minecraft:purpur_block Block{minecraft:purpur_block}
[13:30:10] [Server thread/TRACE] [FML]:   Registry: 202 minecraft:purpur_pillar Block{minecraft:purpur_pillar}
[13:30:10] [Server thread/TRACE] [FML]:   Registry: 203 minecraft:purpur_stairs Block{minecraft:purpur_stairs}
[13:30:10] [Server thread/TRACE] [FML]:   Registry: 204 minecraft:purpur_double_slab Block{minecraft:purpur_double_slab}
[13:30:10] [Server thread/TRACE] [FML]:   Registry: 205 minecraft:purpur_slab Block{minecraft:purpur_slab}
[13:30:10] [Server thread/TRACE] [FML]:   Registry: 206 minecraft:end_bricks Block{minecraft:end_bricks}
[13:30:10] [Server thread/TRACE] [FML]:   Registry: 207 minecraft:beetroots Block{minecraft:beetroots}
[13:30:10] [Server thread/TRACE] [FML]:   Registry: 208 minecraft:grass_path Block{minecraft:grass_path}
[13:30:10] [Server thread/TRACE] [FML]:   Registry: 209 minecraft:end_gateway Block{minecraft:end_gateway}
[13:30:10] [Server thread/TRACE] [FML]:   Registry: 210 minecraft:repeating_command_block Block{minecraft:repeating_command_block}
[13:30:10] [Server thread/TRACE] [FML]:   Registry: 211 minecraft:chain_command_block Block{minecraft:chain_command_block}
[13:30:10] [Server thread/TRACE] [FML]:   Registry: 212 minecraft:frosted_ice Block{minecraft:frosted_ice}
[13:30:10] [Server thread/TRACE] [FML]:   Registry: 213 minecraft:magma Block{minecraft:magma}
[13:30:10] [Server thread/TRACE] [FML]:   Registry: 214 minecraft:nether_wart_block Block{minecraft:nether_wart_block}
[13:30:10] [Server thread/TRACE] [FML]:   Registry: 215 minecraft:red_nether_brick Block{minecraft:red_nether_brick}
[13:30:10] [Server thread/TRACE] [FML]:   Registry: 216 minecraft:bone_block Block{minecraft:bone_block}
[13:30:10] [Server thread/TRACE] [FML]:   Registry: 217 minecraft:structure_void Block{minecraft:structure_void}
[13:30:10] [Server thread/TRACE] [FML]:   Registry: 218 minecraft:observer Block{minecraft:observer}
[13:30:10] [Server thread/TRACE] [FML]:   Registry: 219 minecraft:white_shulker_box Block{minecraft:white_shulker_box}
[13:30:10] [Server thread/TRACE] [FML]:   Registry: 220 minecraft:orange_shulker_box Block{minecraft:orange_shulker_box}
[13:30:10] [Server thread/TRACE] [FML]:   Registry: 221 minecraft:magenta_shulker_box Block{minecraft:magenta_shulker_box}
[13:30:10] [Server thread/TRACE] [FML]:   Registry: 222 minecraft:light_blue_shulker_box Block{minecraft:light_blue_shulker_box}
[13:30:10] [Server thread/TRACE] [FML]:   Registry: 223 minecraft:yellow_shulker_box Block{minecraft:yellow_shulker_box}
[13:30:10] [Server thread/TRACE] [FML]:   Registry: 224 minecraft:lime_shulker_box Block{minecraft:lime_shulker_box}
[13:30:10] [Server thread/TRACE] [FML]:   Registry: 225 minecraft:pink_shulker_box Block{minecraft:pink_shulker_box}
[13:30:10] [Server thread/TRACE] [FML]:   Registry: 226 minecraft:gray_shulker_box Block{minecraft:gray_shulker_box}
[13:30:10] [Server thread/TRACE] [FML]:   Registry: 227 minecraft:silver_shulker_box Block{minecraft:silver_shulker_box}
[13:30:10] [Server thread/TRACE] [FML]:   Registry: 228 minecraft:cyan_shulker_box Block{minecraft:cyan_shulker_box}
[13:30:10] [Server thread/TRACE] [FML]:   Registry: 229 minecraft:purple_shulker_box Block{minecraft:purple_shulker_box}
[13:30:10] [Server thread/TRACE] [FML]:   Registry: 230 minecraft:blue_shulker_box Block{minecraft:blue_shulker_box}
[13:30:10] [Server thread/TRACE] [FML]:   Registry: 231 minecraft:brown_shulker_box Block{minecraft:brown_shulker_box}
[13:30:10] [Server thread/TRACE] [FML]:   Registry: 232 minecraft:green_shulker_box Block{minecraft:green_shulker_box}
[13:30:10] [Server thread/TRACE] [FML]:   Registry: 233 minecraft:red_shulker_box Block{minecraft:red_shulker_box}
[13:30:10] [Server thread/TRACE] [FML]:   Registry: 234 minecraft:black_shulker_box Block{minecraft:black_shulker_box}
[13:30:10] [Server thread/TRACE] [FML]:   Registry: 235 minecraft:white_glazed_terracotta Block{minecraft:white_glazed_terracotta}
[13:30:10] [Server thread/TRACE] [FML]:   Registry: 236 minecraft:orange_glazed_terracotta Block{minecraft:orange_glazed_terracotta}
[13:30:10] [Server thread/TRACE] [FML]:   Registry: 237 minecraft:magenta_glazed_terracotta Block{minecraft:magenta_glazed_terracotta}
[13:30:10] [Server thread/TRACE] [FML]:   Registry: 238 minecraft:light_blue_glazed_terracotta Block{minecraft:light_blue_glazed_terracotta}
[13:30:10] [Server thread/TRACE] [FML]:   Registry: 239 minecraft:yellow_glazed_terracotta Block{minecraft:yellow_glazed_terracotta}
[13:30:10] [Server thread/TRACE] [FML]:   Registry: 240 minecraft:lime_glazed_terracotta Block{minecraft:lime_glazed_terracotta}
[13:30:10] [Server thread/TRACE] [FML]:   Registry: 241 minecraft:pink_glazed_terracotta Block{minecraft:pink_glazed_terracotta}
[13:30:10] [Server thread/TRACE] [FML]:   Registry: 242 minecraft:gray_glazed_terracotta Block{minecraft:gray_glazed_terracotta}
[13:30:10] [Server thread/TRACE] [FML]:   Registry: 243 minecraft:silver_glazed_terracotta Block{minecraft:silver_glazed_terracotta}
[13:30:10] [Server thread/TRACE] [FML]:   Registry: 244 minecraft:cyan_glazed_terracotta Block{minecraft:cyan_glazed_terracotta}
[13:30:10] [Server thread/TRACE] [FML]:   Registry: 245 minecraft:purple_glazed_terracotta Block{minecraft:purple_glazed_terracotta}
[13:30:10] [Server thread/TRACE] [FML]:   Registry: 246 minecraft:blue_glazed_terracotta Block{minecraft:blue_glazed_terracotta}
[13:30:10] [Server thread/TRACE] [FML]:   Registry: 247 minecraft:brown_glazed_terracotta Block{minecraft:brown_glazed_terracotta}
[13:30:10] [Server thread/TRACE] [FML]:   Registry: 248 minecraft:green_glazed_terracotta Block{minecraft:green_glazed_terracotta}
[13:30:10] [Server thread/TRACE] [FML]:   Registry: 249 minecraft:red_glazed_terracotta Block{minecraft:red_glazed_terracotta}
[13:30:10] [Server thread/TRACE] [FML]:   Registry: 250 minecraft:black_glazed_terracotta Block{minecraft:black_glazed_terracotta}
[13:30:10] [Server thread/TRACE] [FML]:   Registry: 251 minecraft:concrete Block{minecraft:concrete}
[13:30:10] [Server thread/TRACE] [FML]:   Registry: 252 minecraft:concrete_powder Block{minecraft:concrete_powder}
[13:30:10] [Server thread/TRACE] [FML]:   Registry: 253 adversity:sanctuary_altar Block{adversity:sanctuary_altar}
[13:30:10] [Server thread/TRACE] [FML]:   Registry: 254 adversity:sanctuary_core Block{adversity:sanctuary_core}
[13:30:10] [Server thread/TRACE] [FML]:   Registry: 255 minecraft:structure_block Block{minecraft:structure_block}
[13:30:10] [Server thread/TRACE] [FML]:   Registry: 256 adversity:sanctuary_stone Block{adversity:sanctuary_stone}
[13:30:10] [Server thread/TRACE] [FML]: Registry Name : minecraft:items
[13:30:10] [Server thread/TRACE] [FML]:   Registry: 0 minecraft:air net.minecraft.item.ItemAir@3514ac7d
[13:30:10] [Server thread/TRACE] [FML]:   Registry: 1 minecraft:stone net.minecraft.item.ItemMultiTexture@646cb2e
[13:30:10] [Server thread/TRACE] [FML]:   Registry: 2 minecraft:grass net.minecraft.item.ItemColored@5315266
[13:30:10] [Server thread/TRACE] [FML]:   Registry: 3 minecraft:dirt net.minecraft.item.ItemMultiTexture@54234569
[13:30:10] [Server thread/TRACE] [FML]:   Registry: 4 minecraft:cobblestone net.minecraft.item.ItemBlock@21ea1d9d
[13:30:10] [Server thread/TRACE] [FML]:   Registry: 5 minecraft:planks net.minecraft.item.ItemMultiTexture@9147ba2
[13:30:10] [Server thread/TRACE] [FML]:   Registry: 6 minecraft:sapling net.minecraft.item.ItemMultiTexture@60a6840c
[13:30:10] [Server thread/TRACE] [FML]:   Registry: 7 minecraft:bedrock net.minecraft.item.ItemBlock@53525379
[13:30:10] [Server thread/TRACE] [FML]:   Registry: 12 minecraft:sand net.minecraft.item.ItemMultiTexture@6de33fde
[13:30:10] [Server thread/TRACE] [FML]:   Registry: 13 minecraft:gravel net.minecraft.item.ItemBlock@69c33ea2
[13:30:10] [Server thread/TRACE] [FML]:   Registry: 14 minecraft:gold_ore net.minecraft.item.ItemBlock@59e0d521
[13:30:10] [Server thread/TRACE] [FML]:   Registry: 15 minecraft:iron_ore net.minecraft.item.ItemBlock@2e3900dc
[13:30:10] [Server thread/TRACE] [FML]:   Registry: 16 minecraft:coal_ore net.minecraft.item.ItemBlock@5ad0c70a
[13:30:10] [Server thread/TRACE] [FML]:   Registry: 17 minecraft:log net.minecraft.item.ItemMultiTexture@4fedf908
[13:30:10] [Server thread/TRACE] [FML]:   Registry: 18 minecraft:leaves net.minecraft.item.ItemLeaves@431babe6
[13:30:10] [Server thread/TRACE] [FML]:   Registry: 19 minecraft:sponge net.minecraft.item.ItemMultiTexture@4fdac2a7
[13:30:10] [Server thread/TRACE] [FML]:   Registry: 20 minecraft:glass net.minecraft.item.ItemBlock@8debe42
[13:30:10] [Server thread/TRACE] [FML]:   Registry: 21 minecraft:lapis_ore net.minecraft.item.ItemBlock@70c31b17
[13:30:10] [Server thread/TRACE] [FML]:   Registry: 22 minecraft:lapis_block net.minecraft.item.ItemBlock@40863800
[13:30:10] [Server thread/TRACE] [FML]:   Registry: 23 minecraft:dispenser net.minecraft.item.ItemBlock@5950054d
[13:30:10] [Server thread/TRACE] [FML]:   Registry: 24 minecraft:sandstone net.minecraft.item.ItemMultiTexture@64665781
[13:30:10] [Server thread/TRACE] [FML]:   Registry: 25 minecraft:noteblock net.minecraft.item.ItemBlock@4c2bea52
[13:30:10] [Server thread/TRACE] [FML]:   Registry: 27 minecraft:golden_rail net.minecraft.item.ItemBlock@11015ca0
[13:30:10] [Server thread/TRACE] [FML]:   Registry: 28 minecraft:detector_rail net.minecraft.item.ItemBlock@6ebbc06
[13:30:10] [Server thread/TRACE] [FML]:   Registry: 29 minecraft:sticky_piston net.minecraft.item.ItemPiston@430d3021
[13:30:10] [Server thread/TRACE] [FML]:   Registry: 30 minecraft:web net.minecraft.item.ItemBlock@58f290bc
[13:30:10] [Server thread/TRACE] [FML]:   Registry: 31 minecraft:tallgrass net.minecraft.item.ItemColored@3220c28
[13:30:10] [Server thread/TRACE] [FML]:   Registry: 32 minecraft:deadbush net.minecraft.item.ItemBlock@6ae42248
[13:30:10] [Server thread/TRACE] [FML]:   Registry: 33 minecraft:piston net.minecraft.item.ItemPiston@40c28b0d
[13:30:10] [Server thread/TRACE] [FML]:   Registry: 35 minecraft:wool net.minecraft.item.ItemCloth@4045fd1f
[13:30:10] [Server thread/TRACE] [FML]:   Registry: 37 minecraft:yellow_flower net.minecraft.item.ItemMultiTexture@5bde6148
[13:30:10] [Server thread/TRACE] [FML]:   Registry: 38 minecraft:red_flower net.minecraft.item.ItemMultiTexture@2976ef56
[13:30:10] [Server thread/TRACE] [FML]:   Registry: 39 minecraft:brown_mushroom net.minecraft.item.ItemBlock@4345fd45
[13:30:10] [Server thread/TRACE] [FML]:   Registry: 40 minecraft:red_mushroom net.minecraft.item.ItemBlock@4152bd0f
[13:30:10] [Server thread/TRACE] [FML]:   Registry: 41 minecraft:gold_block net.minecraft.item.ItemBlock@10d905c1
[13:30:10] [Server thread/TRACE] [FML]:   Registry: 42 minecraft:iron_block net.minecraft.item.ItemBlock@e4b54d3
[13:30:10] [Server thread/TRACE] [FML]:   Registry: 44 minecraft:stone_slab net.minecraft.item.ItemSlab@19a7906c
[13:30:10] [Server thread/TRACE] [FML]:   Registry: 45 minecraft:brick_block net.minecraft.item.ItemBlock@1da5c19d
[13:30:10] [Server thread/TRACE] [FML]:   Registry: 46 minecraft:tnt net.minecraft.item.ItemBlock@3e4f2300
[13:30:10] [Server thread/TRACE] [FML]:   Registry: 47 minecraft:bookshelf net.minecraft.item.ItemBlock@e706aa
[13:30:10] [Server thread/TRACE] [FML]:   Registry: 48 minecraft:mossy_cobblestone net.minecraft.item.ItemBlock@25e6c22a
[13:30:10] [Server thread/TRACE] [FML]:   Registry: 49 minecraft:obsidian net.minecraft.item.ItemBlock@16fc5622
[13:30:10] [Server thread/TRACE] [FML]:   Registry: 50 minecraft:torch net.minecraft.item.ItemBlock@516c20de
[13:30:10] [Server thread/TRACE] [FML]:   Registry: 52 minecraft:mob_spawner net.minecraft.item.ItemBlock@6bf0f70a
[13:30:10] [Server thread/TRACE] [FML]:   Registry: 53 minecraft:oak_stairs net.minecraft.item.ItemBlock@5310e451
[13:30:10] [Server thread/TRACE] [FML]:   Registry: 54 minecraft:chest net.minecraft.item.ItemBlock@52d63b7e
[13:30:10] [Server thread/TRACE] [FML]:   Registry: 56 minecraft:diamond_ore net.minecraft.item.ItemBlock@74830d73
[13:30:10] [Server thread/TRACE] [FML]:   Registry: 57 minecraft:diamond_block net.minecraft.item.ItemBlock@1827fc4e
[13:30:10] [Server thread/TRACE] [FML]:   Registry: 58 minecraft:crafting_table net.minecraft.item.ItemBlock@4c41a177
[13:30:10] [Server thread/TRACE] [FML]:   Registry: 60 minecraft:farmland net.minecraft.item.ItemBlock@2faf6e4a
[13:30:10] [Server thread/TRACE] [FML]:   Registry: 61 minecraft:furnace net.minecraft.item.ItemBlock@43ab0659
[13:30:10] [Server thread/TRACE] [FML]:   Registry: 65 minecraft:ladder net.minecraft.item.ItemBlock@644947ee
[13:30:10] [Server thread/TRACE] [FML]:   Registry: 66 minecraft:rail net.minecraft.item.ItemBlock@25421809
[13:30:10] [Server thread/TRACE] [FML]:   Registry: 67 minecraft:stone_stairs net.minecraft.item.ItemBlock@714bffd5
[13:30:10] [Server thread/TRACE] [FML]:   Registry: 69 minecraft:lever net.minecraft.item.ItemBlock@6ac9b66b
[13:30:10] [Server thread/TRACE] [FML]:   Registry: 70 minecraft:stone_pressure_plate net.minecraft.item.ItemBlock@4491eaeb
[13:30:10] [Server thread/TRACE] [FML]:   Registry: 72 minecraft:wooden_pressure_plate net.minecraft.item.ItemBlock@71262020
[13:30:10] [Server thread/TRACE] [FML]:   Registry: 73 minecraft:redstone_ore net.minecraft.item.ItemBlock@5f3ddc86
[13:30:10] [Server thread/TRACE] [FML]:   Registry: 76 minecraft:redstone_torch net.minecraft.item.ItemBlock@78e043e4
[13:30:10] [Server thread/TRACE] [FML]:   Registry: 77 minecraft:stone_button net.minecraft.item.ItemBlock@336d28a1
[13:30:10] [Server thread/TRACE] [FML]:   Registry: 78 minecraft:snow_layer net.minecraft.item.ItemSnow@42e202d7
[13:30:10] [Server thread/TRACE] [FML]:   Registry: 79 minecraft:ice net.minecraft.item.ItemBlock@38e7860c
[13:30:10] [Server thread/TRACE] [FML]:   Registry: 80 minecraft:snow net.minecraft.item.ItemBlock@62158991
[13:30:10] [Server thread/TRACE] [FML]:   Registry: 81 minecraft:cactus net.minecraft.item.ItemBlock@40738846
[13:30:10] [Server thread/TRACE] [FML]:   Registry: 82 minecraft:clay net.minecraft.item.ItemBlock@1255de25
[13:30:10] [Server thread/TRACE] [FML]:   Registry: 84 minecraft:jukebox net.minecraft.item.ItemBlock@1686ed85
[13:30:10] [Server thread/TRACE] [FML]:   Registry: 85 minecraft:fence net.minecraft.item.ItemBlock@5891b7c5
[13:30:10] [Server thread/TRACE] [FML]:   Registry: 86 minecraft:pumpkin net.minecraft.item.ItemBlock@3221588e
[13:30:10] [Server thread/TRACE] [FML]:   Registry: 87 minecraft:netherrack net.minecraft.item.ItemBlock@51141f64
[13:30:10] [Server thread/TRACE] [FML]:   Registry: 88 minecraft:soul_sand net.minecraft.item.ItemBlock@32c0fecc
[13:30:10] [Server thread/TRACE] [FML]:   Registry: 89 minecraft:glowstone net.minecraft.item.ItemBlock@35ceec81
[13:30:10] [Server thread/TRACE] [FML]:   Registry: 91 minecraft:lit_pumpkin net.minecraft.item.ItemBlock@d13379e
[13:30:10] [Server thread/TRACE] [FML]:   Registry: 95 minecraft:stained_glass net.minecraft.item.ItemCloth@47b4ac83
[13:30:10] [Server thread/TRACE] [FML]:   Registry: 96 minecraft:trapdoor net.minecraft.item.ItemBlock@7c8df667
[13:30:10] [Server thread/TRACE] [FML]:   Registry: 97 minecraft:monster_egg net.minecraft.item.ItemMultiTexture@cf08c97
[13:30:10] [Server thread/TRACE] [FML]:   Registry: 98 minecraft:stonebrick net.minecraft.item.ItemMultiTexture@70697478
[13:30:10] [Server thread/TRACE] [FML]:   Registry: 99 minecraft:brown_mushroom_block net.minecraft.item.ItemBlock@42b43a6
[13:30:10] [Server thread/TRACE] [FML]:   Registry: 100 minecraft:red_mushroom_block net.minecraft.item.ItemBlock@1d622556
[13:30:10] [Server thread/TRACE] [FML]:   Registry: 101 minecraft:iron_bars net.minecraft.item.ItemBlock@4b9f7edc
[13:30:10] [Server thread/TRACE] [FML]:   Registry: 102 minecraft:glass_pane net.minecraft.item.ItemBlock@70ee1963
[13:30:10] [Server thread/TRACE] [FML]:   Registry: 103 minecraft:melon_block net.minecraft.item.ItemBlock@2e0652ab
[13:30:10] [Server thread/TRACE] [FML]:   Registry: 106 minecraft:vine net.minecraft.item.ItemColored@22c29aa8
[13:30:10] [Server thread/TRACE] [FML]:   Registry: 107 minecraft:fence_gate net.minecraft.item.ItemBlock@129b69b2
[13:30:10] [Server thread/TRACE] [FML]:   Registry: 108 minecraft:brick_stairs net.minecraft.item.ItemBlock@11bfd751
[13:30:10] [Server thread/TRACE] [FML]:   Registry: 109 minecraft:stone_brick_stairs net.minecraft.item.ItemBlock@29519337
[13:30:10] [Server thread/TRACE] [FML]:   Registry: 110 minecraft:mycelium net.minecraft.item.ItemBlock@2152fde5
[13:30:10] [Server thread/TRACE] [FML]:   Registry: 111 minecraft:waterlily net.minecraft.item.ItemLilyPad@32328dc4
[13:30:10] [Server thread/TRACE] [FML]:   Registry: 112 minecraft:nether_brick net.minecraft.item.ItemBlock@17df689e
[13:30:10] [Server thread/TRACE] [FML]:   Registry: 113 minecraft:nether_brick_fence net.minecraft.item.ItemBlock@21540255
[13:30:10] [Server thread/TRACE] [FML]:   Registry: 114 minecraft:nether_brick_stairs net.minecraft.item.ItemBlock@3a7469ca
[13:30:10] [Server thread/TRACE] [FML]:   Registry: 116 minecraft:enchanting_table net.minecraft.item.ItemBlock@1c8e8fed
[13:30:10] [Server thread/TRACE] [FML]:   Registry: 120 minecraft:end_portal_frame net.minecraft.item.ItemBlock@70f98f7a
[13:30:10] [Server thread/TRACE] [FML]:   Registry: 121 minecraft:end_stone net.minecraft.item.ItemBlock@713e7d9a
[13:30:10] [Server thread/TRACE] [FML]:   Registry: 122 minecraft:dragon_egg net.minecraft.item.ItemBlock@846b47
[13:30:10] [Server thread/TRACE] [FML]:   Registry: 123 minecraft:redstone_lamp net.minecraft.item.ItemBlock@3c3ab672
[13:30:10] [Server thread/TRACE] [FML]:   Registry: 126 minecraft:wooden_slab net.minecraft.item.ItemSlab@3e6acec2
[13:30:10] [Server thread/TRACE] [FML]:   Registry: 128 minecraft:sandstone_stairs net.minecraft.item.ItemBlock@3d764641
[13:30:10] [Server thread/TRACE] [FML]:   Registry: 129 minecraft:emerald_ore net.minecraft.item.ItemBlock@1e8bccfb
[13:30:10] [Server thread/TRACE] [FML]:   Registry: 130 minecraft:ender_chest net.minecraft.item.ItemBlock@77eb607e
[13:30:10] [Server thread/TRACE] [FML]:   Registry: 131 minecraft:tripwire_hook net.minecraft.item.ItemBlock@1f1fbc9f
[13:30:10] [Server thread/TRACE] [FML]:   Registry: 133 minecraft:emerald_block net.minecraft.item.ItemBlock@10d4b573
[13:30:10] [Server thread/TRACE] [FML]:   Registry: 134 minecraft:spruce_stairs net.minecraft.item.ItemBlock@50785f86
[13:30:10] [Server thread/TRACE] [FML]:   Registry: 135 minecraft:birch_stairs net.minecraft.item.ItemBlock@7c3c3d67
[13:30:10] [Server thread/TRACE] [FML]:   Registry: 136 minecraft:jungle_stairs net.minecraft.item.ItemBlock@1e258d3b
[13:30:10] [Server thread/TRACE] [FML]:   Registry: 137 minecraft:command_block net.minecraft.item.ItemBlock@2b6fcca1
[13:30:10] [Server thread/TRACE] [FML]:   Registry: 138 minecraft:beacon net.minecraft.item.ItemBlock@39f93225
[13:30:10] [Server thread/TRACE] [FML]:   Registry: 139 minecraft:cobblestone_wall net.minecraft.item.ItemMultiTexture@338a4c61
[13:30:10] [Server thread/TRACE] [FML]:   Registry: 143 minecraft:wooden_button net.minecraft.item.ItemBlock@839755f
[13:30:10] [Server thread/TRACE] [FML]:   Registry: 145 minecraft:anvil net.minecraft.item.ItemAnvilBlock@1b25d695
[13:30:10] [Server thread/TRACE] [FML]:   Registry: 146 minecraft:trapped_chest net.minecraft.item.ItemBlock@4ef8090b
[13:30:10] [Server thread/TRACE] [FML]:   Registry: 147 minecraft:light_weighted_pressure_plate net.minecraft.item.ItemBlock@6d31f14
[13:30:10] [Server thread/TRACE] [FML]:   Registry: 148 minecraft:heavy_weighted_pressure_plate net.minecraft.item.ItemBlock@404009df
[13:30:10] [Server thread/TRACE] [FML]:   Registry: 151 minecraft:daylight_detector net.minecraft.item.ItemBlock@75e4fe3c
[13:30:10] [Server thread/TRACE] [FML]:   Registry: 152 minecraft:redstone_block net.minecraft.item.ItemBlock@7bda01da
[13:30:10] [Server thread/TRACE] [FML]:   Registry: 153 minecraft:quartz_ore net.minecraft.item.ItemBlock@65ef9a0a
[13:30:10] [Server thread/TRACE] [FML]:   Registry: 154 minecraft:hopper net.minecraft.item.ItemBlock@25216999
[13:30:10] [Server thread/TRACE] [FML]:   Registry: 155 minecraft:quartz_block net.minecraft.item.ItemMultiTexture@77e6761f
[13:30:10] [Server thread/TRACE] [FML]:   Registry: 156 minecraft:quartz_stairs net.minecraft.item.ItemBlock@5c997de8
[13:30:10] [Server thread/TRACE] [FML]:   Registry: 157 minecraft:activator_rail net.minecraft.item.ItemBlock@45bf93bb
[13:30:10] [Server thread/TRACE] [FML]:   Registry: 158 minecraft:dropper net.minecraft.item.ItemBlock@6b7c4734
[13:30:10] [Server thread/TRACE] [FML]:   Registry: 159 minecraft:stained_hardened_clay net.minecraft.item.ItemCloth@2f6e92ca
[13:30:10] [Server thread/TRACE] [FML]:   Registry: 160 minecraft:stained_glass_pane net.minecraft.item.ItemCloth@351ede23
[13:30:10] [Server thread/TRACE] [FML]:   Registry: 161 minecraft:leaves2 net.minecraft.item.ItemLeaves@17befef0
[13:30:10] [Server thread/TRACE] [FML]:   Registry: 162 minecraft:log2 net.minecraft.item.ItemMultiTexture@5bb99d1d
[13:30:10] [Server thread/TRACE] [FML]:   Registry: 163 minecraft:acacia_stairs net.minecraft.item.ItemBlock@734cf881
[13:30:10] [Server thread/TRACE] [FML]:   Registry: 164 minecraft:dark_oak_stairs net.minecraft.item.ItemBlock@4a890fdd
[13:30:10] [Server thread/TRACE] [FML]:   Registry: 165 minecraft:slime net.minecraft.item.ItemBlock@56299b0e
[13:30:10] [Server thread/TRACE] [FML]:   Registry: 166 minecraft:barrier net.minecraft.item.ItemBlock@380fdcf2
[13:30:10] [Server thread/TRACE] [FML]:   Registry: 167 minecraft:iron_trapdoor net.minecraft.item.ItemBlock@114b203
[13:30:10] [Server thread/TRACE] [FML]:   Registry: 168 minecraft:prismarine net.minecraft.item.ItemMultiTexture@7c69e1e1
[13:30:10] [Server thread/TRACE] [FML]:   Registry: 169 minecraft:sea_lantern net.minecraft.item.ItemBlock@7b52b18a
[13:30:10] [Server thread/TRACE] [FML]:   Registry: 170 minecraft:hay_block net.minecraft.item.ItemBlock@8d810f2
[13:30:10] [Server thread/TRACE] [FML]:   Registry: 171 minecraft:carpet net.minecraft.item.ItemCloth@537b3be1
[13:30:10] [Server thread/TRACE] [FML]:   Registry: 172 minecraft:hardened_clay net.minecraft.item.ItemBlock@15d58530
[13:30:10] [Server thread/TRACE] [FML]:   Registry: 173 minecraft:coal_block net.minecraft.item.ItemBlock@31f5b923
[13:30:10] [Server thread/TRACE] [FML]:   Registry: 174 minecraft:packed_ice net.minecraft.item.ItemBlock@79e2606f
[13:30:10] [Server thread/TRACE] [FML]:   Registry: 175 minecraft:double_plant net.minecraft.item.ItemMultiTexture@1f68e4e8
[13:30:10] [Server thread/TRACE] [FML]:   Registry: 179 minecraft:red_sandstone net.minecraft.item.ItemMultiTexture@5788722f
[13:30:10] [Server thread/TRACE] [FML]:   Registry: 180 minecraft:red_sandstone_stairs net.minecraft.item.ItemBlock@7a730479
[13:30:10] [Server thread/TRACE] [FML]:   Registry: 182 minecraft:stone_slab2 net.minecraft.item.ItemSlab@1e5b33e5
[13:30:10] [Server thread/TRACE] [FML]:   Registry: 183 minecraft:spruce_fence_gate net.minecraft.item.ItemBlock@12be4f83
[13:30:10] [Server thread/TRACE] [FML]:   Registry: 184 minecraft:birch_fence_gate net.minecraft.item.ItemBlock@eb1d475
[13:30:10] [Server thread/TRACE] [FML]:   Registry: 185 minecraft:jungle_fence_gate net.minecraft.item.ItemBlock@389008d1
[13:30:10] [Server thread/TRACE] [FML]:   Registry: 186 minecraft:dark_oak_fence_gate net.minecraft.item.ItemBlock@718f3088
[13:30:10] [Server thread/TRACE] [FML]:   Registry: 187 minecraft:acacia_fence_gate net.minecraft.item.ItemBlock@11adab6d
[13:30:10] [Server thread/TRACE] [FML]:   Registry: 188 minecraft:spruce_fence net.minecraft.item.ItemBlock@4fc3529
[13:30:10] [Server thread/TRACE] [FML]:   Registry: 189 minecraft:birch_fence net.minecraft.item.ItemBlock@38e46765
[13:30:10] [Server thread/TRACE] [FML]:   Registry: 190 minecraft:jungle_fence net.minecraft.item.ItemBlock@192f5f39
[13:30:10] [Server thread/TRACE] [FML]:   Registry: 191 minecraft:dark_oak_fence net.minecraft.item.ItemBlock@4cd5fc46
[13:30:10] [Server thread/TRACE] [FML]:   Registry: 192 minecraft:acacia_fence net.minecraft.item.ItemBlock@2965dd88
[13:30:10] [Server thread/TRACE] [FML]:   Registry: 198 minecraft:end_rod net.minecraft.item.ItemBlock@6906be0f
[13:30:10] [Server thread/TRACE] [FML]:   Registry: 199 minecraft:chorus_plant net.minecraft.item.ItemBlock@7a62d697
[13:30:10] [Server thread/TRACE] [FML]:   Registry: 200 minecraft:chorus_flower net.minecraft.item.ItemBlock@edbc2bf
[13:30:10] [Server thread/TRACE] [FML]:   Registry: 201 minecraft:purpur_block net.minecraft.item.ItemBlock@3e01796a
[13:30:10] [Server thread/TRACE] [FML]:   Registry: 202 minecraft:purpur_pillar net.minecraft.item.ItemBlock@62ab5e63
[13:30:10] [Server thread/TRACE] [FML]:   Registry: 203 minecraft:purpur_stairs net.minecraft.item.ItemBlock@e91facf
[13:30:10] [Server thread/TRACE] [FML]:   Registry: 205 minecraft:purpur_slab net.minecraft.item.ItemSlab@5e8f0f98
[13:30:10] [Server thread/TRACE] [FML]:   Registry: 206 minecraft:end_bricks net.minecraft.item.ItemBlock@681d704e
[13:30:10] [Server thread/TRACE] [FML]:   Registry: 208 minecraft:grass_path net.minecraft.item.ItemBlock@3ca278bc
[13:30:10] [Server thread/TRACE] [FML]:   Registry: 210 minecraft:repeating_command_block net.minecraft.item.ItemBlock@654b899f
[13:30:10] [Server thread/TRACE] [FML]:   Registry: 211 minecraft:chain_command_block net.minecraft.item.ItemBlock@71468613
[13:30:10] [Server thread/TRACE] [FML]:   Registry: 213 minecraft:magma net.minecraft.item.ItemBlock@13f4048e
[13:30:10] [Server thread/TRACE] [FML]:   Registry: 214 minecraft:nether_wart_block net.minecraft.item.ItemBlock@5477d90e
[13:30:10] [Server thread/TRACE] [FML]:   Registry: 215 minecraft:red_nether_brick net.minecraft.item.ItemBlock@6dc9a56e
[13:30:10] [Server thread/TRACE] [FML]:   Registry: 216 minecraft:bone_block net.minecraft.item.ItemBlock@287ad0da
[13:30:10] [Server thread/TRACE] [FML]:   Registry: 217 minecraft:structure_void net.minecraft.item.ItemBlock@1b19712f
[13:30:10] [Server thread/TRACE] [FML]:   Registry: 218 minecraft:observer net.minecraft.item.ItemBlock@714c74eb
[13:30:10] [Server thread/TRACE] [FML]:   Registry: 219 minecraft:white_shulker_box net.minecraft.item.ItemShulkerBox@2f0cab82
[13:30:10] [Server thread/TRACE] [FML]:   Registry: 220 minecraft:orange_shulker_box net.minecraft.item.ItemShulkerBox@7fcc3745
[13:30:10] [Server thread/TRACE] [FML]:   Registry: 221 minecraft:magenta_shulker_box net.minecraft.item.ItemShulkerBox@6d35ff7b
[13:30:10] [Server thread/TRACE] [FML]:   Registry: 222 minecraft:light_blue_shulker_box net.minecraft.item.ItemShulkerBox@4ef31221
[13:30:10] [Server thread/TRACE] [FML]:   Registry: 223 minecraft:yellow_shulker_box net.minecraft.item.ItemShulkerBox@4e9e0c6
[13:30:10] [Server thread/TRACE] [FML]:   Registry: 224 minecraft:lime_shulker_box net.minecraft.item.ItemShulkerBox@1a819901
[13:30:10] [Server thread/TRACE] [FML]:   Registry: 225 minecraft:pink_shulker_box net.minecraft.item.ItemShulkerBox@588d630d
[13:30:10] [Server thread/TRACE] [FML]:   Registry: 226 minecraft:gray_shulker_box net.minecraft.item.ItemShulkerBox@eb91027
[13:30:10] [Server thread/TRACE] [FML]:   Registry: 227 minecraft:silver_shulker_box net.minecraft.item.ItemShulkerBox@459d2ee6
[13:30:10] [Server thread/TRACE] [FML]:   Registry: 228 minecraft:cyan_shulker_box net.minecraft.item.ItemShulkerBox@5342eec5
[13:30:10] [Server thread/TRACE] [FML]:   Registry: 229 minecraft:purple_shulker_box net.minecraft.item.ItemShulkerBox@60e47aab
[13:30:10] [Server thread/TRACE] [FML]:   Registry: 230 minecraft:blue_shulker_box net.minecraft.item.ItemShulkerBox@261a66b8
[13:30:10] [Server thread/TRACE] [FML]:   Registry: 231 minecraft:brown_shulker_box net.minecraft.item.ItemShulkerBox@adc8683
[13:30:10] [Server thread/TRACE] [FML]:   Registry: 232 minecraft:green_shulker_box net.minecraft.item.ItemShulkerBox@4eac65db
[13:30:10] [Server thread/TRACE] [FML]:   Registry: 233 minecraft:red_shulker_box net.minecraft.item.ItemShulkerBox@dde6f87
[13:30:10] [Server thread/TRACE] [FML]:   Registry: 234 minecraft:black_shulker_box net.minecraft.item.ItemShulkerBox@7884f722
[13:30:10] [Server thread/TRACE] [FML]:   Registry: 235 minecraft:white_glazed_terracotta net.minecraft.item.ItemBlock@16029e2f
[13:30:10] [Server thread/TRACE] [FML]:   Registry: 236 minecraft:orange_glazed_terracotta net.minecraft.item.ItemBlock@3b2db389
[13:30:10] [Server thread/TRACE] [FML]:   Registry: 237 minecraft:magenta_glazed_terracotta net.minecraft.item.ItemBlock@45f1413c
[13:30:10] [Server thread/TRACE] [FML]:   Registry: 238 minecraft:light_blue_glazed_terracotta net.minecraft.item.ItemBlock@1a139347
[13:30:10] [Server thread/TRACE] [FML]:   Registry: 239 minecraft:yellow_glazed_terracotta net.minecraft.item.ItemBlock@186295cc
[13:30:10] [Server thread/TRACE] [FML]:   Registry: 240 minecraft:lime_glazed_terracotta net.minecraft.item.ItemBlock@4e85dcb2
[13:30:10] [Server thread/TRACE] [FML]:   Registry: 241 minecraft:pink_glazed_terracotta net.minecraft.item.ItemBlock@1b28cff
[13:30:10] [Server thread/TRACE] [FML]:   Registry: 242 minecraft:gray_glazed_terracotta net.minecraft.item.ItemBlock@73dbe25
[13:30:10] [Server thread/TRACE] [FML]:   Registry: 243 minecraft:silver_glazed_terracotta net.minecraft.item.ItemBlock@bfd97fb
[13:30:10] [Server thread/TRACE] [FML]:   Registry: 244 minecraft:cyan_glazed_terracotta net.minecraft.item.ItemBlock@6bfdaa7a
[13:30:10] [Server thread/TRACE] [FML]:   Registry: 245 minecraft:purple_glazed_terracotta net.minecraft.item.ItemBlock@7e3d168e
[13:30:10] [Server thread/TRACE] [FML]:   Registry: 246 minecraft:blue_glazed_terracotta net.minecraft.item.ItemBlock@149b53fa
[13:30:10] [Server thread/TRACE] [FML]:   Registry: 247 minecraft:brown_glazed_terracotta net.minecraft.item.ItemBlock@73be4cdd
[13:30:10] [Server thread/TRACE] [FML]:   Registry: 248 minecraft:green_glazed_terracotta net.minecraft.item.ItemBlock@751686aa
[13:30:10] [Server thread/TRACE] [FML]:   Registry: 249 minecraft:red_glazed_terracotta net.minecraft.item.ItemBlock@638977e0
[13:30:10] [Server thread/TRACE] [FML]:   Registry: 250 minecraft:black_glazed_terracotta net.minecraft.item.ItemBlock@2dc3ece8
[13:30:10] [Server thread/TRACE] [FML]:   Registry: 251 minecraft:concrete net.minecraft.item.ItemCloth@2c1a8529
[13:30:10] [Server thread/TRACE] [FML]:   Registry: 252 minecraft:concrete_powder net.minecraft.item.ItemCloth@6d7865d6
[13:30:10] [Server thread/TRACE] [FML]:   Registry: 255 minecraft:structure_block net.minecraft.item.ItemBlock@45e639ee
[13:30:10] [Server thread/TRACE] [FML]:   Registry: 256 minecraft:iron_shovel net.minecraft.item.ItemSpade@55b62db8
[13:30:10] [Server thread/TRACE] [FML]:   Registry: 257 minecraft:iron_pickaxe net.minecraft.item.ItemPickaxe@3caa4d85
[13:30:10] [Server thread/TRACE] [FML]:   Registry: 258 minecraft:iron_axe net.minecraft.item.ItemAxe@51508029
[13:30:10] [Server thread/TRACE] [FML]:   Registry: 259 minecraft:flint_and_steel net.minecraft.item.ItemFlintAndSteel@76e00bdb
[13:30:10] [Server thread/TRACE] [FML]:   Registry: 260 minecraft:apple net.minecraft.item.ItemFood@76dc36e5
[13:30:10] [Server thread/TRACE] [FML]:   Registry: 261 minecraft:bow net.minecraft.item.ItemBow@40ac0a56
[13:30:10] [Server thread/TRACE] [FML]:   Registry: 262 minecraft:arrow net.minecraft.item.ItemArrow@c4551c6
[13:30:10] [Server thread/TRACE] [FML]:   Registry: 263 minecraft:coal net.minecraft.item.ItemCoal@528f5b7f
[13:30:10] [Server thread/TRACE] [FML]:   Registry: 264 minecraft:diamond net.minecraft.item.Item@3ccfac29
[13:30:10] [Server thread/TRACE] [FML]:   Registry: 265 minecraft:iron_ingot net.minecraft.item.Item@5c41b8d8
[13:30:10] [Server thread/TRACE] [FML]:   Registry: 266 minecraft:gold_ingot net.minecraft.item.Item@77ea960f
[13:30:10] [Server thread/TRACE] [FML]:   Registry: 267 minecraft:iron_sword net.minecraft.item.ItemSword@d512c1
[13:30:10] [Server thread/TRACE] [FML]:   Registry: 268 minecraft:wooden_sword net.minecraft.item.ItemSword@578b2dec
[13:30:10] [Server thread/TRACE] [FML]:   Registry: 269 minecraft:wooden_shovel net.minecraft.item.ItemSpade@66863941
[13:30:10] [Server thread/TRACE] [FML]:   Registry: 270 minecraft:wooden_pickaxe net.minecraft.item.ItemPickaxe@39f4a7c4
[13:30:10] [Server thread/TRACE] [FML]:   Registry: 271 minecraft:wooden_axe net.minecraft.item.ItemAxe@111fe921
[13:30:10] [Server thread/TRACE] [FML]:   Registry: 272 minecraft:stone_sword net.minecraft.item.ItemSword@1ff542a3
[13:30:10] [Server thread/TRACE] [FML]:   Registry: 273 minecraft:stone_shovel net.minecraft.item.ItemSpade@48ee3c2d
[13:30:10] [Server thread/TRACE] [FML]:   Registry: 274 minecraft:stone_pickaxe net.minecraft.item.ItemPickaxe@54387873
[13:30:10] [Server thread/TRACE] [FML]:   Registry: 275 minecraft:stone_axe net.minecraft.item.ItemAxe@3a80c534
[13:30:10] [Server thread/TRACE] [FML]:   Registry: 276 minecraft:diamond_sword net.minecraft.item.ItemSword@fd5689d
[13:30:10] [Server thread/TRACE] [FML]:   Registry: 277 minecraft:diamond_shovel net.minecraft.item.ItemSpade@36e3321e
[13:30:10] [Server thread/TRACE] [FML]:   Registry: 278 minecraft:diamond_pickaxe net.minecraft.item.ItemPickaxe@218f2f51
[13:30:10] [Server thread/TRACE] [FML]:   Registry: 279 minecraft:diamond_axe net.minecraft.item.ItemAxe@1d9af731
[13:30:10] [Server thread/TRACE] [FML]:   Registry: 280 minecraft:stick net.minecraft.item.Item@39afe59f
[13:30:10] [Server thread/TRACE] [FML]:   Registry: 281 minecraft:bowl net.minecraft.item.Item@16f34376
[13:30:10] [Server thread/TRACE] [FML]:   Registry: 282 minecraft:mushroom_stew net.minecraft.item.ItemSoup@70ecf57b
[13:30:10] [Server thread/TRACE] [FML]:   Registry: 283 minecraft:golden_sword net.minecraft.item.ItemSword@4e5364a3
[13:30:10] [Server thread/TRACE] [FML]:   Registry: 284 minecraft:golden_shovel net.minecraft.item.ItemSpade@1a336906
[13:30:10] [Server thread/TRACE] [FML]:   Registry: 285 minecraft:golden_pickaxe net.minecraft.item.ItemPickaxe@62054faf
[13:30:10] [Server thread/TRACE] [FML]:   Registry: 286 minecraft:golden_axe net.minecraft.item.ItemAxe@75d539b9
[13:30:10] [Server thread/TRACE] [FML]:   Registry: 287 minecraft:string net.minecraft.item.ItemBlockSpecial@24f177f5
[13:30:10] [Server thread/TRACE] [FML]:   Registry: 288 minecraft:feather net.minecraft.item.Item@65e05005
[13:30:10] [Server thread/TRACE] [FML]:   Registry: 289 minecraft:gunpowder net.minecraft.item.Item@6ed691fd
[13:30:10] [Server thread/TRACE] [FML]:   Registry: 290 minecraft:wooden_hoe net.minecraft.item.ItemHoe@77ce8bc5
[13:30:10] [Server thread/TRACE] [FML]:   Registry: 291 minecraft:stone_hoe net.minecraft.item.ItemHoe@2fcc5f49
[13:30:10] [Server thread/TRACE] [FML]:   Registry: 292 minecraft:iron_hoe net.minecraft.item.ItemHoe@28e48b65
[13:30:10] [Server thread/TRACE] [FML]:   Registry: 293 minecraft:diamond_hoe net.minecraft.item.ItemHoe@6cde0c69
[13:30:10] [Server thread/TRACE] [FML]:   Registry: 294 minecraft:golden_hoe net.minecraft.item.ItemHoe@6f4d2294
[13:30:10] [Server thread/TRACE] [FML]:   Registry: 295 minecraft:wheat_seeds net.minecraft.item.ItemSeeds@26aee0a6
[13:30:10] [Server thread/TRACE] [FML]:   Registry: 296 minecraft:wheat net.minecraft.item.Item@20184ade
[13:30:10] [Server thread/TRACE] [FML]:   Registry: 297 minecraft:bread net.minecraft.item.ItemFood@35fb3209
[13:30:10] [Server thread/TRACE] [FML]:   Registry: 298 minecraft:leather_helmet net.minecraft.item.ItemArmor@340b4f07
[13:30:10] [Server thread/TRACE] [FML]:   Registry: 299 minecraft:leather_chestplate net.minecraft.item.ItemArmor@e994ca
[13:30:10] [Server thread/TRACE] [FML]:   Registry: 300 minecraft:leather_leggings net.minecraft.item.ItemArmor@5a205ee5
[13:30:10] [Server thread/TRACE] [FML]:   Registry: 301 minecraft:leather_boots net.minecraft.item.ItemArmor@7fb44737
[13:30:10] [Server thread/TRACE] [FML]:   Registry: 302 minecraft:chainmail_helmet net.minecraft.item.ItemArmor@11295cb1
[13:30:10] [Server thread/TRACE] [FML]:   Registry: 303 minecraft:chainmail_chestplate net.minecraft.item.ItemArmor@5daad59a
[13:30:10] [Server thread/TRACE] [FML]:   Registry: 304 minecraft:chainmail_leggings net.minecraft.item.ItemArmor@5256fbc
[13:30:10] [Server thread/TRACE] [FML]:   Registry: 305 minecraft:chainmail_boots net.minecraft.item.ItemArmor@58f50dd0
[13:30:10] [Server thread/TRACE] [FML]:   Registry: 306 minecraft:iron_helmet net.minecraft.item.ItemArmor@3620eab
[13:30:10] [Server thread/TRACE] [FML]:   Registry: 307 minecraft:iron_chestplate net.minecraft.item.ItemArmor@8ef1d58
[13:30:10] [Server thread/TRACE] [FML]:   Registry: 308 minecraft:iron_leggings net.minecraft.item.ItemArmor@2619cb76
[13:30:10] [Server thread/TRACE] [FML]:   Registry: 309 minecraft:iron_boots net.minecraft.item.ItemArmor@56f2c9e8
[13:30:10] [Server thread/TRACE] [FML]:   Registry: 310 minecraft:diamond_helmet net.minecraft.item.ItemArmor@457692cb
[13:30:10] [Server thread/TRACE] [FML]:   Registry: 311 minecraft:diamond_chestplate net.minecraft.item.ItemArmor@350342e0
[13:30:10] [Server thread/TRACE] [FML]:   Registry: 312 minecraft:diamond_leggings net.minecraft.item.ItemArmor@5d297d4d
[13:30:10] [Server thread/TRACE] [FML]:   Registry: 313 minecraft:diamond_boots net.minecraft.item.ItemArmor@1dd44289
[13:30:10] [Server thread/TRACE] [FML]:   Registry: 314 minecraft:golden_helmet net.minecraft.item.ItemArmor@6cc56b32
[13:30:10] [Server thread/TRACE] [FML]:   Registry: 315 minecraft:golden_chestplate net.minecraft.item.ItemArmor@43fe2008
[13:30:10] [Server thread/TRACE] [FML]:   Registry: 316 minecraft:golden_leggings net.minecraft.item.ItemArmor@552bee2f
[13:30:10] [Server thread/TRACE] [FML]:   Registry: 317 minecraft:golden_boots net.minecraft.item.ItemArmor@6a543e09
[13:30:10] [Server thread/TRACE] [FML]:   Registry: 318 minecraft:flint net.minecraft.item.Item@2d0f548a
[13:30:10] [Server thread/TRACE] [FML]:   Registry: 319 minecraft:porkchop net.minecraft.item.ItemFood@1fc3df43
[13:30:10] [Server thread/TRACE] [FML]:   Registry: 320 minecraft:cooked_porkchop net.minecraft.item.ItemFood@15130002
[13:30:10] [Server thread/TRACE] [FML]:   Registry: 321 minecraft:painting net.minecraft.item.ItemHangingEntity@70592729
[13:30:10] [Server thread/TRACE] [FML]:   Registry: 322 minecraft:golden_apple net.minecraft.item.ItemAppleGold@54d60fa1
[13:30:10] [Server thread/TRACE] [FML]:   Registry: 323 minecraft:sign net.minecraft.item.ItemSign@57b711b6
[13:30:10] [Server thread/TRACE] [FML]:   Registry: 324 minecraft:wooden_door net.minecraft.item.ItemDoor@55881f40
[13:30:10] [Server thread/TRACE] [FML]:   Registry: 325 minecraft:bucket net.minecraft.item.ItemBucket@31082efa
[13:30:10] [Server thread/TRACE] [FML]:   Registry: 326 minecraft:water_bucket net.minecraft.item.ItemBucket@4ca5cb99
[13:30:10] [Server thread/TRACE] [FML]:   Registry: 327 minecraft:lava_bucket net.minecraft.item.ItemBucket@7853363c
[13:30:10] [Server thread/TRACE] [FML]:   Registry: 328 minecraft:minecart net.minecraft.item.ItemMinecart@1cdd31a4
[13:30:10] [Server thread/TRACE] [FML]:   Registry: 329 minecraft:saddle net.minecraft.item.ItemSaddle@68df8c6
[13:30:10] [Server thread/TRACE] [FML]:   Registry: 330 minecraft:iron_door net.minecraft.item.ItemDoor@7c206b14
[13:30:10] [Server thread/TRACE] [FML]:   Registry: 331 minecraft:redstone net.minecraft.item.ItemRedstone@79d14037
[13:30:10] [Server thread/TRACE] [FML]:   Registry: 332 minecraft:snowball net.minecraft.item.ItemSnowball@1c3d9e28
[13:30:10] [Server thread/TRACE] [FML]:   Registry: 333 minecraft:boat net.minecraft.item.ItemBoat@156ff70f
[13:30:10] [Server thread/TRACE] [FML]:   Registry: 334 minecraft:leather net.minecraft.item.Item@c5a2d5
[13:30:10] [Server thread/TRACE] [FML]:   Registry: 335 minecraft:milk_bucket net.minecraft.item.ItemBucketMilk@681311a7
[13:30:10] [Server thread/TRACE] [FML]:   Registry: 336 minecraft:brick net.minecraft.item.Item@2c7375da
[13:30:10] [Server thread/TRACE] [FML]:   Registry: 337 minecraft:clay_ball net.minecraft.item.Item@68c4db77
[13:30:10] [Server thread/TRACE] [FML]:   Registry: 338 minecraft:reeds net.minecraft.item.ItemBlockSpecial@775c4054
[13:30:10] [Server thread/TRACE] [FML]:   Registry: 339 minecraft:paper net.minecraft.item.Item@7b2e931
[13:30:10] [Server thread/TRACE] [FML]:   Registry: 340 minecraft:book net.minecraft.item.ItemBook@f08d676
[13:30:10] [Server thread/TRACE] [FML]:   Registry: 341 minecraft:slime_ball net.minecraft.item.Item@3eedd0e3
[13:30:10] [Server thread/TRACE] [FML]:   Registry: 342 minecraft:chest_minecart net.minecraft.item.ItemMinecart@478089b6
[13:30:10] [Server thread/TRACE] [FML]:   Registry: 343 minecraft:furnace_minecart net.minecraft.item.ItemMinecart@72f35a31
[13:30:10] [Server thread/TRACE] [FML]:   Registry: 344 minecraft:egg net.minecraft.item.ItemEgg@7a30e30b
[13:30:10] [Server thread/TRACE] [FML]:   Registry: 345 minecraft:compass net.minecraft.item.ItemCompass@5a583720
[13:30:10] [Server thread/TRACE] [FML]:   Registry: 346 minecraft:fishing_rod net.minecraft.item.ItemFishingRod@6ceb11f9
[13:30:10] [Server thread/TRACE] [FML]:   Registry: 347 minecraft:clock net.minecraft.item.ItemClock@1b4ba615
[13:30:10] [Server thread/TRACE] [FML]:   Registry: 348 minecraft:glowstone_dust net.minecraft.item.Item@4407b042
[13:30:10] [Server thread/TRACE] [FML]:   Registry: 349 minecraft:fish net.minecraft.item.ItemFishFood@77a9ac36
[13:30:10] [Server thread/TRACE] [FML]:   Registry: 350 minecraft:cooked_fish net.minecraft.item.ItemFishFood@3c743d40
[13:30:10] [Server thread/TRACE] [FML]:   Registry: 351 minecraft:dye net.minecraft.item.ItemDye@23bd2f6e
[13:30:10] [Server thread/TRACE] [FML]:   Registry: 352 minecraft:bone net.minecraft.item.Item@18e8eb59
[13:30:10] [Server thread/TRACE] [FML]:   Registry: 353 minecraft:sugar net.minecraft.item.Item@2430cf17
[13:30:10] [Server thread/TRACE] [FML]:   Registry: 354 minecraft:cake net.minecraft.item.ItemBlockSpecial@1e95f584
[13:30:10] [Server thread/TRACE] [FML]:   Registry: 355 minecraft:bed net.minecraft.item.ItemBed@76b05c0
[13:30:10] [Server thread/TRACE] [FML]:   Registry: 356 minecraft:repeater net.minecraft.item.ItemBlockSpecial@2b974137
[13:30:10] [Server thread/TRACE] [FML]:   Registry: 357 minecraft:cookie net.minecraft.item.ItemFood@7402c49f
[13:30:10] [Server thread/TRACE] [FML]:   Registry: 358 minecraft:filled_map net.minecraft.item.ItemMap@53fbb2b4
[13:30:10] [Server thread/TRACE] [FML]:   Registry: 359 minecraft:shears net.minecraft.item.ItemShears@d0a2c82
[13:30:10] [Server thread/TRACE] [FML]:   Registry: 360 minecraft:melon net.minecraft.item.ItemFood@430aae8e
[13:30:10] [Server thread/TRACE] [FML]:   Registry: 361 minecraft:pumpkin_seeds net.minecraft.item.ItemSeeds@78504ce9
[13:30:10] [Server thread/TRACE] [FML]:   Registry: 362 minecraft:melon_seeds net.minecraft.item.ItemSeeds@4e52d2f2
[13:30:10] [Server thread/TRACE] [FML]:   Registry: 363 minecraft:beef net.minecraft.item.ItemFood@12608986
[13:30:10] [Server thread/TRACE] [FML]:   Registry: 364 minecraft:cooked_beef net.minecraft.item.ItemFood@4882b9a
[13:30:10] [Server thread/TRACE] [FML]:   Registry: 365 minecraft:chicken net.minecraft.item.ItemFood@61d09475
[13:30:10] [Server thread/TRACE] [FML]:   Registry: 366 minecraft:cooked_chicken net.minecraft.item.ItemFood@d0fabc8
[13:30:10] [Server thread/TRACE] [FML]:   Registry: 367 minecraft:rotten_flesh net.minecraft.item.ItemFood@12d44a2a
[13:30:10] [Server thread/TRACE] [FML]:   Registry: 368 minecraft:ender_pearl net.minecraft.item.ItemEnderPearl@749ad37c
[13:30:10] [Server thread/TRACE] [FML]:   Registry: 369 minecraft:blaze_rod net.minecraft.item.Item@1b485c8b
[13:30:10] [Server thread/TRACE] [FML]:   Registry: 370 minecraft:ghast_tear net.minecraft.item.Item@59b98ad1
[13:30:10] [Server thread/TRACE] [FML]:   Registry: 371 minecraft:gold_nugget net.minecraft.item.Item@591e5fd4
[13:30:10] [Server thread/TRACE] [FML]:   Registry: 372 minecraft:nether_wart net.minecraft.item.ItemSeeds@7bbd76b8
[13:30:10] [Server thread/TRACE] [FML]:   Registry: 373 minecraft:potion net.minecraft.item.ItemPotion@37b238da
[13:30:10] [Server thread/TRACE] [FML]:   Registry: 374 minecraft:glass_bottle net.minecraft.item.ItemGlassBottle@1b317e7d
[13:30:10] [Server thread/TRACE] [FML]:   Registry: 375 minecraft:spider_eye net.minecraft.item.ItemFood@1bb4c431
[13:30:10] [Server thread/TRACE] [FML]:   Registry: 376 minecraft:fermented_spider_eye net.minecraft.item.Item@4fd3b20a
[13:30:10] [Server thread/TRACE] [FML]:   Registry: 377 minecraft:blaze_powder net.minecraft.item.Item@295d54d6
[13:30:10] [Server thread/TRACE] [FML]:   Registry: 378 minecraft:magma_cream net.minecraft.item.Item@398f0516
[13:30:10] [Server thread/TRACE] [FML]:   Registry: 379 minecraft:brewing_stand net.minecraft.item.ItemBlockSpecial@4a7db5a
[13:30:10] [Server thread/TRACE] [FML]:   Registry: 380 minecraft:cauldron net.minecraft.item.ItemBlockSpecial@56b66a26
[13:30:10] [Server thread/TRACE] [FML]:   Registry: 381 minecraft:ender_eye net.minecraft.item.ItemEnderEye@acd3460
[13:30:10] [Server thread/TRACE] [FML]:   Registry: 382 minecraft:speckled_melon net.minecraft.item.Item@3ea9a091
[13:30:10] [Server thread/TRACE] [FML]:   Registry: 383 minecraft:spawn_egg net.minecraft.item.ItemMonsterPlacer@543da15
[13:30:10] [Server thread/TRACE] [FML]:   Registry: 384 minecraft:experience_bottle net.minecraft.item.ItemExpBottle@69de72ec
[13:30:10] [Server thread/TRACE] [FML]:   Registry: 385 minecraft:fire_charge net.minecraft.item.ItemFireball@236b4a44
[13:30:10] [Server thread/TRACE] [FML]:   Registry: 386 minecraft:writable_book net.minecraft.item.ItemWritableBook@4213bc3e
[13:30:10] [Server thread/TRACE] [FML]:   Registry: 387 minecraft:written_book net.minecraft.item.ItemWrittenBook@773f3360
[13:30:10] [Server thread/TRACE] [FML]:   Registry: 388 minecraft:emerald net.minecraft.item.Item@352c3d70
[13:30:10] [Server thread/TRACE] [FML]:   Registry: 389 minecraft:item_frame net.minecraft.item.ItemHangingEntity@4c13ca07
[13:30:10] [Server thread/TRACE] [FML]:   Registry: 390 minecraft:flower_pot net.minecraft.item.ItemBlockSpecial@7d17906
[13:30:10] [Server thread/TRACE] [FML]:   Registry: 391 minecraft:carrot net.minecraft.item.ItemSeedFood@5534e6f1
[13:30:10] [Server thread/TRACE] [FML]:   Registry: 392 minecraft:potato net.minecraft.item.ItemSeedFood@4c6fc3e7
[13:30:10] [Server thread/TRACE] [FML]:   Registry: 393 minecraft:baked_potato net.minecraft.item.ItemFood@aa8dce8
[13:30:10] [Server thread/TRACE] [FML]:   Registry: 394 minecraft:poisonous_potato net.minecraft.item.ItemFood@6ad112de
[13:30:10] [Server thread/TRACE] [FML]:   Registry: 395 minecraft:map net.minecraft.item.ItemEmptyMap@1f6f0fe2
[13:30:10] [Server thread/TRACE] [FML]:   Registry: 396 minecraft:golden_carrot net.minecraft.item.ItemFood@22604c7e
[13:30:10] [Server thread/TRACE] [FML]:   Registry: 397 minecraft:skull net.minecraft.item.ItemSkull@1e4d8770
[13:30:10] [Server thread/TRACE] [FML]:   Registry: 398 minecraft:carrot_on_a_stick net.minecraft.item.ItemCarrotOnAStick@13404f75
[13:30:10] [Server thread/TRACE] [FML]:   Registry: 399 minecraft:nether_star net.minecraft.item.ItemSimpleFoiled@8aa5ab4
[13:30:10] [Server thread/TRACE] [FML]:   Registry: 400 minecraft:pumpkin_pie net.minecraft.item.ItemFood@53e4a19e
[13:30:10] [Server thread/TRACE] [FML]:   Registry: 401 minecraft:fireworks net.minecraft.item.ItemFirework@7a7f9d45
[13:30:10] [Server thread/TRACE] [FML]:   Registry: 402 minecraft:firework_charge net.minecraft.item.ItemFireworkCharge@1fc5c0b2
[13:30:10] [Server thread/TRACE] [FML]:   Registry: 403 minecraft:enchanted_book net.minecraft.item.ItemEnchantedBook@47b961e2
[13:30:10] [Server thread/TRACE] [FML]:   Registry: 404 minecraft:comparator net.minecraft.item.ItemBlockSpecial@d2cb2d0
[13:30:10] [Server thread/TRACE] [FML]:   Registry: 405 minecraft:netherbrick net.minecraft.item.Item@2d230cff
[13:30:10] [Server thread/TRACE] [FML]:   Registry: 406 minecraft:quartz net.minecraft.item.Item@30bd39d5
[13:30:10] [Server thread/TRACE] [FML]:   Registry: 407 minecraft:tnt_minecart net.minecraft.item.ItemMinecart@3c87e851
[13:30:10] [Server thread/TRACE] [FML]:   Registry: 408 minecraft:hopper_minecart net.minecraft.item.ItemMinecart@54556723
[13:30:10] [Server thread/TRACE] [FML]:   Registry: 409 minecraft:prismarine_shard net.minecraft.item.Item@6124dda2
[13:30:10] [Server thread/TRACE] [FML]:   Registry: 410 minecraft:prismarine_crystals net.minecraft.item.Item@380e33c2
[13:30:10] [Server thread/TRACE] [FML]:   Registry: 411 minecraft:rabbit net.minecraft.item.ItemFood@3bc891f2
[13:30:10] [Server thread/TRACE] [FML]:   Registry: 412 minecraft:cooked_rabbit net.minecraft.item.ItemFood@445b85d7
[13:30:10] [Server thread/TRACE] [FML]:   Registry: 413 minecraft:rabbit_stew net.minecraft.item.ItemSoup@3d59933
[13:30:10] [Server thread/TRACE] [FML]:   Registry: 414 minecraft:rabbit_foot net.minecraft.item.Item@4a0c3aa8
[13:30:10] [Server thread/TRACE] [FML]:   Registry: 415 minecraft:rabbit_hide net.minecraft.item.Item@3534651a
[13:30:10] [Server thread/TRACE] [FML]:   Registry: 416 minecraft:armor_stand net.minecraft.item.ItemArmorStand@4bff28e7
[13:30:10] [Server thread/TRACE] [FML]:   Registry: 417 minecraft:iron_horse_armor net.minecraft.item.Item@39e7e040
[13:30:10] [Server thread/TRACE] [FML]:   Registry: 418 minecraft:golden_horse_armor net.minecraft.item.Item@2591d23a
[13:30:10] [Server thread/TRACE] [FML]:   Registry: 419 minecraft:diamond_horse_armor net.minecraft.item.Item@6c1f15df
[13:30:10] [Server thread/TRACE] [FML]:   Registry: 420 minecraft:lead net.minecraft.item.ItemLead@47ffdbba
[13:30:10] [Server thread/TRACE] [FML]:   Registry: 421 minecraft:name_tag net.minecraft.item.ItemNameTag@420b55ed
[13:30:10] [Server thread/TRACE] [FML]:   Registry: 422 minecraft:command_block_minecart net.minecraft.item.ItemMinecart@f237ae7
[13:30:10] [Server thread/TRACE] [FML]:   Registry: 423 minecraft:mutton net.minecraft.item.ItemFood@42edde25
[13:30:10] [Server thread/TRACE] [FML]:   Registry: 424 minecraft:cooked_mutton net.minecraft.item.ItemFood@6fe5da76
[13:30:10] [Server thread/TRACE] [FML]:   Registry: 425 minecraft:banner net.minecraft.item.ItemBanner@33e8e146
[13:30:10] [Server thread/TRACE] [FML]:   Registry: 426 minecraft:end_crystal net.minecraft.item.ItemEndCrystal@66048ac4
[13:30:10] [Server thread/TRACE] [FML]:   Registry: 427 minecraft:spruce_door net.minecraft.item.ItemDoor@4f525e13
[13:30:10] [Server thread/TRACE] [FML]:   Registry: 428 minecraft:birch_door net.minecraft.item.ItemDoor@5d404a3c
[13:30:10] [Server thread/TRACE] [FML]:   Registry: 429 minecraft:jungle_door net.minecraft.item.ItemDoor@af9dd34
[13:30:10] [Server thread/TRACE] [FML]:   Registry: 430 minecraft:acacia_door net.minecraft.item.ItemDoor@48692405
[13:30:10] [Server thread/TRACE] [FML]:   Registry: 431 minecraft:dark_oak_door net.minecraft.item.ItemDoor@151659dd
[13:30:10] [Server thread/TRACE] [FML]:   Registry: 432 minecraft:chorus_fruit net.minecraft.item.ItemChorusFruit@25e95af1
[13:30:10] [Server thread/TRACE] [FML]:   Registry: 433 minecraft:chorus_fruit_popped net.minecraft.item.Item@4fa8297b
[13:30:10] [Server thread/TRACE] [FML]:   Registry: 434 minecraft:beetroot net.minecraft.item.ItemFood@6644bdf5
[13:30:10] [Server thread/TRACE] [FML]:   Registry: 435 minecraft:beetroot_seeds net.minecraft.item.ItemSeeds@13cf5f8a
[13:30:10] [Server thread/TRACE] [FML]:   Registry: 436 minecraft:beetroot_soup net.minecraft.item.ItemSoup@7c9ea1d0
[13:30:10] [Server thread/TRACE] [FML]:   Registry: 437 minecraft:dragon_breath net.minecraft.item.Item@72f3acc9
[13:30:10] [Server thread/TRACE] [FML]:   Registry: 438 minecraft:splash_potion net.minecraft.item.ItemSplashPotion@3a8b9458
[13:30:10] [Server thread/TRACE] [FML]:   Registry: 439 minecraft:spectral_arrow net.minecraft.item.ItemSpectralArrow@78bd02c8
[13:30:10] [Server thread/TRACE] [FML]:   Registry: 440 minecraft:tipped_arrow net.minecraft.item.ItemTippedArrow@69f3e556
[13:30:10] [Server thread/TRACE] [FML]:   Registry: 441 minecraft:lingering_potion net.minecraft.item.ItemLingeringPotion@77f4038c
[13:30:10] [Server thread/TRACE] [FML]:   Registry: 442 minecraft:shield net.minecraft.item.ItemShield@71668a67
[13:30:10] [Server thread/TRACE] [FML]:   Registry: 443 minecraft:elytra net.minecraft.item.ItemElytra@5b6cc344
[13:30:10] [Server thread/TRACE] [FML]:   Registry: 444 minecraft:spruce_boat net.minecraft.item.ItemBoat@2110684a
[13:30:10] [Server thread/TRACE] [FML]:   Registry: 445 minecraft:birch_boat net.minecraft.item.ItemBoat@83e635f
[13:30:10] [Server thread/TRACE] [FML]:   Registry: 446 minecraft:jungle_boat net.minecraft.item.ItemBoat@61d011e
[13:30:10] [Server thread/TRACE] [FML]:   Registry: 447 minecraft:acacia_boat net.minecraft.item.ItemBoat@3b56947a
[13:30:10] [Server thread/TRACE] [FML]:   Registry: 448 minecraft:dark_oak_boat net.minecraft.item.ItemBoat@1926f962
[13:30:10] [Server thread/TRACE] [FML]:   Registry: 449 minecraft:totem_of_undying net.minecraft.item.Item@62794582
[13:30:10] [Server thread/TRACE] [FML]:   Registry: 450 minecraft:shulker_shell net.minecraft.item.Item@c82ad22
[13:30:10] [Server thread/TRACE] [FML]:   Registry: 452 minecraft:iron_nugget net.minecraft.item.Item@3f80d8c
[13:30:10] [Server thread/TRACE] [FML]:   Registry: 453 minecraft:knowledge_book net.minecraft.item.ItemKnowledgeBook@2a661215
[13:30:10] [Server thread/TRACE] [FML]:   Registry: 2256 minecraft:record_13 net.minecraft.item.ItemRecord@49cceb19
[13:30:10] [Server thread/TRACE] [FML]:   Registry: 2257 minecraft:record_cat net.minecraft.item.ItemRecord@197d5a87
[13:30:10] [Server thread/TRACE] [FML]:   Registry: 2258 minecraft:record_blocks net.minecraft.item.ItemRecord@131d977f
[13:30:10] [Server thread/TRACE] [FML]:   Registry: 2259 minecraft:record_chirp net.minecraft.item.ItemRecord@616f81b5
[13:30:10] [Server thread/TRACE] [FML]:   Registry: 2260 minecraft:record_far net.minecraft.item.ItemRecord@4f552aa2
[13:30:10] [Server thread/TRACE] [FML]:   Registry: 2261 minecraft:record_mall net.minecraft.item.ItemRecord@3c8fe8ad
[13:30:10] [Server thread/TRACE] [FML]:   Registry: 2262 minecraft:record_mellohi net.minecraft.item.ItemRecord@43d6262c
[13:30:10] [Server thread/TRACE] [FML]:   Registry: 2263 minecraft:record_stal net.minecraft.item.ItemRecord@5e2975ca
[13:30:10] [Server thread/TRACE] [FML]:   Registry: 2264 minecraft:record_strad net.minecraft.item.ItemRecord@38cf4497
[13:30:10] [Server thread/TRACE] [FML]:   Registry: 2265 minecraft:record_ward net.minecraft.item.ItemRecord@7b4619a3
[13:30:10] [Server thread/TRACE] [FML]:   Registry: 2266 minecraft:record_11 net.minecraft.item.ItemRecord@9d3a7a1
[13:30:10] [Server thread/TRACE] [FML]:   Registry: 2267 minecraft:record_wait net.minecraft.item.ItemRecord@1c411474
[13:30:10] [Server thread/TRACE] [FML]:   Registry: 4096 adversity:sanctuary_altar net.minecraft.item.ItemBlock@12e0e4a9
[13:30:10] [Server thread/TRACE] [FML]:   Registry: 4097 adversity:sanctuary_core net.minecraft.item.ItemBlock@19019811
[13:30:10] [Server thread/TRACE] [FML]:   Registry: 4098 adversity:sanctuary_stone net.minecraft.item.ItemBlock@5639a80c
[13:30:10] [Server thread/TRACE] [FML]:   Registry: 4099 adversity:calm_dust com.adversity.item.ItemCalmDust@3e55565b
[13:30:10] [Server thread/TRACE] [FML]:   Registry: 4100 adversity:difficulty_detector com.adversity.item.ItemDifficultyDetector@c792044
[13:30:10] [Server thread/TRACE] [FML]:   Registry: 4101 adversity:sealed_token com.adversity.item.ItemSealedToken@73d9f2b2
[13:30:10] [Server thread/TRACE] [FML]:   Registry: 4102 adversity:affix_guide com.adversity.item.ItemAffixGuide@335c77fe
[13:30:10] [Server thread/TRACE] [FML]:   Registry: 4103 adversity:affix_lens com.adversity.item.ItemAffixLens@272f0840
[13:30:10] [Server thread/TRACE] [FML]:   Registry: 4104 adversity:redemption_tear com.adversity.item.ItemRedemptionTear@621177e1
[13:30:10] [Server thread/TRACE] [FML]:   Registry: 4105 adversity:redemption_heart com.adversity.item.ItemRedemptionHeart@5e615573
[13:30:10] [Server thread/TRACE] [FML]:   Registry: 4106 adversity:redemption_key com.adversity.item.ItemRedemptionKey@ed23ac6
[13:30:10] [Server thread/TRACE] [FML]:   Registry: 4107 adversity:entropy com.adversity.item.ItemEntropy@51e05e54
[13:30:10] [Server thread/TRACE] [FML]:   Registry: 4108 adversity:soul_chain com.adversity.item.bauble.ItemSoulChain@38a785f6
[13:30:10] [Server thread/TRACE] [FML]:   Registry: 4109 adversity:spatial_anchor com.adversity.item.bauble.ItemSpatialAnchor@6c39955c
[13:30:10] [Server thread/TRACE] [FML]:   Registry: 4110 adversity:enchant_guardian com.adversity.item.bauble.ItemEnchantGuardian@73a28617
[13:30:10] [Server thread/TRACE] [FML]:   Registry: 4111 adversity:flame_ward com.adversity.item.bauble.ItemFlameWard@20e364c9
[13:30:10] [Server thread/TRACE] [FML]:   Registry: 4112 adversity:frost_ward com.adversity.item.bauble.ItemFrostWard@24efdd16
[13:30:10] [Server thread/TRACE] [FML]:   Registry: 4113 adversity:corrosion_bane com.adversity.item.bauble.ItemCorrosionBane@45c2fa2
[13:30:10] [Server thread/TRACE] [FML]:   Registry: 4114 adversity:guardian_heart com.adversity.item.bauble.ItemGuardianHeart@63a99300
[13:30:10] [Server thread/TRACE] [FML]:   Registry: 4115 adversity:anchor_stone com.adversity.item.bauble.ItemAnchorStone@58576690
[13:30:10] [Server thread/TRACE] [FML]:   Registry: 4116 adversity:clarity_lens com.adversity.item.bauble.ItemClarityLens@28a17e1
[13:30:10] [Server thread/TRACE] [FML]:   Registry: 4117 adversity:courage_charm com.adversity.item.bauble.ItemCourageCharm@67ce092d
[13:30:10] [Server thread/TRACE] [FML]:   Registry: 4118 adversity:void_heart com.adversity.item.bauble.ItemVoidHeart@4850a747
[13:30:10] [Server thread/TRACE] [FML]:   Registry: 4119 adversity:bloodrage_emblem com.adversity.item.bauble.ItemBloodrageEmblem@2b503b3b
[13:30:10] [Server thread/TRACE] [FML]:   Registry: 4120 adversity:temporal_watch com.adversity.item.bauble.ItemTemporalWatch@793704af
[13:30:10] [Server thread/TRACE] [FML]:   Registry: 4121 adversity:phantom_cloak com.adversity.item.bauble.ItemPhantomCloak@6ea7fdc5
[13:30:10] [Server thread/TRACE] [FML]:   Registry: 4122 adversity:thunder_ring com.adversity.item.bauble.ItemThunderRing@238015c9
[13:30:10] [Server thread/TRACE] [FML]:   Registry: 4123 adversity:aegis_medal com.adversity.item.bauble.ItemAegisMedal@9236b61
[13:30:10] [Server thread/TRACE] [FML]:   Registry: 4124 adversity:purify_badge com.adversity.item.bauble.ItemPurifyBadge@48701496
[13:30:10] [Server thread/TRACE] [FML]:   Registry: 4125 adversity:armor_pierce com.adversity.item.bauble.ItemArmorPierce@19e89188
[13:30:10] [Server thread/TRACE] [FML]:   Registry: 4126 adversity:anchor_heart com.adversity.item.bauble.ItemAnchorHeart@3a65e121
[13:30:10] [Server thread/TRACE] [FML]:   Registry: 4127 adversity:barrier_ward com.adversity.item.bauble.ItemBarrierWard@288fed6f
[13:30:10] [Server thread/TRACE] [FML]:   Registry: 4128 adversity:wither_mark com.adversity.item.bauble.ItemWitherMark@6013984c
[13:30:10] [Server thread/TRACE] [FML]:   Registry: 4129 adversity:true_crystal com.adversity.item.bauble.ItemTrueCrystal@3d2a2117
[13:30:10] [Server thread/TRACE] [FML]:   Registry: 4130 adversity:guardian_soul com.adversity.item.bauble.ItemGuardianSoul@28d3a37a
[13:30:10] [Server thread/TRACE] [FML]:   Registry: 4131 adversity:sanctuary_compass com.adversity.item.ItemSanctuaryCompass@7f60c79a
[13:30:10] [Server thread/TRACE] [FML]:   Registry: 4132 adversity:balance_charm com.adversity.item.bauble.ItemBalanceCharm@34df1c2
[13:30:10] [Server thread/TRACE] [FML]:   Registry: 4133 adversity:immunity_badge com.adversity.item.bauble.ItemImmunityBadge@6f034a25
[13:30:10] [Server thread/TRACE] [FML]:   Registry: 4134 adversity:memory_crystal com.adversity.item.bauble.ItemMemoryCrystal@5afefccc
[13:30:10] [Server thread/TRACE] [FML]:   Registry: 4135 adversity:soul_seal_dust com.adversity.item.bauble.ItemSoulSealDust@235bbc1e
[13:30:10] [Server thread/TRACE] [FML]:   Registry: 4136 adversity:light_amulet com.adversity.item.bauble.ItemLightAmulet@4ff48a56
[13:30:10] [Server thread/TRACE] [FML]:   Registry: 4137 adversity:affix_essence com.adversity.item.ItemAffixEssence@3ad3a3ef
[13:30:10] [Server thread/TRACE] [FML]:   Registry: 4138 adversity:affix_crystal com.adversity.item.ItemAffixCrystal@176630e5
[13:30:10] [Server thread/TRACE] [FML]:   Registry: 4139 adversity:void_shard com.adversity.item.ItemVoidShard@69a3c55b
[13:30:10] [Server thread/TRACE] [FML]:   Registry: 4140 adversity:enchant_gating_tool com.adversity.item.ItemEnchantGatingTool@26e5403
[13:30:10] [Server thread/TRACE] [FML]:   Registry: 4141 baubles:ring baubles.common.items.ItemRing@2585437a
[13:30:10] [Server thread/TRACE] [FML]: Registry Name : minecraft:potions
[13:30:10] [Server thread/TRACE] [FML]:   Registry: 0 adversity:negative_immunity com.adversity.potion.PotionNegativeImmunity@7993ec00
[13:30:10] [Server thread/TRACE] [FML]:   Registry: 1 minecraft:speed net.minecraft.potion.Potion@45424c0
[13:30:10] [Server thread/TRACE] [FML]:   Registry: 2 minecraft:slowness net.minecraft.potion.Potion@22ae32ba
[13:30:10] [Server thread/TRACE] [FML]:   Registry: 3 minecraft:haste net.minecraft.potion.Potion@b8b2184
[13:30:10] [Server thread/TRACE] [FML]:   Registry: 4 minecraft:mining_fatigue net.minecraft.potion.Potion@299a43d9
[13:30:10] [Server thread/TRACE] [FML]:   Registry: 5 minecraft:strength net.minecraft.potion.PotionAttackDamage@12a6e8ed
[13:30:10] [Server thread/TRACE] [FML]:   Registry: 6 minecraft:instant_health net.minecraft.potion.PotionHealth@3c7d8a4
[13:30:10] [Server thread/TRACE] [FML]:   Registry: 7 minecraft:instant_damage net.minecraft.potion.PotionHealth@5996d6f2
[13:30:10] [Server thread/TRACE] [FML]:   Registry: 8 minecraft:jump_boost net.minecraft.potion.Potion@43423d40
[13:30:10] [Server thread/TRACE] [FML]:   Registry: 9 minecraft:nausea net.minecraft.potion.Potion@5f3f57ff
[13:30:10] [Server thread/TRACE] [FML]:   Registry: 10 minecraft:regeneration net.minecraft.potion.Potion@6200b644
[13:30:10] [Server thread/TRACE] [FML]:   Registry: 11 minecraft:resistance net.minecraft.potion.Potion@d4ecdb0
[13:30:10] [Server thread/TRACE] [FML]:   Registry: 12 minecraft:fire_resistance net.minecraft.potion.Potion@5fb44964
[13:30:10] [Server thread/TRACE] [FML]:   Registry: 13 minecraft:water_breathing net.minecraft.potion.Potion@7a117dc2
[13:30:10] [Server thread/TRACE] [FML]:   Registry: 14 minecraft:invisibility net.minecraft.potion.Potion@1d444652
[13:30:10] [Server thread/TRACE] [FML]:   Registry: 15 minecraft:blindness net.minecraft.potion.Potion@669c2b07
[13:30:10] [Server thread/TRACE] [FML]:   Registry: 16 minecraft:night_vision net.minecraft.potion.Potion@1b1ea1d9
[13:30:10] [Server thread/TRACE] [FML]:   Registry: 17 minecraft:hunger net.minecraft.potion.Potion@6a902015
[13:30:10] [Server thread/TRACE] [FML]:   Registry: 18 minecraft:weakness net.minecraft.potion.PotionAttackDamage@55d99dc3
[13:30:10] [Server thread/TRACE] [FML]:   Registry: 19 minecraft:poison net.minecraft.potion.Potion@521a506c
[13:30:10] [Server thread/TRACE] [FML]:   Registry: 20 minecraft:wither net.minecraft.potion.Potion@3c64339f
[13:30:10] [Server thread/TRACE] [FML]:   Registry: 21 minecraft:health_boost net.minecraft.potion.PotionHealthBoost@7d18338b
[13:30:10] [Server thread/TRACE] [FML]:   Registry: 22 minecraft:absorption net.minecraft.potion.PotionAbsorption@5bd3ca3c
[13:30:10] [Server thread/TRACE] [FML]:   Registry: 23 minecraft:saturation net.minecraft.potion.PotionHealth@2dd8a273
[13:30:10] [Server thread/TRACE] [FML]:   Registry: 24 minecraft:glowing net.minecraft.potion.Potion@59f76e56
[13:30:10] [Server thread/TRACE] [FML]:   Registry: 25 minecraft:levitation net.minecraft.potion.Potion@566f4659
[13:30:10] [Server thread/TRACE] [FML]:   Registry: 26 minecraft:luck net.minecraft.potion.Potion@1328f482
[13:30:10] [Server thread/TRACE] [FML]:   Registry: 27 minecraft:unluck net.minecraft.potion.Potion@7b8b07ae
[13:30:10] [Server thread/TRACE] [FML]: Registry Name : minecraft:biomes
[13:30:10] [Server thread/TRACE] [FML]:   Registry: 0 minecraft:ocean net.minecraft.world.biome.BiomeOcean@33373f70
[13:30:10] [Server thread/TRACE] [FML]:   Registry: 1 minecraft:plains net.minecraft.world.biome.BiomePlains@44d84313
[13:30:10] [Server thread/TRACE] [FML]:   Registry: 2 minecraft:desert net.minecraft.world.biome.BiomeDesert@511de4dd
[13:30:10] [Server thread/TRACE] [FML]:   Registry: 3 minecraft:extreme_hills net.minecraft.world.biome.BiomeHills@696298ea
[13:30:10] [Server thread/TRACE] [FML]:   Registry: 4 minecraft:forest net.minecraft.world.biome.BiomeForest@7f41d979
[13:30:10] [Server thread/TRACE] [FML]:   Registry: 5 minecraft:taiga net.minecraft.world.biome.BiomeTaiga@464d5365
[13:30:10] [Server thread/TRACE] [FML]:   Registry: 6 minecraft:swampland net.minecraft.world.biome.BiomeSwamp@2cacd55e
[13:30:10] [Server thread/TRACE] [FML]:   Registry: 7 minecraft:river net.minecraft.world.biome.BiomeRiver@7535f28
[13:30:10] [Server thread/TRACE] [FML]:   Registry: 8 minecraft:hell net.minecraft.world.biome.BiomeHell@121dce2
[13:30:10] [Server thread/TRACE] [FML]:   Registry: 9 minecraft:sky net.minecraft.world.biome.BiomeEnd@1786150f
[13:30:10] [Server thread/TRACE] [FML]:   Registry: 10 minecraft:frozen_ocean net.minecraft.world.biome.BiomeOcean@bd28c86
[13:30:10] [Server thread/TRACE] [FML]:   Registry: 11 minecraft:frozen_river net.minecraft.world.biome.BiomeRiver@3ef089ce
[13:30:10] [Server thread/TRACE] [FML]:   Registry: 12 minecraft:ice_flats net.minecraft.world.biome.BiomeSnow@44864ebe
[13:30:10] [Server thread/TRACE] [FML]:   Registry: 13 minecraft:ice_mountains net.minecraft.world.biome.BiomeSnow@5f803481
[13:30:10] [Server thread/TRACE] [FML]:   Registry: 14 minecraft:mushroom_island net.minecraft.world.biome.BiomeMushroomIsland@5383bf08
[13:30:10] [Server thread/TRACE] [FML]:   Registry: 15 minecraft:mushroom_island_shore net.minecraft.world.biome.BiomeMushroomIsland@2586e878
[13:30:10] [Server thread/TRACE] [FML]:   Registry: 16 minecraft:beaches net.minecraft.world.biome.BiomeBeach@404dc999
[13:30:10] [Server thread/TRACE] [FML]:   Registry: 17 minecraft:desert_hills net.minecraft.world.biome.BiomeDesert@ef85567
[13:30:10] [Server thread/TRACE] [FML]:   Registry: 18 minecraft:forest_hills net.minecraft.world.biome.BiomeForest@1c2fb9e8
[13:30:10] [Server thread/TRACE] [FML]:   Registry: 19 minecraft:taiga_hills net.minecraft.world.biome.BiomeTaiga@ec3944
[13:30:10] [Server thread/TRACE] [FML]:   Registry: 20 minecraft:smaller_extreme_hills net.minecraft.world.biome.BiomeHills@2e4339c1
[13:30:10] [Server thread/TRACE] [FML]:   Registry: 21 minecraft:jungle net.minecraft.world.biome.BiomeJungle@57eed461
[13:30:10] [Server thread/TRACE] [FML]:   Registry: 22 minecraft:jungle_hills net.minecraft.world.biome.BiomeJungle@3c62f69a
[13:30:10] [Server thread/TRACE] [FML]:   Registry: 23 minecraft:jungle_edge net.minecraft.world.biome.BiomeJungle@f08f8a9
[13:30:10] [Server thread/TRACE] [FML]:   Registry: 24 minecraft:deep_ocean net.minecraft.world.biome.BiomeOcean@5ebf776c
[13:30:10] [Server thread/TRACE] [FML]:   Registry: 25 minecraft:stone_beach net.minecraft.world.biome.BiomeStoneBeach@54ae1240
[13:30:10] [Server thread/TRACE] [FML]:   Registry: 26 minecraft:cold_beach net.minecraft.world.biome.BiomeBeach@1c2b65cc
[13:30:10] [Server thread/TRACE] [FML]:   Registry: 27 minecraft:birch_forest net.minecraft.world.biome.BiomeForest@390a7532
[13:30:10] [Server thread/TRACE] [FML]:   Registry: 28 minecraft:birch_forest_hills net.minecraft.world.biome.BiomeForest@595184d8
[13:30:10] [Server thread/TRACE] [FML]:   Registry: 29 minecraft:roofed_forest net.minecraft.world.biome.BiomeForest@7d49a1a0
[13:30:10] [Server thread/TRACE] [FML]:   Registry: 30 minecraft:taiga_cold net.minecraft.world.biome.BiomeTaiga@3a0baec0
[13:30:10] [Server thread/TRACE] [FML]:   Registry: 31 minecraft:taiga_cold_hills net.minecraft.world.biome.BiomeTaiga@50c2ef56
[13:30:10] [Server thread/TRACE] [FML]:   Registry: 32 minecraft:redwood_taiga net.minecraft.world.biome.BiomeTaiga@560d6d2
[13:30:10] [Server thread/TRACE] [FML]:   Registry: 33 minecraft:redwood_taiga_hills net.minecraft.world.biome.BiomeTaiga@3514237f
[13:30:10] [Server thread/TRACE] [FML]:   Registry: 34 minecraft:extreme_hills_with_trees net.minecraft.world.biome.BiomeHills@520ee6b3
[13:30:10] [Server thread/TRACE] [FML]:   Registry: 35 minecraft:savanna net.minecraft.world.biome.BiomeSavanna@16a499d1
[13:30:10] [Server thread/TRACE] [FML]:   Registry: 36 minecraft:savanna_rock net.minecraft.world.biome.BiomeSavanna@2bf4fa1
[13:30:10] [Server thread/TRACE] [FML]:   Registry: 37 minecraft:mesa net.minecraft.world.biome.BiomeMesa@5fafa76d
[13:30:10] [Server thread/TRACE] [FML]:   Registry: 38 minecraft:mesa_rock net.minecraft.world.biome.BiomeMesa@720ffab4
[13:30:10] [Server thread/TRACE] [FML]:   Registry: 39 minecraft:mesa_clear_rock net.minecraft.world.biome.BiomeMesa@2e62e227
[13:30:10] [Server thread/TRACE] [FML]:   Registry: 127 minecraft:void net.minecraft.world.biome.BiomeVoid@62808e9e
[13:30:10] [Server thread/TRACE] [FML]:   Registry: 129 minecraft:mutated_plains net.minecraft.world.biome.BiomePlains@58b03029
[13:30:10] [Server thread/TRACE] [FML]:   Registry: 130 minecraft:mutated_desert net.minecraft.world.biome.BiomeDesert@539dd2d0
[13:30:10] [Server thread/TRACE] [FML]:   Registry: 131 minecraft:mutated_extreme_hills net.minecraft.world.biome.BiomeHills@3428420d
[13:30:10] [Server thread/TRACE] [FML]:   Registry: 132 minecraft:mutated_forest net.minecraft.world.biome.BiomeForest@523ade68
[13:30:10] [Server thread/TRACE] [FML]:   Registry: 133 minecraft:mutated_taiga net.minecraft.world.biome.BiomeTaiga@b529d7e
[13:30:10] [Server thread/TRACE] [FML]:   Registry: 134 minecraft:mutated_swampland net.minecraft.world.biome.BiomeSwamp@3664c596
[13:30:10] [Server thread/TRACE] [FML]:   Registry: 140 minecraft:mutated_ice_flats net.minecraft.world.biome.BiomeSnow@40aad17d
[13:30:10] [Server thread/TRACE] [FML]:   Registry: 149 minecraft:mutated_jungle net.minecraft.world.biome.BiomeJungle@44e79e9e
[13:30:10] [Server thread/TRACE] [FML]:   Registry: 151 minecraft:mutated_jungle_edge net.minecraft.world.biome.BiomeJungle@5bc14211
[13:30:10] [Server thread/TRACE] [FML]:   Registry: 155 minecraft:mutated_birch_forest net.minecraft.world.biome.BiomeForestMutated@5d2e65bd
[13:30:10] [Server thread/TRACE] [FML]:   Registry: 156 minecraft:mutated_birch_forest_hills net.minecraft.world.biome.BiomeForestMutated@254513e8
[13:30:10] [Server thread/TRACE] [FML]:   Registry: 157 minecraft:mutated_roofed_forest net.minecraft.world.biome.BiomeForest@74450c9b
[13:30:10] [Server thread/TRACE] [FML]:   Registry: 158 minecraft:mutated_taiga_cold net.minecraft.world.biome.BiomeTaiga@74f89bad
[13:30:10] [Server thread/TRACE] [FML]:   Registry: 160 minecraft:mutated_redwood_taiga net.minecraft.world.biome.BiomeTaiga@5ad50b02
[13:30:10] [Server thread/TRACE] [FML]:   Registry: 161 minecraft:mutated_redwood_taiga_hills net.minecraft.world.biome.BiomeTaiga@570299e3
[13:30:10] [Server thread/TRACE] [FML]:   Registry: 162 minecraft:mutated_extreme_hills_with_trees net.minecraft.world.biome.BiomeHills@bff764c
[13:30:10] [Server thread/TRACE] [FML]:   Registry: 163 minecraft:mutated_savanna net.minecraft.world.biome.BiomeSavannaMutated@49153009
[13:30:10] [Server thread/TRACE] [FML]:   Registry: 164 minecraft:mutated_savanna_rock net.minecraft.world.biome.BiomeSavannaMutated@a1b7549
[13:30:10] [Server thread/TRACE] [FML]:   Registry: 165 minecraft:mutated_mesa net.minecraft.world.biome.BiomeMesa@7aa63f50
[13:30:10] [Server thread/TRACE] [FML]:   Registry: 166 minecraft:mutated_mesa_rock net.minecraft.world.biome.BiomeMesa@142918a0
[13:30:10] [Server thread/TRACE] [FML]:   Registry: 167 minecraft:mutated_mesa_clear_rock net.minecraft.world.biome.BiomeMesa@745cf754
[13:30:10] [Server thread/TRACE] [FML]: Registry Name : minecraft:soundevents
[13:30:10] [Server thread/TRACE] [FML]:   Registry: 0 minecraft:ambient.cave net.minecraft.util.SoundEvent@3bed3315
[13:30:10] [Server thread/TRACE] [FML]:   Registry: 1 minecraft:block.anvil.break net.minecraft.util.SoundEvent@1c7350b0
[13:30:10] [Server thread/TRACE] [FML]:   Registry: 2 minecraft:block.anvil.destroy net.minecraft.util.SoundEvent@55651434
[13:30:10] [Server thread/TRACE] [FML]:   Registry: 3 minecraft:block.anvil.fall net.minecraft.util.SoundEvent@3bc4ef12
[13:30:10] [Server thread/TRACE] [FML]:   Registry: 4 minecraft:block.anvil.hit net.minecraft.util.SoundEvent@50448409
[13:30:10] [Server thread/TRACE] [FML]:   Registry: 5 minecraft:block.anvil.land net.minecraft.util.SoundEvent@5634a861
[13:30:10] [Server thread/TRACE] [FML]:   Registry: 6 minecraft:block.anvil.place net.minecraft.util.SoundEvent@2b0dc227
[13:30:10] [Server thread/TRACE] [FML]:   Registry: 7 minecraft:block.anvil.step net.minecraft.util.SoundEvent@37ad042b
[13:30:10] [Server thread/TRACE] [FML]:   Registry: 8 minecraft:block.anvil.use net.minecraft.util.SoundEvent@43bdaa1b
[13:30:10] [Server thread/TRACE] [FML]:   Registry: 9 minecraft:block.brewing_stand.brew net.minecraft.util.SoundEvent@30b975ad
[13:30:10] [Server thread/TRACE] [FML]:   Registry: 10 minecraft:block.chest.close net.minecraft.util.SoundEvent@75e09567
[13:30:10] [Server thread/TRACE] [FML]:   Registry: 11 minecraft:block.chest.locked net.minecraft.util.SoundEvent@2a334bac
[13:30:10] [Server thread/TRACE] [FML]:   Registry: 12 minecraft:block.chest.open net.minecraft.util.SoundEvent@470d183
[13:30:10] [Server thread/TRACE] [FML]:   Registry: 13 minecraft:block.chorus_flower.death net.minecraft.util.SoundEvent@7f9fc8bd
[13:30:10] [Server thread/TRACE] [FML]:   Registry: 14 minecraft:block.chorus_flower.grow net.minecraft.util.SoundEvent@ea52184
[13:30:10] [Server thread/TRACE] [FML]:   Registry: 15 minecraft:block.cloth.break net.minecraft.util.SoundEvent@3e7b65d7
[13:30:10] [Server thread/TRACE] [FML]:   Registry: 16 minecraft:block.cloth.fall net.minecraft.util.SoundEvent@3c854752
[13:30:10] [Server thread/TRACE] [FML]:   Registry: 17 minecraft:block.cloth.hit net.minecraft.util.SoundEvent@3ddeaa5f
[13:30:10] [Server thread/TRACE] [FML]:   Registry: 18 minecraft:block.cloth.place net.minecraft.util.SoundEvent@1a500561
[13:30:10] [Server thread/TRACE] [FML]:   Registry: 19 minecraft:block.cloth.step net.minecraft.util.SoundEvent@7f608e21
[13:30:10] [Server thread/TRACE] [FML]:   Registry: 20 minecraft:block.comparator.click net.minecraft.util.SoundEvent@6949e948
[13:30:10] [Server thread/TRACE] [FML]:   Registry: 21 minecraft:block.dispenser.dispense net.minecraft.util.SoundEvent@210d2a6c
[13:30:10] [Server thread/TRACE] [FML]:   Registry: 22 minecraft:block.dispenser.fail net.minecraft.util.SoundEvent@3bec5821
[13:30:10] [Server thread/TRACE] [FML]:   Registry: 23 minecraft:block.dispenser.launch net.minecraft.util.SoundEvent@4086d8fb
[13:30:10] [Server thread/TRACE] [FML]:   Registry: 24 minecraft:block.enchantment_table.use net.minecraft.util.SoundEvent@66236a0a
[13:30:10] [Server thread/TRACE] [FML]:   Registry: 25 minecraft:block.end_gateway.spawn net.minecraft.util.SoundEvent@2e3572e8
[13:30:10] [Server thread/TRACE] [FML]:   Registry: 26 minecraft:block.end_portal.spawn net.minecraft.util.SoundEvent@77c10a5f
[13:30:10] [Server thread/TRACE] [FML]:   Registry: 27 minecraft:block.end_portal_frame.fill net.minecraft.util.SoundEvent@176555c
[13:30:10] [Server thread/TRACE] [FML]:   Registry: 28 minecraft:block.enderchest.close net.minecraft.util.SoundEvent@7c781c42
[13:30:10] [Server thread/TRACE] [FML]:   Registry: 29 minecraft:block.enderchest.open net.minecraft.util.SoundEvent@795f8317
[13:30:10] [Server thread/TRACE] [FML]:   Registry: 30 minecraft:block.fence_gate.close net.minecraft.util.SoundEvent@633fd91
[13:30:10] [Server thread/TRACE] [FML]:   Registry: 31 minecraft:block.fence_gate.open net.minecraft.util.SoundEvent@355c94be
[13:30:10] [Server thread/TRACE] [FML]:   Registry: 32 minecraft:block.fire.ambient net.minecraft.util.SoundEvent@97a145b
[13:30:10] [Server thread/TRACE] [FML]:   Registry: 33 minecraft:block.fire.extinguish net.minecraft.util.SoundEvent@c386958
[13:30:10] [Server thread/TRACE] [FML]:   Registry: 34 minecraft:block.furnace.fire_crackle net.minecraft.util.SoundEvent@157ec23b
[13:30:10] [Server thread/TRACE] [FML]:   Registry: 35 minecraft:block.glass.break net.minecraft.util.SoundEvent@44d64d4e
[13:30:10] [Server thread/TRACE] [FML]:   Registry: 36 minecraft:block.glass.fall net.minecraft.util.SoundEvent@1dd74143
[13:30:10] [Server thread/TRACE] [FML]:   Registry: 37 minecraft:block.glass.hit net.minecraft.util.SoundEvent@526a9908
[13:30:10] [Server thread/TRACE] [FML]:   Registry: 38 minecraft:block.glass.place net.minecraft.util.SoundEvent@3166f664
[13:30:10] [Server thread/TRACE] [FML]:   Registry: 39 minecraft:block.glass.step net.minecraft.util.SoundEvent@47ac613b
[13:30:10] [Server thread/TRACE] [FML]:   Registry: 40 minecraft:block.grass.break net.minecraft.util.SoundEvent@60d6fdd4
[13:30:10] [Server thread/TRACE] [FML]:   Registry: 41 minecraft:block.grass.fall net.minecraft.util.SoundEvent@66f28a1f
[13:30:10] [Server thread/TRACE] [FML]:   Registry: 42 minecraft:block.grass.hit net.minecraft.util.SoundEvent@60a19573
[13:30:10] [Server thread/TRACE] [FML]:   Registry: 43 minecraft:block.grass.place net.minecraft.util.SoundEvent@44a085e5
[13:30:10] [Server thread/TRACE] [FML]:   Registry: 44 minecraft:block.grass.step net.minecraft.util.SoundEvent@134ff8f8
[13:30:10] [Server thread/TRACE] [FML]:   Registry: 45 minecraft:block.gravel.break net.minecraft.util.SoundEvent@619f2afc
[13:30:10] [Server thread/TRACE] [FML]:   Registry: 46 minecraft:block.gravel.fall net.minecraft.util.SoundEvent@df921b1
[13:30:10] [Server thread/TRACE] [FML]:   Registry: 47 minecraft:block.gravel.hit net.minecraft.util.SoundEvent@4db60246
[13:30:10] [Server thread/TRACE] [FML]:   Registry: 48 minecraft:block.gravel.place net.minecraft.util.SoundEvent@2152ab30
[13:30:10] [Server thread/TRACE] [FML]:   Registry: 49 minecraft:block.gravel.step net.minecraft.util.SoundEvent@3902bd2c
[13:30:10] [Server thread/TRACE] [FML]:   Registry: 50 minecraft:block.iron_door.close net.minecraft.util.SoundEvent@7d32e714
[13:30:10] [Server thread/TRACE] [FML]:   Registry: 51 minecraft:block.iron_door.open net.minecraft.util.SoundEvent@eb6ec6
[13:30:10] [Server thread/TRACE] [FML]:   Registry: 52 minecraft:block.iron_trapdoor.close net.minecraft.util.SoundEvent@34d45ec0
[13:30:10] [Server thread/TRACE] [FML]:   Registry: 53 minecraft:block.iron_trapdoor.open net.minecraft.util.SoundEvent@18137eab
[13:30:10] [Server thread/TRACE] [FML]:   Registry: 54 minecraft:block.ladder.break net.minecraft.util.SoundEvent@727320fa
[13:30:10] [Server thread/TRACE] [FML]:   Registry: 55 minecraft:block.ladder.fall net.minecraft.util.SoundEvent@2935fd2c
[13:30:10] [Server thread/TRACE] [FML]:   Registry: 56 minecraft:block.ladder.hit net.minecraft.util.SoundEvent@3f018494
[13:30:10] [Server thread/TRACE] [FML]:   Registry: 57 minecraft:block.ladder.place net.minecraft.util.SoundEvent@3ce443f9
[13:30:10] [Server thread/TRACE] [FML]:   Registry: 58 minecraft:block.ladder.step net.minecraft.util.SoundEvent@57fbc06f
[13:30:10] [Server thread/TRACE] [FML]:   Registry: 59 minecraft:block.lava.ambient net.minecraft.util.SoundEvent@51a18b21
[13:30:10] [Server thread/TRACE] [FML]:   Registry: 60 minecraft:block.lava.extinguish net.minecraft.util.SoundEvent@62b790a5
[13:30:10] [Server thread/TRACE] [FML]:   Registry: 61 minecraft:block.lava.pop net.minecraft.util.SoundEvent@7c52fc81
[13:30:10] [Server thread/TRACE] [FML]:   Registry: 62 minecraft:block.lever.click net.minecraft.util.SoundEvent@7523a3dc
[13:30:10] [Server thread/TRACE] [FML]:   Registry: 63 minecraft:block.metal.break net.minecraft.util.SoundEvent@2806d6da
[13:30:10] [Server thread/TRACE] [FML]:   Registry: 64 minecraft:block.metal.fall net.minecraft.util.SoundEvent@766a49c7
[13:30:10] [Server thread/TRACE] [FML]:   Registry: 65 minecraft:block.metal.hit net.minecraft.util.SoundEvent@1db7157f
[13:30:10] [Server thread/TRACE] [FML]:   Registry: 66 minecraft:block.metal.place net.minecraft.util.SoundEvent@75e27856
[13:30:10] [Server thread/TRACE] [FML]:   Registry: 67 minecraft:block.metal.step net.minecraft.util.SoundEvent@6bccd036
[13:30:10] [Server thread/TRACE] [FML]:   Registry: 68 minecraft:block.metal_pressureplate.click_off net.minecraft.util.SoundEvent@4f4c88f9
[13:30:10] [Server thread/TRACE] [FML]:   Registry: 69 minecraft:block.metal_pressureplate.click_on net.minecraft.util.SoundEvent@6a756082
[13:30:10] [Server thread/TRACE] [FML]:   Registry: 70 minecraft:block.note.basedrum net.minecraft.util.SoundEvent@cb39552
[13:30:10] [Server thread/TRACE] [FML]:   Registry: 71 minecraft:block.note.bass net.minecraft.util.SoundEvent@1f3b992
[13:30:10] [Server thread/TRACE] [FML]:   Registry: 72 minecraft:block.note.bell net.minecraft.util.SoundEvent@2a53f215
[13:30:10] [Server thread/TRACE] [FML]:   Registry: 73 minecraft:block.note.chime net.minecraft.util.SoundEvent@6b63e6ad
[13:30:10] [Server thread/TRACE] [FML]:   Registry: 74 minecraft:block.note.flute net.minecraft.util.SoundEvent@7beae796
[13:30:10] [Server thread/TRACE] [FML]:   Registry: 75 minecraft:block.note.guitar net.minecraft.util.SoundEvent@6749fe50
[13:30:10] [Server thread/TRACE] [FML]:   Registry: 76 minecraft:block.note.harp net.minecraft.util.SoundEvent@52bf7bf6
[13:30:10] [Server thread/TRACE] [FML]:   Registry: 77 minecraft:block.note.hat net.minecraft.util.SoundEvent@261db982
[13:30:10] [Server thread/TRACE] [FML]:   Registry: 78 minecraft:block.note.pling net.minecraft.util.SoundEvent@ae73c80
[13:30:10] [Server thread/TRACE] [FML]:   Registry: 79 minecraft:block.note.snare net.minecraft.util.SoundEvent@22f4f8f2
[13:30:10] [Server thread/TRACE] [FML]:   Registry: 80 minecraft:block.note.xylophone net.minecraft.util.SoundEvent@bbd4791
[13:30:10] [Server thread/TRACE] [FML]:   Registry: 81 minecraft:block.piston.contract net.minecraft.util.SoundEvent@40a72ecd
[13:30:10] [Server thread/TRACE] [FML]:   Registry: 82 minecraft:block.piston.extend net.minecraft.util.SoundEvent@73971965
[13:30:10] [Server thread/TRACE] [FML]:   Registry: 83 minecraft:block.portal.ambient net.minecraft.util.SoundEvent@76a14c8d
[13:30:10] [Server thread/TRACE] [FML]:   Registry: 84 minecraft:block.portal.travel net.minecraft.util.SoundEvent@17410c07
[13:30:10] [Server thread/TRACE] [FML]:   Registry: 85 minecraft:block.portal.trigger net.minecraft.util.SoundEvent@6ee99964
[13:30:10] [Server thread/TRACE] [FML]:   Registry: 86 minecraft:block.redstone_torch.burnout net.minecraft.util.SoundEvent@257ef9ed
[13:30:10] [Server thread/TRACE] [FML]:   Registry: 87 minecraft:block.sand.break net.minecraft.util.SoundEvent@59c70ceb
[13:30:10] [Server thread/TRACE] [FML]:   Registry: 88 minecraft:block.sand.fall net.minecraft.util.SoundEvent@46f902e0
[13:30:10] [Server thread/TRACE] [FML]:   Registry: 89 minecraft:block.sand.hit net.minecraft.util.SoundEvent@64f981e2
[13:30:10] [Server thread/TRACE] [FML]:   Registry: 90 minecraft:block.sand.place net.minecraft.util.SoundEvent@361abd01
[13:30:10] [Server thread/TRACE] [FML]:   Registry: 91 minecraft:block.sand.step net.minecraft.util.SoundEvent@575b5f7d
[13:30:10] [Server thread/TRACE] [FML]:   Registry: 92 minecraft:block.shulker_box.close net.minecraft.util.SoundEvent@59bbb974
[13:30:10] [Server thread/TRACE] [FML]:   Registry: 93 minecraft:block.shulker_box.open net.minecraft.util.SoundEvent@7165d530
[13:30:10] [Server thread/TRACE] [FML]:   Registry: 94 minecraft:block.slime.break net.minecraft.util.SoundEvent@12f49ca8
[13:30:10] [Server thread/TRACE] [FML]:   Registry: 95 minecraft:block.slime.fall net.minecraft.util.SoundEvent@1fd9893c
[13:30:10] [Server thread/TRACE] [FML]:   Registry: 96 minecraft:block.slime.hit net.minecraft.util.SoundEvent@1b2df3aa
[13:30:10] [Server thread/TRACE] [FML]:   Registry: 97 minecraft:block.slime.place net.minecraft.util.SoundEvent@44be69aa
[13:30:10] [Server thread/TRACE] [FML]:   Registry: 98 minecraft:block.slime.step net.minecraft.util.SoundEvent@7219ac49
[13:30:10] [Server thread/TRACE] [FML]:   Registry: 99 minecraft:block.snow.break net.minecraft.util.SoundEvent@21da4b5f
[13:30:10] [Server thread/TRACE] [FML]:   Registry: 100 minecraft:block.snow.fall net.minecraft.util.SoundEvent@551e4c6d
[13:30:10] [Server thread/TRACE] [FML]:   Registry: 101 minecraft:block.snow.hit net.minecraft.util.SoundEvent@625a9c5d
[13:30:10] [Server thread/TRACE] [FML]:   Registry: 102 minecraft:block.snow.place net.minecraft.util.SoundEvent@5d1e0fbb
[13:30:10] [Server thread/TRACE] [FML]:   Registry: 103 minecraft:block.snow.step net.minecraft.util.SoundEvent@2eed37f4
[13:30:10] [Server thread/TRACE] [FML]:   Registry: 104 minecraft:block.stone.break net.minecraft.util.SoundEvent@9b76b60
[13:30:10] [Server thread/TRACE] [FML]:   Registry: 105 minecraft:block.stone.fall net.minecraft.util.SoundEvent@3fb9a67f
[13:30:10] [Server thread/TRACE] [FML]:   Registry: 106 minecraft:block.stone.hit net.minecraft.util.SoundEvent@127705e4
[13:30:10] [Server thread/TRACE] [FML]:   Registry: 107 minecraft:block.stone.place net.minecraft.util.SoundEvent@5562c2c9
[13:30:10] [Server thread/TRACE] [FML]:   Registry: 108 minecraft:block.stone.step net.minecraft.util.SoundEvent@673c4f6e
[13:30:10] [Server thread/TRACE] [FML]:   Registry: 109 minecraft:block.stone_button.click_off net.minecraft.util.SoundEvent@15c487a8
[13:30:10] [Server thread/TRACE] [FML]:   Registry: 110 minecraft:block.stone_button.click_on net.minecraft.util.SoundEvent@3f36e8d1
[13:30:10] [Server thread/TRACE] [FML]:   Registry: 111 minecraft:block.stone_pressureplate.click_off net.minecraft.util.SoundEvent@7c011174
[13:30:10] [Server thread/TRACE] [FML]:   Registry: 112 minecraft:block.stone_pressureplate.click_on net.minecraft.util.SoundEvent@794366a5
[13:30:10] [Server thread/TRACE] [FML]:   Registry: 113 minecraft:block.tripwire.attach net.minecraft.util.SoundEvent@480b57e2
[13:30:10] [Server thread/TRACE] [FML]:   Registry: 114 minecraft:block.tripwire.click_off net.minecraft.util.SoundEvent@40f35e52
[13:30:10] [Server thread/TRACE] [FML]:   Registry: 115 minecraft:block.tripwire.click_on net.minecraft.util.SoundEvent@340d6d89
[13:30:10] [Server thread/TRACE] [FML]:   Registry: 116 minecraft:block.tripwire.detach net.minecraft.util.SoundEvent@561953e3
[13:30:10] [Server thread/TRACE] [FML]:   Registry: 117 minecraft:block.water.ambient net.minecraft.util.SoundEvent@443faa85
[13:30:10] [Server thread/TRACE] [FML]:   Registry: 118 minecraft:block.waterlily.place net.minecraft.util.SoundEvent@1ee47d9e
[13:30:10] [Server thread/TRACE] [FML]:   Registry: 119 minecraft:block.wood.break net.minecraft.util.SoundEvent@41da3aee
[13:30:10] [Server thread/TRACE] [FML]:   Registry: 120 minecraft:block.wood.fall net.minecraft.util.SoundEvent@5dc0ff7d
[13:30:10] [Server thread/TRACE] [FML]:   Registry: 121 minecraft:block.wood.hit net.minecraft.util.SoundEvent@64920dc2
[13:30:10] [Server thread/TRACE] [FML]:   Registry: 122 minecraft:block.wood.place net.minecraft.util.SoundEvent@59a79443
[13:30:10] [Server thread/TRACE] [FML]:   Registry: 123 minecraft:block.wood.step net.minecraft.util.SoundEvent@493ac8d3
[13:30:10] [Server thread/TRACE] [FML]:   Registry: 124 minecraft:block.wood_button.click_off net.minecraft.util.SoundEvent@13dbed9e
[13:30:10] [Server thread/TRACE] [FML]:   Registry: 125 minecraft:block.wood_button.click_on net.minecraft.util.SoundEvent@67531e3a
[13:30:10] [Server thread/TRACE] [FML]:   Registry: 126 minecraft:block.wood_pressureplate.click_off net.minecraft.util.SoundEvent@2b38b1f
[13:30:10] [Server thread/TRACE] [FML]:   Registry: 127 minecraft:block.wood_pressureplate.click_on net.minecraft.util.SoundEvent@1d50a7ca
[13:30:10] [Server thread/TRACE] [FML]:   Registry: 128 minecraft:block.wooden_door.close net.minecraft.util.SoundEvent@51ab1ee3
[13:30:10] [Server thread/TRACE] [FML]:   Registry: 129 minecraft:block.wooden_door.open net.minecraft.util.SoundEvent@2e766822
[13:30:10] [Server thread/TRACE] [FML]:   Registry: 130 minecraft:block.wooden_trapdoor.close net.minecraft.util.SoundEvent@3003e580
[13:30:10] [Server thread/TRACE] [FML]:   Registry: 131 minecraft:block.wooden_trapdoor.open net.minecraft.util.SoundEvent@28757abd
[13:30:10] [Server thread/TRACE] [FML]:   Registry: 132 minecraft:enchant.thorns.hit net.minecraft.util.SoundEvent@21a02556
[13:30:10] [Server thread/TRACE] [FML]:   Registry: 133 minecraft:entity.armorstand.break net.minecraft.util.SoundEvent@3c8a7e38
[13:30:10] [Server thread/TRACE] [FML]:   Registry: 134 minecraft:entity.armorstand.fall net.minecraft.util.SoundEvent@138aa3cc
[13:30:10] [Server thread/TRACE] [FML]:   Registry: 135 minecraft:entity.armorstand.hit net.minecraft.util.SoundEvent@10a98392
[13:30:10] [Server thread/TRACE] [FML]:   Registry: 136 minecraft:entity.armorstand.place net.minecraft.util.SoundEvent@30839e44
[13:30:10] [Server thread/TRACE] [FML]:   Registry: 137 minecraft:entity.arrow.hit net.minecraft.util.SoundEvent@5f174dd2
[13:30:10] [Server thread/TRACE] [FML]:   Registry: 138 minecraft:entity.arrow.hit_player net.minecraft.util.SoundEvent@1945113f
[13:30:10] [Server thread/TRACE] [FML]:   Registry: 139 minecraft:entity.arrow.shoot net.minecraft.util.SoundEvent@45aca496
[13:30:10] [Server thread/TRACE] [FML]:   Registry: 140 minecraft:entity.bat.ambient net.minecraft.util.SoundEvent@697173d9
[13:30:10] [Server thread/TRACE] [FML]:   Registry: 141 minecraft:entity.bat.death net.minecraft.util.SoundEvent@ceddaf8
[13:30:10] [Server thread/TRACE] [FML]:   Registry: 142 minecraft:entity.bat.hurt net.minecraft.util.SoundEvent@3d90eeb3
[13:30:10] [Server thread/TRACE] [FML]:   Registry: 143 minecraft:entity.bat.loop net.minecraft.util.SoundEvent@1db87583
[13:30:10] [Server thread/TRACE] [FML]:   Registry: 144 minecraft:entity.bat.takeoff net.minecraft.util.SoundEvent@7fb53256
[13:30:10] [Server thread/TRACE] [FML]:   Registry: 145 minecraft:entity.blaze.ambient net.minecraft.util.SoundEvent@1d6d1d42
[13:30:10] [Server thread/TRACE] [FML]:   Registry: 146 minecraft:entity.blaze.burn net.minecraft.util.SoundEvent@27329d2a
[13:30:10] [Server thread/TRACE] [FML]:   Registry: 147 minecraft:entity.blaze.death net.minecraft.util.SoundEvent@7978e022
[13:30:10] [Server thread/TRACE] [FML]:   Registry: 148 minecraft:entity.blaze.hurt net.minecraft.util.SoundEvent@2f894ad9
[13:30:10] [Server thread/TRACE] [FML]:   Registry: 149 minecraft:entity.blaze.shoot net.minecraft.util.SoundEvent@5afbd567
[13:30:10] [Server thread/TRACE] [FML]:   Registry: 150 minecraft:entity.boat.paddle_land net.minecraft.util.SoundEvent@6993c8df
[13:30:10] [Server thread/TRACE] [FML]:   Registry: 151 minecraft:entity.boat.paddle_water net.minecraft.util.SoundEvent@57545c3f
[13:30:10] [Server thread/TRACE] [FML]:   Registry: 152 minecraft:entity.bobber.retrieve net.minecraft.util.SoundEvent@326e0b8e
[13:30:10] [Server thread/TRACE] [FML]:   Registry: 153 minecraft:entity.bobber.splash net.minecraft.util.SoundEvent@36baa049
[13:30:10] [Server thread/TRACE] [FML]:   Registry: 154 minecraft:entity.bobber.throw net.minecraft.util.SoundEvent@41184371
[13:30:10] [Server thread/TRACE] [FML]:   Registry: 155 minecraft:entity.cat.ambient net.minecraft.util.SoundEvent@34585ac9
[13:30:10] [Server thread/TRACE] [FML]:   Registry: 156 minecraft:entity.cat.death net.minecraft.util.SoundEvent@76a805b7
[13:30:10] [Server thread/TRACE] [FML]:   Registry: 157 minecraft:entity.cat.hiss net.minecraft.util.SoundEvent@15f35bc3
[13:30:10] [Server thread/TRACE] [FML]:   Registry: 158 minecraft:entity.cat.hurt net.minecraft.util.SoundEvent@167381c7
[13:30:10] [Server thread/TRACE] [FML]:   Registry: 159 minecraft:entity.cat.purr net.minecraft.util.SoundEvent@608b1fd2
[13:30:10] [Server thread/TRACE] [FML]:   Registry: 160 minecraft:entity.cat.purreow net.minecraft.util.SoundEvent@56382bc9
[13:30:10] [Server thread/TRACE] [FML]:   Registry: 161 minecraft:entity.chicken.ambient net.minecraft.util.SoundEvent@591a4f8e
[13:30:10] [Server thread/TRACE] [FML]:   Registry: 162 minecraft:entity.chicken.death net.minecraft.util.SoundEvent@53ed80d3
[13:30:10] [Server thread/TRACE] [FML]:   Registry: 163 minecraft:entity.chicken.egg net.minecraft.util.SoundEvent@6ba060f3
[13:30:10] [Server thread/TRACE] [FML]:   Registry: 164 minecraft:entity.chicken.hurt net.minecraft.util.SoundEvent@7c51782d
[13:30:10] [Server thread/TRACE] [FML]:   Registry: 165 minecraft:entity.chicken.step net.minecraft.util.SoundEvent@77bc2e16
[13:30:10] [Server thread/TRACE] [FML]:   Registry: 166 minecraft:entity.cow.ambient net.minecraft.util.SoundEvent@48e8c32a
[13:30:10] [Server thread/TRACE] [FML]:   Registry: 167 minecraft:entity.cow.death net.minecraft.util.SoundEvent@20a7953c
[13:30:10] [Server thread/TRACE] [FML]:   Registry: 168 minecraft:entity.cow.hurt net.minecraft.util.SoundEvent@57c00115
[13:30:10] [Server thread/TRACE] [FML]:   Registry: 169 minecraft:entity.cow.milk net.minecraft.util.SoundEvent@411a5965
[13:30:10] [Server thread/TRACE] [FML]:   Registry: 170 minecraft:entity.cow.step net.minecraft.util.SoundEvent@4fe533ff
[13:30:10] [Server thread/TRACE] [FML]:   Registry: 171 minecraft:entity.creeper.death net.minecraft.util.SoundEvent@5377414a
[13:30:10] [Server thread/TRACE] [FML]:   Registry: 172 minecraft:entity.creeper.hurt net.minecraft.util.SoundEvent@4e83a98
[13:30:10] [Server thread/TRACE] [FML]:   Registry: 173 minecraft:entity.creeper.primed net.minecraft.util.SoundEvent@17aa8a11
[13:30:10] [Server thread/TRACE] [FML]:   Registry: 174 minecraft:entity.donkey.ambient net.minecraft.util.SoundEvent@71b639d0
[13:30:10] [Server thread/TRACE] [FML]:   Registry: 175 minecraft:entity.donkey.angry net.minecraft.util.SoundEvent@18a25bbd
[13:30:10] [Server thread/TRACE] [FML]:   Registry: 176 minecraft:entity.donkey.chest net.minecraft.util.SoundEvent@5d5b9ecb
[13:30:10] [Server thread/TRACE] [FML]:   Registry: 177 minecraft:entity.donkey.death net.minecraft.util.SoundEvent@1ee27d73
[13:30:10] [Server thread/TRACE] [FML]:   Registry: 178 minecraft:entity.donkey.hurt net.minecraft.util.SoundEvent@5e5aafc6
[13:30:10] [Server thread/TRACE] [FML]:   Registry: 179 minecraft:entity.egg.throw net.minecraft.util.SoundEvent@542f6803
[13:30:10] [Server thread/TRACE] [FML]:   Registry: 180 minecraft:entity.elder_guardian.ambient net.minecraft.util.SoundEvent@5583098b
[13:30:10] [Server thread/TRACE] [FML]:   Registry: 181 minecraft:entity.elder_guardian.ambient_land net.minecraft.util.SoundEvent@5807efad
[13:30:10] [Server thread/TRACE] [FML]:   Registry: 182 minecraft:entity.elder_guardian.curse net.minecraft.util.SoundEvent@53a84ff4
[13:30:10] [Server thread/TRACE] [FML]:   Registry: 183 minecraft:entity.elder_guardian.death net.minecraft.util.SoundEvent@7ce85af2
[13:30:10] [Server thread/TRACE] [FML]:   Registry: 184 minecraft:entity.elder_guardian.death_land net.minecraft.util.SoundEvent@316acbb5
[13:30:10] [Server thread/TRACE] [FML]:   Registry: 185 minecraft:entity.elder_guardian.flop net.minecraft.util.SoundEvent@56f730b2
[13:30:10] [Server thread/TRACE] [FML]:   Registry: 186 minecraft:entity.elder_guardian.hurt net.minecraft.util.SoundEvent@47311277
[13:30:10] [Server thread/TRACE] [FML]:   Registry: 187 minecraft:entity.elder_guardian.hurt_land net.minecraft.util.SoundEvent@7930ffa9
[13:30:10] [Server thread/TRACE] [FML]:   Registry: 188 minecraft:entity.enderdragon.ambient net.minecraft.util.SoundEvent@1e60b459
[13:30:10] [Server thread/TRACE] [FML]:   Registry: 189 minecraft:entity.enderdragon.death net.minecraft.util.SoundEvent@717d7587
[13:30:10] [Server thread/TRACE] [FML]:   Registry: 190 minecraft:entity.enderdragon.flap net.minecraft.util.SoundEvent@3e906375
[13:30:10] [Server thread/TRACE] [FML]:   Registry: 191 minecraft:entity.enderdragon.growl net.minecraft.util.SoundEvent@40230eb9
[13:30:10] [Server thread/TRACE] [FML]:   Registry: 192 minecraft:entity.enderdragon.hurt net.minecraft.util.SoundEvent@5b7aa898
[13:30:10] [Server thread/TRACE] [FML]:   Registry: 193 minecraft:entity.enderdragon.shoot net.minecraft.util.SoundEvent@41b13f3d
[13:30:10] [Server thread/TRACE] [FML]:   Registry: 194 minecraft:entity.enderdragon_fireball.explode net.minecraft.util.SoundEvent@7c0777b5
[13:30:10] [Server thread/TRACE] [FML]:   Registry: 195 minecraft:entity.endereye.death net.minecraft.util.SoundEvent@2489e84a
[13:30:10] [Server thread/TRACE] [FML]:   Registry: 196 minecraft:entity.endereye.launch net.minecraft.util.SoundEvent@2a39aa2b
[13:30:10] [Server thread/TRACE] [FML]:   Registry: 197 minecraft:entity.endermen.ambient net.minecraft.util.SoundEvent@62b93086
[13:30:10] [Server thread/TRACE] [FML]:   Registry: 198 minecraft:entity.endermen.death net.minecraft.util.SoundEvent@254449bb
[13:30:10] [Server thread/TRACE] [FML]:   Registry: 199 minecraft:entity.endermen.hurt net.minecraft.util.SoundEvent@4e642ee1
[13:30:10] [Server thread/TRACE] [FML]:   Registry: 200 minecraft:entity.endermen.scream net.minecraft.util.SoundEvent@29ebbdf4
[13:30:10] [Server thread/TRACE] [FML]:   Registry: 201 minecraft:entity.endermen.stare net.minecraft.util.SoundEvent@2fd954f
[13:30:10] [Server thread/TRACE] [FML]:   Registry: 202 minecraft:entity.endermen.teleport net.minecraft.util.SoundEvent@5731d3a
[13:30:10] [Server thread/TRACE] [FML]:   Registry: 203 minecraft:entity.endermite.ambient net.minecraft.util.SoundEvent@6a0f2853
[13:30:10] [Server thread/TRACE] [FML]:   Registry: 204 minecraft:entity.endermite.death net.minecraft.util.SoundEvent@1eff3cfb
[13:30:10] [Server thread/TRACE] [FML]:   Registry: 205 minecraft:entity.endermite.hurt net.minecraft.util.SoundEvent@70c69586
[13:30:10] [Server thread/TRACE] [FML]:   Registry: 206 minecraft:entity.endermite.step net.minecraft.util.SoundEvent@6dc1dc69
[13:30:10] [Server thread/TRACE] [FML]:   Registry: 207 minecraft:entity.enderpearl.throw net.minecraft.util.SoundEvent@7e9f2c32
[13:30:10] [Server thread/TRACE] [FML]:   Registry: 208 minecraft:entity.evocation_fangs.attack net.minecraft.util.SoundEvent@19e0dffe
[13:30:10] [Server thread/TRACE] [FML]:   Registry: 209 minecraft:entity.evocation_illager.ambient net.minecraft.util.SoundEvent@5d4e13e1
[13:30:10] [Server thread/TRACE] [FML]:   Registry: 210 minecraft:entity.evocation_illager.cast_spell net.minecraft.util.SoundEvent@3e0fbeb5
[13:30:10] [Server thread/TRACE] [FML]:   Registry: 211 minecraft:entity.evocation_illager.death net.minecraft.util.SoundEvent@3976ebfa
[13:30:10] [Server thread/TRACE] [FML]:   Registry: 212 minecraft:entity.evocation_illager.hurt net.minecraft.util.SoundEvent@2676dc05
[13:30:10] [Server thread/TRACE] [FML]:   Registry: 213 minecraft:entity.evocation_illager.prepare_attack net.minecraft.util.SoundEvent@b0a1231
[13:30:10] [Server thread/TRACE] [FML]:   Registry: 214 minecraft:entity.evocation_illager.prepare_summon net.minecraft.util.SoundEvent@4833eff3
[13:30:10] [Server thread/TRACE] [FML]:   Registry: 215 minecraft:entity.evocation_illager.prepare_wololo net.minecraft.util.SoundEvent@4694f434
[13:30:10] [Server thread/TRACE] [FML]:   Registry: 216 minecraft:entity.experience_bottle.throw net.minecraft.util.SoundEvent@56928e17
[13:30:10] [Server thread/TRACE] [FML]:   Registry: 217 minecraft:entity.experience_orb.pickup net.minecraft.util.SoundEvent@dd2856e
[13:30:10] [Server thread/TRACE] [FML]:   Registry: 218 minecraft:entity.firework.blast net.minecraft.util.SoundEvent@5a49af50
[13:30:10] [Server thread/TRACE] [FML]:   Registry: 219 minecraft:entity.firework.blast_far net.minecraft.util.SoundEvent@3b1dc579
[13:30:10] [Server thread/TRACE] [FML]:   Registry: 220 minecraft:entity.firework.large_blast net.minecraft.util.SoundEvent@793d163b
[13:30:10] [Server thread/TRACE] [FML]:   Registry: 221 minecraft:entity.firework.large_blast_far net.minecraft.util.SoundEvent@60dd0587
[13:30:10] [Server thread/TRACE] [FML]:   Registry: 222 minecraft:entity.firework.launch net.minecraft.util.SoundEvent@77f905e3
[13:30:10] [Server thread/TRACE] [FML]:   Registry: 223 minecraft:entity.firework.shoot net.minecraft.util.SoundEvent@221a2068
[13:30:10] [Server thread/TRACE] [FML]:   Registry: 224 minecraft:entity.firework.twinkle net.minecraft.util.SoundEvent@338766de
[13:30:10] [Server thread/TRACE] [FML]:   Registry: 225 minecraft:entity.firework.twinkle_far net.minecraft.util.SoundEvent@3b7eac14
[13:30:10] [Server thread/TRACE] [FML]:   Registry: 226 minecraft:entity.generic.big_fall net.minecraft.util.SoundEvent@4976085
[13:30:10] [Server thread/TRACE] [FML]:   Registry: 227 minecraft:entity.generic.burn net.minecraft.util.SoundEvent@777d191f
[13:30:10] [Server thread/TRACE] [FML]:   Registry: 228 minecraft:entity.generic.death net.minecraft.util.SoundEvent@7fc420b8
[13:30:10] [Server thread/TRACE] [FML]:   Registry: 229 minecraft:entity.generic.drink net.minecraft.util.SoundEvent@31142d58
[13:30:10] [Server thread/TRACE] [FML]:   Registry: 230 minecraft:entity.generic.eat net.minecraft.util.SoundEvent@e38f0b7
[13:30:10] [Server thread/TRACE] [FML]:   Registry: 231 minecraft:entity.generic.explode net.minecraft.util.SoundEvent@1192b58e
[13:30:10] [Server thread/TRACE] [FML]:   Registry: 232 minecraft:entity.generic.extinguish_fire net.minecraft.util.SoundEvent@4f8d86e4
[13:30:10] [Server thread/TRACE] [FML]:   Registry: 233 minecraft:entity.generic.hurt net.minecraft.util.SoundEvent@5f631ca0
[13:30:10] [Server thread/TRACE] [FML]:   Registry: 234 minecraft:entity.generic.small_fall net.minecraft.util.SoundEvent@1697f2b3
[13:30:10] [Server thread/TRACE] [FML]:   Registry: 235 minecraft:entity.generic.splash net.minecraft.util.SoundEvent@12ad1b2a
[13:30:10] [Server thread/TRACE] [FML]:   Registry: 236 minecraft:entity.generic.swim net.minecraft.util.SoundEvent@3134153d
[13:30:10] [Server thread/TRACE] [FML]:   Registry: 237 minecraft:entity.ghast.ambient net.minecraft.util.SoundEvent@767599a7
[13:30:10] [Server thread/TRACE] [FML]:   Registry: 238 minecraft:entity.ghast.death net.minecraft.util.SoundEvent@5f5effb0
[13:30:10] [Server thread/TRACE] [FML]:   Registry: 239 minecraft:entity.ghast.hurt net.minecraft.util.SoundEvent@25d0cb3a
[13:30:10] [Server thread/TRACE] [FML]:   Registry: 240 minecraft:entity.ghast.scream net.minecraft.util.SoundEvent@345cbf40
[13:30:10] [Server thread/TRACE] [FML]:   Registry: 241 minecraft:entity.ghast.shoot net.minecraft.util.SoundEvent@6e3eb0cd
[13:30:10] [Server thread/TRACE] [FML]:   Registry: 242 minecraft:entity.ghast.warn net.minecraft.util.SoundEvent@463561c5
[13:30:10] [Server thread/TRACE] [FML]:   Registry: 243 minecraft:entity.guardian.ambient net.minecraft.util.SoundEvent@659feb22
[13:30:10] [Server thread/TRACE] [FML]:   Registry: 244 minecraft:entity.guardian.ambient_land net.minecraft.util.SoundEvent@3468ee6e
[13:30:10] [Server thread/TRACE] [FML]:   Registry: 245 minecraft:entity.guardian.attack net.minecraft.util.SoundEvent@2f4b98f6
[13:30:10] [Server thread/TRACE] [FML]:   Registry: 246 minecraft:entity.guardian.death net.minecraft.util.SoundEvent@421def93
[13:30:10] [Server thread/TRACE] [FML]:   Registry: 247 minecraft:entity.guardian.death_land net.minecraft.util.SoundEvent@58c1da09
[13:30:10] [Server thread/TRACE] [FML]:   Registry: 248 minecraft:entity.guardian.flop net.minecraft.util.SoundEvent@2b2954e1
[13:30:10] [Server thread/TRACE] [FML]:   Registry: 249 minecraft:entity.guardian.hurt net.minecraft.util.SoundEvent@58d6e55a
[13:30:10] [Server thread/TRACE] [FML]:   Registry: 250 minecraft:entity.guardian.hurt_land net.minecraft.util.SoundEvent@751ae8a4
[13:30:10] [Server thread/TRACE] [FML]:   Registry: 251 minecraft:entity.horse.ambient net.minecraft.util.SoundEvent@235d659c
[13:30:10] [Server thread/TRACE] [FML]:   Registry: 252 minecraft:entity.horse.angry net.minecraft.util.SoundEvent@4232b34a
[13:30:10] [Server thread/TRACE] [FML]:   Registry: 253 minecraft:entity.horse.armor net.minecraft.util.SoundEvent@2da16263
[13:30:10] [Server thread/TRACE] [FML]:   Registry: 254 minecraft:entity.horse.breathe net.minecraft.util.SoundEvent@f5ce0bb
[13:30:10] [Server thread/TRACE] [FML]:   Registry: 255 minecraft:entity.horse.death net.minecraft.util.SoundEvent@47e51549
[13:30:10] [Server thread/TRACE] [FML]:   Registry: 256 minecraft:entity.horse.eat net.minecraft.util.SoundEvent@101a461c
[13:30:10] [Server thread/TRACE] [FML]:   Registry: 257 minecraft:entity.horse.gallop net.minecraft.util.SoundEvent@360e9c06
[13:30:10] [Server thread/TRACE] [FML]:   Registry: 258 minecraft:entity.horse.hurt net.minecraft.util.SoundEvent@5ebffb44
[13:30:10] [Server thread/TRACE] [FML]:   Registry: 259 minecraft:entity.horse.jump net.minecraft.util.SoundEvent@311ff287
[13:30:10] [Server thread/TRACE] [FML]:   Registry: 260 minecraft:entity.horse.land net.minecraft.util.SoundEvent@7377781e
[13:30:10] [Server thread/TRACE] [FML]:   Registry: 261 minecraft:entity.horse.saddle net.minecraft.util.SoundEvent@31db34da
[13:30:10] [Server thread/TRACE] [FML]:   Registry: 262 minecraft:entity.horse.step net.minecraft.util.SoundEvent@109f8c7e
[13:30:10] [Server thread/TRACE] [FML]:   Registry: 263 minecraft:entity.horse.step_wood net.minecraft.util.SoundEvent@5edacf20
[13:30:10] [Server thread/TRACE] [FML]:   Registry: 264 minecraft:entity.hostile.big_fall net.minecraft.util.SoundEvent@16a5eb6d
[13:30:10] [Server thread/TRACE] [FML]:   Registry: 265 minecraft:entity.hostile.death net.minecraft.util.SoundEvent@7e307087
[13:30:10] [Server thread/TRACE] [FML]:   Registry: 266 minecraft:entity.hostile.hurt net.minecraft.util.SoundEvent@1220ef43
[13:30:10] [Server thread/TRACE] [FML]:   Registry: 267 minecraft:entity.hostile.small_fall net.minecraft.util.SoundEvent@1a8b81e8
[13:30:10] [Server thread/TRACE] [FML]:   Registry: 268 minecraft:entity.hostile.splash net.minecraft.util.SoundEvent@234cff57
[13:30:10] [Server thread/TRACE] [FML]:   Registry: 269 minecraft:entity.hostile.swim net.minecraft.util.SoundEvent@5e8507f1
[13:30:10] [Server thread/TRACE] [FML]:   Registry: 270 minecraft:entity.husk.ambient net.minecraft.util.SoundEvent@4bcaa195
[13:30:10] [Server thread/TRACE] [FML]:   Registry: 271 minecraft:entity.husk.death net.minecraft.util.SoundEvent@d08edc5
[13:30:10] [Server thread/TRACE] [FML]:   Registry: 272 minecraft:entity.husk.hurt net.minecraft.util.SoundEvent@49fa1d74
[13:30:10] [Server thread/TRACE] [FML]:   Registry: 273 minecraft:entity.husk.step net.minecraft.util.SoundEvent@3f362135
[13:30:10] [Server thread/TRACE] [FML]:   Registry: 274 minecraft:entity.illusion_illager.ambient net.minecraft.util.SoundEvent@21eee94f
[13:30:10] [Server thread/TRACE] [FML]:   Registry: 275 minecraft:entity.illusion_illager.cast_spell net.minecraft.util.SoundEvent@6bc24e72
[13:30:10] [Server thread/TRACE] [FML]:   Registry: 276 minecraft:entity.illusion_illager.death net.minecraft.util.SoundEvent@724aefc3
[13:30:10] [Server thread/TRACE] [FML]:   Registry: 277 minecraft:entity.illusion_illager.hurt net.minecraft.util.SoundEvent@7cfb4736
[13:30:10] [Server thread/TRACE] [FML]:   Registry: 278 minecraft:entity.illusion_illager.mirror_move net.minecraft.util.SoundEvent@2a097d77
[13:30:10] [Server thread/TRACE] [FML]:   Registry: 279 minecraft:entity.illusion_illager.prepare_blindness net.minecraft.util.SoundEvent@53c1179a
[13:30:10] [Server thread/TRACE] [FML]:   Registry: 280 minecraft:entity.illusion_illager.prepare_mirror net.minecraft.util.SoundEvent@7650ded6
[13:30:10] [Server thread/TRACE] [FML]:   Registry: 281 minecraft:entity.irongolem.attack net.minecraft.util.SoundEvent@5034f5dd
[13:30:10] [Server thread/TRACE] [FML]:   Registry: 282 minecraft:entity.irongolem.death net.minecraft.util.SoundEvent@31b7d869
[13:30:10] [Server thread/TRACE] [FML]:   Registry: 283 minecraft:entity.irongolem.hurt net.minecraft.util.SoundEvent@6a916402
[13:30:10] [Server thread/TRACE] [FML]:   Registry: 284 minecraft:entity.irongolem.step net.minecraft.util.SoundEvent@1a47a1e8
[13:30:10] [Server thread/TRACE] [FML]:   Registry: 285 minecraft:entity.item.break net.minecraft.util.SoundEvent@6d2a2560
[13:30:10] [Server thread/TRACE] [FML]:   Registry: 286 minecraft:entity.item.pickup net.minecraft.util.SoundEvent@62d1dc3c
[13:30:10] [Server thread/TRACE] [FML]:   Registry: 287 minecraft:entity.itemframe.add_item net.minecraft.util.SoundEvent@3811510
[13:30:10] [Server thread/TRACE] [FML]:   Registry: 288 minecraft:entity.itemframe.break net.minecraft.util.SoundEvent@24eeac69
[13:30:10] [Server thread/TRACE] [FML]:   Registry: 289 minecraft:entity.itemframe.place net.minecraft.util.SoundEvent@18539cb1
[13:30:10] [Server thread/TRACE] [FML]:   Registry: 290 minecraft:entity.itemframe.remove_item net.minecraft.util.SoundEvent@748f93bb
[13:30:10] [Server thread/TRACE] [FML]:   Registry: 291 minecraft:entity.itemframe.rotate_item net.minecraft.util.SoundEvent@7f2d31af
[13:30:10] [Server thread/TRACE] [FML]:   Registry: 292 minecraft:entity.leashknot.break net.minecraft.util.SoundEvent@2e7157c7
[13:30:10] [Server thread/TRACE] [FML]:   Registry: 293 minecraft:entity.leashknot.place net.minecraft.util.SoundEvent@2a43e0ac
[13:30:10] [Server thread/TRACE] [FML]:   Registry: 294 minecraft:entity.lightning.impact net.minecraft.util.SoundEvent@22d9bc14
[13:30:10] [Server thread/TRACE] [FML]:   Registry: 295 minecraft:entity.lightning.thunder net.minecraft.util.SoundEvent@346f41a9
[13:30:10] [Server thread/TRACE] [FML]:   Registry: 296 minecraft:entity.lingeringpotion.throw net.minecraft.util.SoundEvent@1084f78c
[13:30:10] [Server thread/TRACE] [FML]:   Registry: 297 minecraft:entity.llama.ambient net.minecraft.util.SoundEvent@25f723b0
[13:30:10] [Server thread/TRACE] [FML]:   Registry: 298 minecraft:entity.llama.angry net.minecraft.util.SoundEvent@4aa11206
[13:30:10] [Server thread/TRACE] [FML]:   Registry: 299 minecraft:entity.llama.chest net.minecraft.util.SoundEvent@40d60f2
[13:30:10] [Server thread/TRACE] [FML]:   Registry: 300 minecraft:entity.llama.death net.minecraft.util.SoundEvent@3382cf68
[13:30:10] [Server thread/TRACE] [FML]:   Registry: 301 minecraft:entity.llama.eat net.minecraft.util.SoundEvent@2f74900b
[13:30:10] [Server thread/TRACE] [FML]:   Registry: 302 minecraft:entity.llama.hurt net.minecraft.util.SoundEvent@6d8796c1
[13:30:10] [Server thread/TRACE] [FML]:   Registry: 303 minecraft:entity.llama.spit net.minecraft.util.SoundEvent@2e26173
[13:30:10] [Server thread/TRACE] [FML]:   Registry: 304 minecraft:entity.llama.step net.minecraft.util.SoundEvent@27be17c8
[13:30:10] [Server thread/TRACE] [FML]:   Registry: 305 minecraft:entity.llama.swag net.minecraft.util.SoundEvent@2c413ffc
[13:30:10] [Server thread/TRACE] [FML]:   Registry: 306 minecraft:entity.magmacube.death net.minecraft.util.SoundEvent@7d21852b
[13:30:10] [Server thread/TRACE] [FML]:   Registry: 307 minecraft:entity.magmacube.hurt net.minecraft.util.SoundEvent@6cd98a05
[13:30:10] [Server thread/TRACE] [FML]:   Registry: 308 minecraft:entity.magmacube.jump net.minecraft.util.SoundEvent@3b8ec001
[13:30:10] [Server thread/TRACE] [FML]:   Registry: 309 minecraft:entity.magmacube.squish net.minecraft.util.SoundEvent@1e95b653
[13:30:10] [Server thread/TRACE] [FML]:   Registry: 310 minecraft:entity.minecart.inside net.minecraft.util.SoundEvent@6f6c6077
[13:30:10] [Server thread/TRACE] [FML]:   Registry: 311 minecraft:entity.minecart.riding net.minecraft.util.SoundEvent@4fc5563d
[13:30:10] [Server thread/TRACE] [FML]:   Registry: 312 minecraft:entity.mooshroom.shear net.minecraft.util.SoundEvent@286090c
[13:30:10] [Server thread/TRACE] [FML]:   Registry: 313 minecraft:entity.mule.ambient net.minecraft.util.SoundEvent@31120021
[13:30:10] [Server thread/TRACE] [FML]:   Registry: 314 minecraft:entity.mule.chest net.minecraft.util.SoundEvent@3df1a1ac
[13:30:10] [Server thread/TRACE] [FML]:   Registry: 315 minecraft:entity.mule.death net.minecraft.util.SoundEvent@58606c91
[13:30:10] [Server thread/TRACE] [FML]:   Registry: 316 minecraft:entity.mule.hurt net.minecraft.util.SoundEvent@6a9cd0f8
[13:30:10] [Server thread/TRACE] [FML]:   Registry: 317 minecraft:entity.painting.break net.minecraft.util.SoundEvent@4baed682
[13:30:10] [Server thread/TRACE] [FML]:   Registry: 318 minecraft:entity.painting.place net.minecraft.util.SoundEvent@7be2f29a
[13:30:10] [Server thread/TRACE] [FML]:   Registry: 319 minecraft:entity.parrot.ambient net.minecraft.util.SoundEvent@203d1d93
[13:30:10] [Server thread/TRACE] [FML]:   Registry: 320 minecraft:entity.parrot.death net.minecraft.util.SoundEvent@2c2a027c
[13:30:10] [Server thread/TRACE] [FML]:   Registry: 321 minecraft:entity.parrot.eat net.minecraft.util.SoundEvent@118dcbbd
[13:30:10] [Server thread/TRACE] [FML]:   Registry: 322 minecraft:entity.parrot.fly net.minecraft.util.SoundEvent@7d979d34
[13:30:10] [Server thread/TRACE] [FML]:   Registry: 323 minecraft:entity.parrot.hurt net.minecraft.util.SoundEvent@350ec690
[13:30:10] [Server thread/TRACE] [FML]:   Registry: 324 minecraft:entity.parrot.imitate.blaze net.minecraft.util.SoundEvent@49cb1baf
[13:30:10] [Server thread/TRACE] [FML]:   Registry: 325 minecraft:entity.parrot.imitate.creeper net.minecraft.util.SoundEvent@3664f108
[13:30:10] [Server thread/TRACE] [FML]:   Registry: 326 minecraft:entity.parrot.imitate.elder_guardian net.minecraft.util.SoundEvent@77dba4cd
[13:30:10] [Server thread/TRACE] [FML]:   Registry: 327 minecraft:entity.parrot.imitate.enderdragon net.minecraft.util.SoundEvent@34a2d6e0
[13:30:10] [Server thread/TRACE] [FML]:   Registry: 328 minecraft:entity.parrot.imitate.enderman net.minecraft.util.SoundEvent@2525a5b8
[13:30:10] [Server thread/TRACE] [FML]:   Registry: 329 minecraft:entity.parrot.imitate.endermite net.minecraft.util.SoundEvent@3458eca5
[13:30:10] [Server thread/TRACE] [FML]:   Registry: 330 minecraft:entity.parrot.imitate.evocation_illager net.minecraft.util.SoundEvent@1e0fdb2f
[13:30:10] [Server thread/TRACE] [FML]:   Registry: 331 minecraft:entity.parrot.imitate.ghast net.minecraft.util.SoundEvent@3c380bd8
[13:30:10] [Server thread/TRACE] [FML]:   Registry: 332 minecraft:entity.parrot.imitate.husk net.minecraft.util.SoundEvent@34b87182
[13:30:10] [Server thread/TRACE] [FML]:   Registry: 333 minecraft:entity.parrot.imitate.illusion_illager net.minecraft.util.SoundEvent@47768e74
[13:30:10] [Server thread/TRACE] [FML]:   Registry: 334 minecraft:entity.parrot.imitate.magmacube net.minecraft.util.SoundEvent@2740e316
[13:30:10] [Server thread/TRACE] [FML]:   Registry: 335 minecraft:entity.parrot.imitate.polar_bear net.minecraft.util.SoundEvent@5b5a4aed
[13:30:10] [Server thread/TRACE] [FML]:   Registry: 336 minecraft:entity.parrot.imitate.shulker net.minecraft.util.SoundEvent@2c991465
[13:30:10] [Server thread/TRACE] [FML]:   Registry: 337 minecraft:entity.parrot.imitate.silverfish net.minecraft.util.SoundEvent@5fef2aac
[13:30:10] [Server thread/TRACE] [FML]:   Registry: 338 minecraft:entity.parrot.imitate.skeleton net.minecraft.util.SoundEvent@7f973a14
[13:30:10] [Server thread/TRACE] [FML]:   Registry: 339 minecraft:entity.parrot.imitate.slime net.minecraft.util.SoundEvent@76130a29
[13:30:10] [Server thread/TRACE] [FML]:   Registry: 340 minecraft:entity.parrot.imitate.spider net.minecraft.util.SoundEvent@124d02b2
[13:30:10] [Server thread/TRACE] [FML]:   Registry: 341 minecraft:entity.parrot.imitate.stray net.minecraft.util.SoundEvent@3451f01d
[13:30:10] [Server thread/TRACE] [FML]:   Registry: 342 minecraft:entity.parrot.imitate.vex net.minecraft.util.SoundEvent@72503b19
[13:30:10] [Server thread/TRACE] [FML]:   Registry: 343 minecraft:entity.parrot.imitate.vindication_illager net.minecraft.util.SoundEvent@1cfc2538
[13:30:10] [Server thread/TRACE] [FML]:   Registry: 344 minecraft:entity.parrot.imitate.witch net.minecraft.util.SoundEvent@66deec87
[13:30:10] [Server thread/TRACE] [FML]:   Registry: 345 minecraft:entity.parrot.imitate.wither net.minecraft.util.SoundEvent@5d342959
[13:30:10] [Server thread/TRACE] [FML]:   Registry: 346 minecraft:entity.parrot.imitate.wither_skeleton net.minecraft.util.SoundEvent@2ecf5915
[13:30:10] [Server thread/TRACE] [FML]:   Registry: 347 minecraft:entity.parrot.imitate.wolf net.minecraft.util.SoundEvent@53e76c11
[13:30:10] [Server thread/TRACE] [FML]:   Registry: 348 minecraft:entity.parrot.imitate.zombie net.minecraft.util.SoundEvent@42cc183e
[13:30:10] [Server thread/TRACE] [FML]:   Registry: 349 minecraft:entity.parrot.imitate.zombie_pigman net.minecraft.util.SoundEvent@3e4e8fdf
[13:30:10] [Server thread/TRACE] [FML]:   Registry: 350 minecraft:entity.parrot.imitate.zombie_villager net.minecraft.util.SoundEvent@6a1d6ef2
[13:30:10] [Server thread/TRACE] [FML]:   Registry: 351 minecraft:entity.parrot.step net.minecraft.util.SoundEvent@2721044
[13:30:10] [Server thread/TRACE] [FML]:   Registry: 352 minecraft:entity.pig.ambient net.minecraft.util.SoundEvent@205df5dc
[13:30:10] [Server thread/TRACE] [FML]:   Registry: 353 minecraft:entity.pig.death net.minecraft.util.SoundEvent@6aa7b67f
[13:30:10] [Server thread/TRACE] [FML]:   Registry: 354 minecraft:entity.pig.hurt net.minecraft.util.SoundEvent@6bcc3f27
[13:30:10] [Server thread/TRACE] [FML]:   Registry: 355 minecraft:entity.pig.saddle net.minecraft.util.SoundEvent@79aee22a
[13:30:10] [Server thread/TRACE] [FML]:   Registry: 356 minecraft:entity.pig.step net.minecraft.util.SoundEvent@36920bd6
[13:30:10] [Server thread/TRACE] [FML]:   Registry: 357 minecraft:entity.player.attack.crit net.minecraft.util.SoundEvent@61514735
[13:30:10] [Server thread/TRACE] [FML]:   Registry: 358 minecraft:entity.player.attack.knockback net.minecraft.util.SoundEvent@6bee793f
[13:30:10] [Server thread/TRACE] [FML]:   Registry: 359 minecraft:entity.player.attack.nodamage net.minecraft.util.SoundEvent@655f69da
[13:30:10] [Server thread/TRACE] [FML]:   Registry: 360 minecraft:entity.player.attack.strong net.minecraft.util.SoundEvent@43b5021c
[13:30:10] [Server thread/TRACE] [FML]:   Registry: 361 minecraft:entity.player.attack.sweep net.minecraft.util.SoundEvent@28369db0
[13:30:10] [Server thread/TRACE] [FML]:   Registry: 362 minecraft:entity.player.attack.weak net.minecraft.util.SoundEvent@30893e08
[13:30:10] [Server thread/TRACE] [FML]:   Registry: 363 minecraft:entity.player.big_fall net.minecraft.util.SoundEvent@2e86807a
[13:30:10] [Server thread/TRACE] [FML]:   Registry: 364 minecraft:entity.player.breath net.minecraft.util.SoundEvent@4548d254
[13:30:10] [Server thread/TRACE] [FML]:   Registry: 365 minecraft:entity.player.burp net.minecraft.util.SoundEvent@590f0c50
[13:30:10] [Server thread/TRACE] [FML]:   Registry: 366 minecraft:entity.player.death net.minecraft.util.SoundEvent@208f0007
[13:30:10] [Server thread/TRACE] [FML]:   Registry: 367 minecraft:entity.player.hurt net.minecraft.util.SoundEvent@3a90c13c
[13:30:10] [Server thread/TRACE] [FML]:   Registry: 368 minecraft:entity.player.hurt_drown net.minecraft.util.SoundEvent@39c96e48
[13:30:10] [Server thread/TRACE] [FML]:   Registry: 369 minecraft:entity.player.hurt_on_fire net.minecraft.util.SoundEvent@188598ad
[13:30:10] [Server thread/TRACE] [FML]:   Registry: 370 minecraft:entity.player.levelup net.minecraft.util.SoundEvent@40d23c82
[13:30:10] [Server thread/TRACE] [FML]:   Registry: 371 minecraft:entity.player.small_fall net.minecraft.util.SoundEvent@7cf78c85
[13:30:10] [Server thread/TRACE] [FML]:   Registry: 372 minecraft:entity.player.splash net.minecraft.util.SoundEvent@ebe067d
[13:30:10] [Server thread/TRACE] [FML]:   Registry: 373 minecraft:entity.player.swim net.minecraft.util.SoundEvent@3a4ab7f7
[13:30:10] [Server thread/TRACE] [FML]:   Registry: 374 minecraft:entity.polar_bear.ambient net.minecraft.util.SoundEvent@6badba10
[13:30:10] [Server thread/TRACE] [FML]:   Registry: 375 minecraft:entity.polar_bear.baby_ambient net.minecraft.util.SoundEvent@2b7e8044
[13:30:10] [Server thread/TRACE] [FML]:   Registry: 376 minecraft:entity.polar_bear.death net.minecraft.util.SoundEvent@550de6b8
[13:30:10] [Server thread/TRACE] [FML]:   Registry: 377 minecraft:entity.polar_bear.hurt net.minecraft.util.SoundEvent@3a1706e1
[13:30:10] [Server thread/TRACE] [FML]:   Registry: 378 minecraft:entity.polar_bear.step net.minecraft.util.SoundEvent@3c6c4689
[13:30:10] [Server thread/TRACE] [FML]:   Registry: 379 minecraft:entity.polar_bear.warning net.minecraft.util.SoundEvent@63cf9de0
[13:30:10] [Server thread/TRACE] [FML]:   Registry: 380 minecraft:entity.rabbit.ambient net.minecraft.util.SoundEvent@594d9f07
[13:30:10] [Server thread/TRACE] [FML]:   Registry: 381 minecraft:entity.rabbit.attack net.minecraft.util.SoundEvent@5befbac1
[13:30:10] [Server thread/TRACE] [FML]:   Registry: 382 minecraft:entity.rabbit.death net.minecraft.util.SoundEvent@5e9f73b
[13:30:10] [Server thread/TRACE] [FML]:   Registry: 383 minecraft:entity.rabbit.hurt net.minecraft.util.SoundEvent@1a565afb
[13:30:10] [Server thread/TRACE] [FML]:   Registry: 384 minecraft:entity.rabbit.jump net.minecraft.util.SoundEvent@2fd64b11
[13:30:10] [Server thread/TRACE] [FML]:   Registry: 385 minecraft:entity.sheep.ambient net.minecraft.util.SoundEvent@949c598
[13:30:10] [Server thread/TRACE] [FML]:   Registry: 386 minecraft:entity.sheep.death net.minecraft.util.SoundEvent@43d3aba5
[13:30:10] [Server thread/TRACE] [FML]:   Registry: 387 minecraft:entity.sheep.hurt net.minecraft.util.SoundEvent@6bfaa0a6
[13:30:10] [Server thread/TRACE] [FML]:   Registry: 388 minecraft:entity.sheep.shear net.minecraft.util.SoundEvent@76e9f00b
[13:30:10] [Server thread/TRACE] [FML]:   Registry: 389 minecraft:entity.sheep.step net.minecraft.util.SoundEvent@314b9e4b
[13:30:10] [Server thread/TRACE] [FML]:   Registry: 390 minecraft:entity.shulker.ambient net.minecraft.util.SoundEvent@6f1b8544
[13:30:10] [Server thread/TRACE] [FML]:   Registry: 391 minecraft:entity.shulker.close net.minecraft.util.SoundEvent@51dae791
[13:30:10] [Server thread/TRACE] [FML]:   Registry: 392 minecraft:entity.shulker.death net.minecraft.util.SoundEvent@688a2c09
[13:30:10] [Server thread/TRACE] [FML]:   Registry: 393 minecraft:entity.shulker.hurt net.minecraft.util.SoundEvent@5de5e95
[13:30:10] [Server thread/TRACE] [FML]:   Registry: 394 minecraft:entity.shulker.hurt_closed net.minecraft.util.SoundEvent@365cdacf
[13:30:10] [Server thread/TRACE] [FML]:   Registry: 395 minecraft:entity.shulker.open net.minecraft.util.SoundEvent@303c55fa
[13:30:10] [Server thread/TRACE] [FML]:   Registry: 396 minecraft:entity.shulker.shoot net.minecraft.util.SoundEvent@9efcd90
[13:30:10] [Server thread/TRACE] [FML]:   Registry: 397 minecraft:entity.shulker.teleport net.minecraft.util.SoundEvent@7eb200ce
[13:30:10] [Server thread/TRACE] [FML]:   Registry: 398 minecraft:entity.shulker_bullet.hit net.minecraft.util.SoundEvent@2ee83775
[13:30:10] [Server thread/TRACE] [FML]:   Registry: 399 minecraft:entity.shulker_bullet.hurt net.minecraft.util.SoundEvent@7c2924d7
[13:30:10] [Server thread/TRACE] [FML]:   Registry: 400 minecraft:entity.silverfish.ambient net.minecraft.util.SoundEvent@b5de58f
[13:30:10] [Server thread/TRACE] [FML]:   Registry: 401 minecraft:entity.silverfish.death net.minecraft.util.SoundEvent@6587305a
[13:30:10] [Server thread/TRACE] [FML]:   Registry: 402 minecraft:entity.silverfish.hurt net.minecraft.util.SoundEvent@abbe000
[13:30:10] [Server thread/TRACE] [FML]:   Registry: 403 minecraft:entity.silverfish.step net.minecraft.util.SoundEvent@3f81621c
[13:30:10] [Server thread/TRACE] [FML]:   Registry: 404 minecraft:entity.skeleton.ambient net.minecraft.util.SoundEvent@5b9499fe
[13:30:10] [Server thread/TRACE] [FML]:   Registry: 405 minecraft:entity.skeleton.death net.minecraft.util.SoundEvent@74d6736
[13:30:10] [Server thread/TRACE] [FML]:   Registry: 406 minecraft:entity.skeleton.hurt net.minecraft.util.SoundEvent@52a33c3f
[13:30:10] [Server thread/TRACE] [FML]:   Registry: 407 minecraft:entity.skeleton.shoot net.minecraft.util.SoundEvent@668625f5
[13:30:10] [Server thread/TRACE] [FML]:   Registry: 408 minecraft:entity.skeleton.step net.minecraft.util.SoundEvent@19a20bb2
[13:30:10] [Server thread/TRACE] [FML]:   Registry: 409 minecraft:entity.skeleton_horse.ambient net.minecraft.util.SoundEvent@75babb67
[13:30:10] [Server thread/TRACE] [FML]:   Registry: 410 minecraft:entity.skeleton_horse.death net.minecraft.util.SoundEvent@3eb3232b
[13:30:10] [Server thread/TRACE] [FML]:   Registry: 411 minecraft:entity.skeleton_horse.hurt net.minecraft.util.SoundEvent@69cd1085
[13:30:10] [Server thread/TRACE] [FML]:   Registry: 412 minecraft:entity.slime.attack net.minecraft.util.SoundEvent@60bb7995
[13:30:10] [Server thread/TRACE] [FML]:   Registry: 413 minecraft:entity.slime.death net.minecraft.util.SoundEvent@40fa8766
[13:30:10] [Server thread/TRACE] [FML]:   Registry: 414 minecraft:entity.slime.hurt net.minecraft.util.SoundEvent@67774e29
[13:30:10] [Server thread/TRACE] [FML]:   Registry: 415 minecraft:entity.slime.jump net.minecraft.util.SoundEvent@663f237a
[13:30:10] [Server thread/TRACE] [FML]:   Registry: 416 minecraft:entity.slime.squish net.minecraft.util.SoundEvent@5d7399f9
[13:30:10] [Server thread/TRACE] [FML]:   Registry: 417 minecraft:entity.small_magmacube.death net.minecraft.util.SoundEvent@49a6f486
[13:30:10] [Server thread/TRACE] [FML]:   Registry: 418 minecraft:entity.small_magmacube.hurt net.minecraft.util.SoundEvent@14fded9d
[13:30:10] [Server thread/TRACE] [FML]:   Registry: 419 minecraft:entity.small_magmacube.squish net.minecraft.util.SoundEvent@bc6288b
[13:30:10] [Server thread/TRACE] [FML]:   Registry: 420 minecraft:entity.small_slime.death net.minecraft.util.SoundEvent@4a3bd45b
[13:30:10] [Server thread/TRACE] [FML]:   Registry: 421 minecraft:entity.small_slime.hurt net.minecraft.util.SoundEvent@34c70b5e
[13:30:10] [Server thread/TRACE] [FML]:   Registry: 422 minecraft:entity.small_slime.jump net.minecraft.util.SoundEvent@4f2d995e
[13:30:10] [Server thread/TRACE] [FML]:   Registry: 423 minecraft:entity.small_slime.squish net.minecraft.util.SoundEvent@75156240
[13:30:10] [Server thread/TRACE] [FML]:   Registry: 424 minecraft:entity.snowball.throw net.minecraft.util.SoundEvent@6198e9b5
[13:30:10] [Server thread/TRACE] [FML]:   Registry: 425 minecraft:entity.snowman.ambient net.minecraft.util.SoundEvent@6d099323
[13:30:10] [Server thread/TRACE] [FML]:   Registry: 426 minecraft:entity.snowman.death net.minecraft.util.SoundEvent@4ecd00b5
[13:30:10] [Server thread/TRACE] [FML]:   Registry: 427 minecraft:entity.snowman.hurt net.minecraft.util.SoundEvent@10947c4e
[13:30:10] [Server thread/TRACE] [FML]:   Registry: 428 minecraft:entity.snowman.shoot net.minecraft.util.SoundEvent@3667faa8
[13:30:10] [Server thread/TRACE] [FML]:   Registry: 429 minecraft:entity.spider.ambient net.minecraft.util.SoundEvent@1756f7cc
[13:30:10] [Server thread/TRACE] [FML]:   Registry: 430 minecraft:entity.spider.death net.minecraft.util.SoundEvent@3138953b
[13:30:10] [Server thread/TRACE] [FML]:   Registry: 431 minecraft:entity.spider.hurt net.minecraft.util.SoundEvent@27df95e
[13:30:10] [Server thread/TRACE] [FML]:   Registry: 432 minecraft:entity.spider.step net.minecraft.util.SoundEvent@b46e103
[13:30:10] [Server thread/TRACE] [FML]:   Registry: 433 minecraft:entity.splash_potion.break net.minecraft.util.SoundEvent@2b0e9f30
[13:30:10] [Server thread/TRACE] [FML]:   Registry: 434 minecraft:entity.splash_potion.throw net.minecraft.util.SoundEvent@5eea5627
[13:30:10] [Server thread/TRACE] [FML]:   Registry: 435 minecraft:entity.squid.ambient net.minecraft.util.SoundEvent@3330f3ad
[13:30:10] [Server thread/TRACE] [FML]:   Registry: 436 minecraft:entity.squid.death net.minecraft.util.SoundEvent@f425231
[13:30:10] [Server thread/TRACE] [FML]:   Registry: 437 minecraft:entity.squid.hurt net.minecraft.util.SoundEvent@506aabf6
[13:30:10] [Server thread/TRACE] [FML]:   Registry: 438 minecraft:entity.stray.ambient net.minecraft.util.SoundEvent@5cbd94b2
[13:30:10] [Server thread/TRACE] [FML]:   Registry: 439 minecraft:entity.stray.death net.minecraft.util.SoundEvent@6824b913
[13:30:10] [Server thread/TRACE] [FML]:   Registry: 440 minecraft:entity.stray.hurt net.minecraft.util.SoundEvent@756aadfc
[13:30:10] [Server thread/TRACE] [FML]:   Registry: 441 minecraft:entity.stray.step net.minecraft.util.SoundEvent@705a8dbc
[13:30:10] [Server thread/TRACE] [FML]:   Registry: 442 minecraft:entity.tnt.primed net.minecraft.util.SoundEvent@40729f01
[13:30:10] [Server thread/TRACE] [FML]:   Registry: 443 minecraft:entity.vex.ambient net.minecraft.util.SoundEvent@d535a3d
[13:30:10] [Server thread/TRACE] [FML]:   Registry: 444 minecraft:entity.vex.charge net.minecraft.util.SoundEvent@2d760326
[13:30:10] [Server thread/TRACE] [FML]:   Registry: 445 minecraft:entity.vex.death net.minecraft.util.SoundEvent@9e54c59
[13:30:10] [Server thread/TRACE] [FML]:   Registry: 446 minecraft:entity.vex.hurt net.minecraft.util.SoundEvent@5dbb50f3
[13:30:10] [Server thread/TRACE] [FML]:   Registry: 447 minecraft:entity.villager.ambient net.minecraft.util.SoundEvent@4a2e7bcb
[13:30:10] [Server thread/TRACE] [FML]:   Registry: 448 minecraft:entity.villager.death net.minecraft.util.SoundEvent@575c3e9b
[13:30:10] [Server thread/TRACE] [FML]:   Registry: 449 minecraft:entity.villager.hurt net.minecraft.util.SoundEvent@74f827ad
[13:30:10] [Server thread/TRACE] [FML]:   Registry: 450 minecraft:entity.villager.no net.minecraft.util.SoundEvent@73c3cd09
[13:30:10] [Server thread/TRACE] [FML]:   Registry: 451 minecraft:entity.villager.trading net.minecraft.util.SoundEvent@4a8a0099
[13:30:10] [Server thread/TRACE] [FML]:   Registry: 452 minecraft:entity.villager.yes net.minecraft.util.SoundEvent@7c1447b5
[13:30:10] [Server thread/TRACE] [FML]:   Registry: 453 minecraft:entity.vindication_illager.ambient net.minecraft.util.SoundEvent@49e4c2d5
[13:30:10] [Server thread/TRACE] [FML]:   Registry: 454 minecraft:entity.vindication_illager.death net.minecraft.util.SoundEvent@24a2e565
[13:30:10] [Server thread/TRACE] [FML]:   Registry: 455 minecraft:entity.vindication_illager.hurt net.minecraft.util.SoundEvent@3e36b7a0
[13:30:10] [Server thread/TRACE] [FML]:   Registry: 456 minecraft:entity.witch.ambient net.minecraft.util.SoundEvent@60c1663c
[13:30:10] [Server thread/TRACE] [FML]:   Registry: 457 minecraft:entity.witch.death net.minecraft.util.SoundEvent@f5cf29b
[13:30:10] [Server thread/TRACE] [FML]:   Registry: 458 minecraft:entity.witch.drink net.minecraft.util.SoundEvent@3c66b7d8
[13:30:10] [Server thread/TRACE] [FML]:   Registry: 459 minecraft:entity.witch.hurt net.minecraft.util.SoundEvent@37e69c43
[13:30:10] [Server thread/TRACE] [FML]:   Registry: 460 minecraft:entity.witch.throw net.minecraft.util.SoundEvent@5c7dfc05
[13:30:10] [Server thread/TRACE] [FML]:   Registry: 461 minecraft:entity.wither.ambient net.minecraft.util.SoundEvent@345d053b
[13:30:10] [Server thread/TRACE] [FML]:   Registry: 462 minecraft:entity.wither.break_block net.minecraft.util.SoundEvent@3d0cac1f
[13:30:10] [Server thread/TRACE] [FML]:   Registry: 463 minecraft:entity.wither.death net.minecraft.util.SoundEvent@3e8b3b79
[13:30:10] [Server thread/TRACE] [FML]:   Registry: 464 minecraft:entity.wither.hurt net.minecraft.util.SoundEvent@d257579
[13:30:10] [Server thread/TRACE] [FML]:   Registry: 465 minecraft:entity.wither.shoot net.minecraft.util.SoundEvent@518ddd3b
[13:30:10] [Server thread/TRACE] [FML]:   Registry: 466 minecraft:entity.wither.spawn net.minecraft.util.SoundEvent@939ff41
[13:30:10] [Server thread/TRACE] [FML]:   Registry: 467 minecraft:entity.wither_skeleton.ambient net.minecraft.util.SoundEvent@6e0e5dec
[13:30:10] [Server thread/TRACE] [FML]:   Registry: 468 minecraft:entity.wither_skeleton.death net.minecraft.util.SoundEvent@48a663e9
[13:30:10] [Server thread/TRACE] [FML]:   Registry: 469 minecraft:entity.wither_skeleton.hurt net.minecraft.util.SoundEvent@777d0bc3
[13:30:10] [Server thread/TRACE] [FML]:   Registry: 470 minecraft:entity.wither_skeleton.step net.minecraft.util.SoundEvent@3178219a
[13:30:10] [Server thread/TRACE] [FML]:   Registry: 471 minecraft:entity.wolf.ambient net.minecraft.util.SoundEvent@2d85fb64
[13:30:10] [Server thread/TRACE] [FML]:   Registry: 472 minecraft:entity.wolf.death net.minecraft.util.SoundEvent@56476c16
[13:30:10] [Server thread/TRACE] [FML]:   Registry: 473 minecraft:entity.wolf.growl net.minecraft.util.SoundEvent@497b560e
[13:30:10] [Server thread/TRACE] [FML]:   Registry: 474 minecraft:entity.wolf.howl net.minecraft.util.SoundEvent@39ffda4a
[13:30:10] [Server thread/TRACE] [FML]:   Registry: 475 minecraft:entity.wolf.hurt net.minecraft.util.SoundEvent@3ba348ca
[13:30:10] [Server thread/TRACE] [FML]:   Registry: 476 minecraft:entity.wolf.pant net.minecraft.util.SoundEvent@56e9a474
[13:30:10] [Server thread/TRACE] [FML]:   Registry: 477 minecraft:entity.wolf.shake net.minecraft.util.SoundEvent@45b15381
[13:30:10] [Server thread/TRACE] [FML]:   Registry: 478 minecraft:entity.wolf.step net.minecraft.util.SoundEvent@2dbfcf7
[13:30:10] [Server thread/TRACE] [FML]:   Registry: 479 minecraft:entity.wolf.whine net.minecraft.util.SoundEvent@239f017e
[13:30:10] [Server thread/TRACE] [FML]:   Registry: 480 minecraft:entity.zombie.ambient net.minecraft.util.SoundEvent@38cedb7d
[13:30:10] [Server thread/TRACE] [FML]:   Registry: 481 minecraft:entity.zombie.attack_door_wood net.minecraft.util.SoundEvent@772caabe
[13:30:10] [Server thread/TRACE] [FML]:   Registry: 482 minecraft:entity.zombie.attack_iron_door net.minecraft.util.SoundEvent@2acdcce8
[13:30:10] [Server thread/TRACE] [FML]:   Registry: 483 minecraft:entity.zombie.break_door_wood net.minecraft.util.SoundEvent@7102ac3e
[13:30:10] [Server thread/TRACE] [FML]:   Registry: 484 minecraft:entity.zombie.death net.minecraft.util.SoundEvent@3f598450
[13:30:10] [Server thread/TRACE] [FML]:   Registry: 485 minecraft:entity.zombie.hurt net.minecraft.util.SoundEvent@2db2a05f
[13:30:10] [Server thread/TRACE] [FML]:   Registry: 486 minecraft:entity.zombie.infect net.minecraft.util.SoundEvent@695c938d
[13:30:10] [Server thread/TRACE] [FML]:   Registry: 487 minecraft:entity.zombie.step net.minecraft.util.SoundEvent@d5bb1c4
[13:30:10] [Server thread/TRACE] [FML]:   Registry: 488 minecraft:entity.zombie_horse.ambient net.minecraft.util.SoundEvent@7ed3df3b
[13:30:10] [Server thread/TRACE] [FML]:   Registry: 489 minecraft:entity.zombie_horse.death net.minecraft.util.SoundEvent@465b38e6
[13:30:10] [Server thread/TRACE] [FML]:   Registry: 490 minecraft:entity.zombie_horse.hurt net.minecraft.util.SoundEvent@4b960b5b
[13:30:10] [Server thread/TRACE] [FML]:   Registry: 491 minecraft:entity.zombie_pig.ambient net.minecraft.util.SoundEvent@1b13467c
[13:30:10] [Server thread/TRACE] [FML]:   Registry: 492 minecraft:entity.zombie_pig.angry net.minecraft.util.SoundEvent@7bd96822
[13:30:10] [Server thread/TRACE] [FML]:   Registry: 493 minecraft:entity.zombie_pig.death net.minecraft.util.SoundEvent@64dae3b7
[13:30:10] [Server thread/TRACE] [FML]:   Registry: 494 minecraft:entity.zombie_pig.hurt net.minecraft.util.SoundEvent@1fedf0a4
[13:30:10] [Server thread/TRACE] [FML]:   Registry: 495 minecraft:entity.zombie_villager.ambient net.minecraft.util.SoundEvent@1e4c6583
[13:30:10] [Server thread/TRACE] [FML]:   Registry: 496 minecraft:entity.zombie_villager.converted net.minecraft.util.SoundEvent@2ee48610
[13:30:10] [Server thread/TRACE] [FML]:   Registry: 497 minecraft:entity.zombie_villager.cure net.minecraft.util.SoundEvent@1d901f20
[13:30:10] [Server thread/TRACE] [FML]:   Registry: 498 minecraft:entity.zombie_villager.death net.minecraft.util.SoundEvent@6d08b4e6
[13:30:10] [Server thread/TRACE] [FML]:   Registry: 499 minecraft:entity.zombie_villager.hurt net.minecraft.util.SoundEvent@1015a4b9
[13:30:10] [Server thread/TRACE] [FML]:   Registry: 500 minecraft:entity.zombie_villager.step net.minecraft.util.SoundEvent@1acb74ad
[13:30:10] [Server thread/TRACE] [FML]:   Registry: 501 minecraft:item.armor.equip_chain net.minecraft.util.SoundEvent@7bf01cb
[13:30:10] [Server thread/TRACE] [FML]:   Registry: 502 minecraft:item.armor.equip_diamond net.minecraft.util.SoundEvent@2f382a5e
[13:30:10] [Server thread/TRACE] [FML]:   Registry: 503 minecraft:item.armor.equip_elytra net.minecraft.util.SoundEvent@12b5736c
[13:30:10] [Server thread/TRACE] [FML]:   Registry: 504 minecraft:item.armor.equip_generic net.minecraft.util.SoundEvent@539a138b
[13:30:10] [Server thread/TRACE] [FML]:   Registry: 505 minecraft:item.armor.equip_gold net.minecraft.util.SoundEvent@2cd4e16a
[13:30:10] [Server thread/TRACE] [FML]:   Registry: 506 minecraft:item.armor.equip_iron net.minecraft.util.SoundEvent@42505474
[13:30:10] [Server thread/TRACE] [FML]:   Registry: 507 minecraft:item.armor.equip_leather net.minecraft.util.SoundEvent@7b477141
[13:30:10] [Server thread/TRACE] [FML]:   Registry: 508 minecraft:item.bottle.empty net.minecraft.util.SoundEvent@784223e9
[13:30:10] [Server thread/TRACE] [FML]:   Registry: 509 minecraft:item.bottle.fill net.minecraft.util.SoundEvent@7316523a
[13:30:10] [Server thread/TRACE] [FML]:   Registry: 510 minecraft:item.bottle.fill_dragonbreath net.minecraft.util.SoundEvent@33a55bd8
[13:30:10] [Server thread/TRACE] [FML]:   Registry: 511 minecraft:item.bucket.empty net.minecraft.util.SoundEvent@73a8e994
[13:30:10] [Server thread/TRACE] [FML]:   Registry: 512 minecraft:item.bucket.empty_lava net.minecraft.util.SoundEvent@1a1cc163
[13:30:10] [Server thread/TRACE] [FML]:   Registry: 513 minecraft:item.bucket.fill net.minecraft.util.SoundEvent@5b5ac798
[13:30:10] [Server thread/TRACE] [FML]:   Registry: 514 minecraft:item.bucket.fill_lava net.minecraft.util.SoundEvent@42383cb0
[13:30:10] [Server thread/TRACE] [FML]:   Registry: 515 minecraft:item.chorus_fruit.teleport net.minecraft.util.SoundEvent@7668892a
[13:30:10] [Server thread/TRACE] [FML]:   Registry: 516 minecraft:item.elytra.flying net.minecraft.util.SoundEvent@a83495d
[13:30:10] [Server thread/TRACE] [FML]:   Registry: 517 minecraft:item.firecharge.use net.minecraft.util.SoundEvent@7e83992
[13:30:10] [Server thread/TRACE] [FML]:   Registry: 518 minecraft:item.flintandsteel.use net.minecraft.util.SoundEvent@4364863
[13:30:10] [Server thread/TRACE] [FML]:   Registry: 519 minecraft:item.hoe.till net.minecraft.util.SoundEvent@3625a016
[13:30:10] [Server thread/TRACE] [FML]:   Registry: 520 minecraft:item.shield.block net.minecraft.util.SoundEvent@267cde2e
[13:30:10] [Server thread/TRACE] [FML]:   Registry: 521 minecraft:item.shield.break net.minecraft.util.SoundEvent@609e57da
[13:30:10] [Server thread/TRACE] [FML]:   Registry: 522 minecraft:item.shovel.flatten net.minecraft.util.SoundEvent@56dd6efa
[13:30:10] [Server thread/TRACE] [FML]:   Registry: 523 minecraft:item.totem.use net.minecraft.util.SoundEvent@4d634127
[13:30:10] [Server thread/TRACE] [FML]:   Registry: 524 minecraft:music.creative net.minecraft.util.SoundEvent@d2e6b0b
[13:30:10] [Server thread/TRACE] [FML]:   Registry: 525 minecraft:music.credits net.minecraft.util.SoundEvent@1f1cddf3
[13:30:10] [Server thread/TRACE] [FML]:   Registry: 526 minecraft:music.dragon net.minecraft.util.SoundEvent@228bda54
[13:30:10] [Server thread/TRACE] [FML]:   Registry: 527 minecraft:music.end net.minecraft.util.SoundEvent@75b6dd5b
[13:30:10] [Server thread/TRACE] [FML]:   Registry: 528 minecraft:music.game net.minecraft.util.SoundEvent@b3e86d5
[13:30:10] [Server thread/TRACE] [FML]:   Registry: 529 minecraft:music.menu net.minecraft.util.SoundEvent@72b43104
[13:30:10] [Server thread/TRACE] [FML]:   Registry: 530 minecraft:music.nether net.minecraft.util.SoundEvent@e111c7c
[13:30:10] [Server thread/TRACE] [FML]:   Registry: 531 minecraft:record.11 net.minecraft.util.SoundEvent@4d0e54e0
[13:30:10] [Server thread/TRACE] [FML]:   Registry: 532 minecraft:record.13 net.minecraft.util.SoundEvent@32f96bba
[13:30:10] [Server thread/TRACE] [FML]:   Registry: 533 minecraft:record.blocks net.minecraft.util.SoundEvent@611640f0
[13:30:10] [Server thread/TRACE] [FML]:   Registry: 534 minecraft:record.cat net.minecraft.util.SoundEvent@67e25252
[13:30:10] [Server thread/TRACE] [FML]:   Registry: 535 minecraft:record.chirp net.minecraft.util.SoundEvent@58f4b31a
[13:30:10] [Server thread/TRACE] [FML]:   Registry: 536 minecraft:record.far net.minecraft.util.SoundEvent@21a9a705
[13:30:10] [Server thread/TRACE] [FML]:   Registry: 537 minecraft:record.mall net.minecraft.util.SoundEvent@72eb6200
[13:30:10] [Server thread/TRACE] [FML]:   Registry: 538 minecraft:record.mellohi net.minecraft.util.SoundEvent@76ececd
[13:30:10] [Server thread/TRACE] [FML]:   Registry: 539 minecraft:record.stal net.minecraft.util.SoundEvent@7affc159
[13:30:10] [Server thread/TRACE] [FML]:   Registry: 540 minecraft:record.strad net.minecraft.util.SoundEvent@1682c08c
[13:30:10] [Server thread/TRACE] [FML]:   Registry: 541 minecraft:record.wait net.minecraft.util.SoundEvent@3fd05b3e
[13:30:10] [Server thread/TRACE] [FML]:   Registry: 542 minecraft:record.ward net.minecraft.util.SoundEvent@4eb9f2af
[13:30:10] [Server thread/TRACE] [FML]:   Registry: 543 minecraft:ui.button.click net.minecraft.util.SoundEvent@4a481728
[13:30:10] [Server thread/TRACE] [FML]:   Registry: 544 minecraft:ui.toast.in net.minecraft.util.SoundEvent@4ace284d
[13:30:10] [Server thread/TRACE] [FML]:   Registry: 545 minecraft:ui.toast.out net.minecraft.util.SoundEvent@77fa9381
[13:30:10] [Server thread/TRACE] [FML]:   Registry: 546 minecraft:ui.toast.challenge_complete net.minecraft.util.SoundEvent@76d72b5b
[13:30:10] [Server thread/TRACE] [FML]:   Registry: 547 minecraft:weather.rain net.minecraft.util.SoundEvent@7cac93fe
[13:30:10] [Server thread/TRACE] [FML]:   Registry: 548 minecraft:weather.rain.above net.minecraft.util.SoundEvent@479b5066
[13:30:10] [Server thread/TRACE] [FML]: Registry Name : minecraft:potiontypes
[13:30:10] [Server thread/TRACE] [FML]:   Registry: 0 minecraft:empty net.minecraft.potion.PotionType@5e681097
[13:30:10] [Server thread/TRACE] [FML]:   Registry: 1 minecraft:water net.minecraft.potion.PotionType@152891f8
[13:30:10] [Server thread/TRACE] [FML]:   Registry: 2 minecraft:mundane net.minecraft.potion.PotionType@1d2c253
[13:30:10] [Server thread/TRACE] [FML]:   Registry: 3 minecraft:thick net.minecraft.potion.PotionType@15a484a9
[13:30:10] [Server thread/TRACE] [FML]:   Registry: 4 minecraft:awkward net.minecraft.potion.PotionType@b56c222
[13:30:10] [Server thread/TRACE] [FML]:   Registry: 5 minecraft:night_vision net.minecraft.potion.PotionType@5a2035e1
[13:30:10] [Server thread/TRACE] [FML]:   Registry: 6 minecraft:long_night_vision net.minecraft.potion.PotionType@4df7b4ac
[13:30:10] [Server thread/TRACE] [FML]:   Registry: 7 minecraft:invisibility net.minecraft.potion.PotionType@7c47e077
[13:30:10] [Server thread/TRACE] [FML]:   Registry: 8 minecraft:long_invisibility net.minecraft.potion.PotionType@41bd6a0f
[13:30:10] [Server thread/TRACE] [FML]:   Registry: 9 minecraft:leaping net.minecraft.potion.PotionType@1ae9d0e4
[13:30:10] [Server thread/TRACE] [FML]:   Registry: 10 minecraft:long_leaping net.minecraft.potion.PotionType@6acb45c1
[13:30:10] [Server thread/TRACE] [FML]:   Registry: 11 minecraft:strong_leaping net.minecraft.potion.PotionType@294c44b7
[13:30:10] [Server thread/TRACE] [FML]:   Registry: 12 minecraft:fire_resistance net.minecraft.potion.PotionType@30bbe83
[13:30:10] [Server thread/TRACE] [FML]:   Registry: 13 minecraft:long_fire_resistance net.minecraft.potion.PotionType@57b130f6
[13:30:10] [Server thread/TRACE] [FML]:   Registry: 14 minecraft:swiftness net.minecraft.potion.PotionType@67e4928c
[13:30:10] [Server thread/TRACE] [FML]:   Registry: 15 minecraft:long_swiftness net.minecraft.potion.PotionType@2cc61b3b
[13:30:10] [Server thread/TRACE] [FML]:   Registry: 16 minecraft:strong_swiftness net.minecraft.potion.PotionType@72e75786
[13:30:10] [Server thread/TRACE] [FML]:   Registry: 17 minecraft:slowness net.minecraft.potion.PotionType@2c0fefac
[13:30:10] [Server thread/TRACE] [FML]:   Registry: 18 minecraft:long_slowness net.minecraft.potion.PotionType@6fbc7853
[13:30:10] [Server thread/TRACE] [FML]:   Registry: 19 minecraft:water_breathing net.minecraft.potion.PotionType@733fa95c
[13:30:10] [Server thread/TRACE] [FML]:   Registry: 20 minecraft:long_water_breathing net.minecraft.potion.PotionType@3b2c8bda
[13:30:10] [Server thread/TRACE] [FML]:   Registry: 21 minecraft:healing net.minecraft.potion.PotionType@688d619c
[13:30:10] [Server thread/TRACE] [FML]:   Registry: 22 minecraft:strong_healing net.minecraft.potion.PotionType@647ff23e
[13:30:10] [Server thread/TRACE] [FML]:   Registry: 23 minecraft:harming net.minecraft.potion.PotionType@6a04d2a4
[13:30:10] [Server thread/TRACE] [FML]:   Registry: 24 minecraft:strong_harming net.minecraft.potion.PotionType@35a9e665
[13:30:10] [Server thread/TRACE] [FML]:   Registry: 25 minecraft:poison net.minecraft.potion.PotionType@362be0cd
[13:30:10] [Server thread/TRACE] [FML]:   Registry: 26 minecraft:long_poison net.minecraft.potion.PotionType@2dde0a34
[13:30:10] [Server thread/TRACE] [FML]:   Registry: 27 minecraft:strong_poison net.minecraft.potion.PotionType@61836cd9
[13:30:10] [Server thread/TRACE] [FML]:   Registry: 28 minecraft:regeneration net.minecraft.potion.PotionType@1b632442
[13:30:10] [Server thread/TRACE] [FML]:   Registry: 29 minecraft:long_regeneration net.minecraft.potion.PotionType@7227926b
[13:30:10] [Server thread/TRACE] [FML]:   Registry: 30 minecraft:strong_regeneration net.minecraft.potion.PotionType@2f75a9b1
[13:30:10] [Server thread/TRACE] [FML]:   Registry: 31 minecraft:strength net.minecraft.potion.PotionType@556aed22
[13:30:10] [Server thread/TRACE] [FML]:   Registry: 32 minecraft:long_strength net.minecraft.potion.PotionType@57a982f9
[13:30:10] [Server thread/TRACE] [FML]:   Registry: 33 minecraft:strong_strength net.minecraft.potion.PotionType@19d3f6ad
[13:30:10] [Server thread/TRACE] [FML]:   Registry: 34 minecraft:weakness net.minecraft.potion.PotionType@1b69fc07
[13:30:10] [Server thread/TRACE] [FML]:   Registry: 35 minecraft:long_weakness net.minecraft.potion.PotionType@19e801b5
[13:30:10] [Server thread/TRACE] [FML]:   Registry: 36 minecraft:luck net.minecraft.potion.PotionType@24de63b
[13:30:10] [Server thread/TRACE] [FML]: Registry Name : minecraft:enchantments
[13:30:10] [Server thread/TRACE] [FML]:   Registry: 0 minecraft:protection net.minecraft.enchantment.EnchantmentProtection@33a71d23
[13:30:10] [Server thread/TRACE] [FML]:   Registry: 1 minecraft:fire_protection net.minecraft.enchantment.EnchantmentProtection@23c05889
[13:30:10] [Server thread/TRACE] [FML]:   Registry: 2 minecraft:feather_falling net.minecraft.enchantment.EnchantmentProtection@12166229
[13:30:10] [Server thread/TRACE] [FML]:   Registry: 3 minecraft:blast_protection net.minecraft.enchantment.EnchantmentProtection@208e5b23
[13:30:10] [Server thread/TRACE] [FML]:   Registry: 4 minecraft:projectile_protection net.minecraft.enchantment.EnchantmentProtection@2bcb1414
[13:30:10] [Server thread/TRACE] [FML]:   Registry: 5 minecraft:respiration net.minecraft.enchantment.EnchantmentOxygen@70ee9d31
[13:30:10] [Server thread/TRACE] [FML]:   Registry: 6 minecraft:aqua_affinity net.minecraft.enchantment.EnchantmentWaterWorker@3ec082a1
[13:30:10] [Server thread/TRACE] [FML]:   Registry: 7 minecraft:thorns net.minecraft.enchantment.EnchantmentThorns@429f0ca8
[13:30:10] [Server thread/TRACE] [FML]:   Registry: 8 minecraft:depth_strider net.minecraft.enchantment.EnchantmentWaterWalker@628b503a
[13:30:10] [Server thread/TRACE] [FML]:   Registry: 9 minecraft:frost_walker net.minecraft.enchantment.EnchantmentFrostWalker@40017e98
[13:30:10] [Server thread/TRACE] [FML]:   Registry: 10 minecraft:binding_curse net.minecraft.enchantment.EnchantmentBindingCurse@15914bb5
[13:30:10] [Server thread/TRACE] [FML]:   Registry: 11 adversity:soulbound com.adversity.enchantment.EnchantmentSoulbound@11c32b1b
[13:30:10] [Server thread/TRACE] [FML]:   Registry: 12 adversity:breaker com.adversity.enchantment.EnchantmentBreaker@f3a4502
[13:30:10] [Server thread/TRACE] [FML]:   Registry: 13 adversity:entropy_affinity com.adversity.enchantment.EnchantmentEntropyAffinity@17d560b9
[13:30:10] [Server thread/TRACE] [FML]:   Registry: 14 adversity:purifying_touch com.adversity.enchantment.EnchantmentPurifyingTouch@22b6e9d8
[13:30:10] [Server thread/TRACE] [FML]:   Registry: 15 adversity:resolute_will com.adversity.enchantment.EnchantmentResoluteWill@2a258566
[13:30:10] [Server thread/TRACE] [FML]:   Registry: 16 minecraft:sharpness net.minecraft.enchantment.EnchantmentDamage@3fd5d679
[13:30:10] [Server thread/TRACE] [FML]:   Registry: 17 minecraft:smite net.minecraft.enchantment.EnchantmentDamage@7aa15a80
[13:30:10] [Server thread/TRACE] [FML]:   Registry: 18 minecraft:bane_of_arthropods net.minecraft.enchantment.EnchantmentDamage@4d065e1a
[13:30:10] [Server thread/TRACE] [FML]:   Registry: 19 minecraft:knockback net.minecraft.enchantment.EnchantmentKnockback@7ba1cdbe
[13:30:10] [Server thread/TRACE] [FML]:   Registry: 20 minecraft:fire_aspect net.minecraft.enchantment.EnchantmentFireAspect@6febec41
[13:30:10] [Server thread/TRACE] [FML]:   Registry: 21 minecraft:looting net.minecraft.enchantment.EnchantmentLootBonus@4ec8d9b2
[13:30:10] [Server thread/TRACE] [FML]:   Registry: 22 minecraft:sweeping net.minecraft.enchantment.EnchantmentSweepingEdge@42d174ad
[13:30:10] [Server thread/TRACE] [FML]:   Registry: 32 minecraft:efficiency net.minecraft.enchantment.EnchantmentDigging@2a42019a
[13:30:10] [Server thread/TRACE] [FML]:   Registry: 33 minecraft:silk_touch net.minecraft.enchantment.EnchantmentUntouching@1f48fa72
[13:30:10] [Server thread/TRACE] [FML]:   Registry: 34 minecraft:unbreaking net.minecraft.enchantment.EnchantmentDurability@58bad46f
[13:30:10] [Server thread/TRACE] [FML]:   Registry: 35 minecraft:fortune net.minecraft.enchantment.EnchantmentLootBonus@7c0e4e4e
[13:30:10] [Server thread/TRACE] [FML]:   Registry: 48 minecraft:power net.minecraft.enchantment.EnchantmentArrowDamage@3cb04dd
[13:30:10] [Server thread/TRACE] [FML]:   Registry: 49 minecraft:punch net.minecraft.enchantment.EnchantmentArrowKnockback@f3876ef
[13:30:10] [Server thread/TRACE] [FML]:   Registry: 50 minecraft:flame net.minecraft.enchantment.EnchantmentArrowFire@fde487b
[13:30:10] [Server thread/TRACE] [FML]:   Registry: 51 minecraft:infinity net.minecraft.enchantment.EnchantmentArrowInfinite@b34c7c9
[13:30:10] [Server thread/TRACE] [FML]:   Registry: 61 minecraft:luck_of_the_sea net.minecraft.enchantment.EnchantmentLootBonus@5b490d5e
[13:30:10] [Server thread/TRACE] [FML]:   Registry: 62 minecraft:lure net.minecraft.enchantment.EnchantmentFishingSpeed@2fd4312a
[13:30:10] [Server thread/TRACE] [FML]:   Registry: 70 minecraft:mending net.minecraft.enchantment.EnchantmentMending@2c56eba5
[13:30:10] [Server thread/TRACE] [FML]:   Registry: 71 minecraft:vanishing_curse net.minecraft.enchantment.EnchantmentVanishingCurse@3c4059a
[13:30:10] [Server thread/TRACE] [FML]: Registry Name : minecraft:recipes
[13:30:10] [Server thread/TRACE] [FML]:   Registry: 0 minecraft:armordye net.minecraft.item.crafting.RecipesArmorDyes@56a9a7b5
[13:30:10] [Server thread/TRACE] [FML]:   Registry: 1 minecraft:bookcloning net.minecraft.item.crafting.RecipeBookCloning@746fd19b
[13:30:10] [Server thread/TRACE] [FML]:   Registry: 2 minecraft:mapcloning net.minecraft.item.crafting.RecipesMapCloning@3a0e7f89
[13:30:10] [Server thread/TRACE] [FML]:   Registry: 3 minecraft:mapextending net.minecraft.item.crafting.RecipesMapExtending@231d3ce
[13:30:10] [Server thread/TRACE] [FML]:   Registry: 4 minecraft:fireworks net.minecraft.item.crafting.RecipeFireworks@591a4d25
[13:30:10] [Server thread/TRACE] [FML]:   Registry: 5 minecraft:repairitem net.minecraft.item.crafting.RecipeRepairItem@6081f330
[13:30:10] [Server thread/TRACE] [FML]:   Registry: 6 minecraft:tippedarrow net.minecraft.item.crafting.RecipeTippedArrow@10f397d0
[13:30:10] [Server thread/TRACE] [FML]:   Registry: 7 minecraft:bannerduplicate net.minecraft.item.crafting.RecipesBanners$RecipeDuplicatePattern@47ffa248
[13:30:10] [Server thread/TRACE] [FML]:   Registry: 8 minecraft:banneraddpattern net.minecraft.item.crafting.RecipesBanners$RecipeAddPattern@5d77be8e
[13:30:10] [Server thread/TRACE] [FML]:   Registry: 9 minecraft:shielddecoration net.minecraft.item.crafting.ShieldRecipes$Decoration@602c167e
[13:30:10] [Server thread/TRACE] [FML]:   Registry: 10 minecraft:shulkerboxcoloring net.minecraft.item.crafting.ShulkerBoxRecipes$ShulkerBoxColoring@78d61f17
[13:30:10] [Server thread/TRACE] [FML]:   Registry: 11 minecraft:yellow_wool net.minecraft.item.crafting.ShapelessRecipes@798b36fd
[13:30:10] [Server thread/TRACE] [FML]:   Registry: 12 minecraft:yellow_stained_hardened_clay net.minecraft.item.crafting.ShapedRecipes@237cd264
[13:30:10] [Server thread/TRACE] [FML]:   Registry: 13 minecraft:yellow_stained_glass_pane net.minecraft.item.crafting.ShapedRecipes@71f056a
[13:30:10] [Server thread/TRACE] [FML]:   Registry: 14 minecraft:yellow_stained_glass net.minecraft.item.crafting.ShapedRecipes@7c56c911
[13:30:10] [Server thread/TRACE] [FML]:   Registry: 15 minecraft:yellow_dye_from_sunflower net.minecraft.item.crafting.ShapelessRecipes@7305cfb1
[13:30:10] [Server thread/TRACE] [FML]:   Registry: 16 minecraft:yellow_dye_from_dandelion net.minecraft.item.crafting.ShapelessRecipes@191774d6
[13:30:10] [Server thread/TRACE] [FML]:   Registry: 17 minecraft:yellow_concrete_powder net.minecraft.item.crafting.ShapelessRecipes@6104691c
[13:30:10] [Server thread/TRACE] [FML]:   Registry: 18 minecraft:yellow_carpet net.minecraft.item.crafting.ShapedRecipes@b68932b
[13:30:10] [Server thread/TRACE] [FML]:   Registry: 19 minecraft:yellow_bed_from_white_bed net.minecraft.item.crafting.ShapelessRecipes@2a0c244e
[13:30:10] [Server thread/TRACE] [FML]:   Registry: 20 minecraft:yellow_bed net.minecraft.item.crafting.ShapedRecipes@72288480
[13:30:10] [Server thread/TRACE] [FML]:   Registry: 21 minecraft:yellow_banner net.minecraft.item.crafting.ShapedRecipes@77fb1002
[13:30:10] [Server thread/TRACE] [FML]:   Registry: 22 minecraft:writable_book net.minecraft.item.crafting.ShapelessRecipes@4db16677
[13:30:10] [Server thread/TRACE] [FML]:   Registry: 23 minecraft:wooden_sword net.minecraft.item.crafting.ShapedRecipes@28d56028
[13:30:10] [Server thread/TRACE] [FML]:   Registry: 24 minecraft:wooden_shovel net.minecraft.item.crafting.ShapedRecipes@4c9ef9c9
[13:30:10] [Server thread/TRACE] [FML]:   Registry: 25 minecraft:wooden_pressure_plate net.minecraft.item.crafting.ShapedRecipes@72d16d6
[13:30:10] [Server thread/TRACE] [FML]:   Registry: 26 minecraft:wooden_pickaxe net.minecraft.item.crafting.ShapedRecipes@796fe2b5
[13:30:10] [Server thread/TRACE] [FML]:   Registry: 27 minecraft:wooden_hoe net.minecraft.item.crafting.ShapedRecipes@1f72fbd1
[13:30:10] [Server thread/TRACE] [FML]:   Registry: 28 minecraft:wooden_door net.minecraft.item.crafting.ShapedRecipes@5454be
[13:30:10] [Server thread/TRACE] [FML]:   Registry: 29 minecraft:wooden_button net.minecraft.item.crafting.ShapedRecipes@19213a74
[13:30:10] [Server thread/TRACE] [FML]:   Registry: 30 minecraft:wooden_axe net.minecraft.item.crafting.ShapedRecipes@45451333
[13:30:10] [Server thread/TRACE] [FML]:   Registry: 31 minecraft:white_stained_hardened_clay net.minecraft.item.crafting.ShapedRecipes@79424f25
[13:30:10] [Server thread/TRACE] [FML]:   Registry: 32 minecraft:white_stained_glass_pane net.minecraft.item.crafting.ShapedRecipes@5305f936
[13:30:10] [Server thread/TRACE] [FML]:   Registry: 33 minecraft:white_stained_glass net.minecraft.item.crafting.ShapedRecipes@6f430ea8
[13:30:10] [Server thread/TRACE] [FML]:   Registry: 34 minecraft:white_concrete_powder net.minecraft.item.crafting.ShapelessRecipes@78e97d4d
[13:30:10] [Server thread/TRACE] [FML]:   Registry: 35 minecraft:white_carpet net.minecraft.item.crafting.ShapedRecipes@54e18a46
[13:30:10] [Server thread/TRACE] [FML]:   Registry: 36 minecraft:white_bed net.minecraft.item.crafting.ShapedRecipes@666b91db
[13:30:10] [Server thread/TRACE] [FML]:   Registry: 37 minecraft:white_banner net.minecraft.item.crafting.ShapedRecipes@9cb927e
[13:30:10] [Server thread/TRACE] [FML]:   Registry: 38 minecraft:wheat net.minecraft.item.crafting.ShapedRecipes@1ab85862
[13:30:10] [Server thread/TRACE] [FML]:   Registry: 39 minecraft:tripwire_hook net.minecraft.item.crafting.ShapedRecipes@7de2bdc7
[13:30:10] [Server thread/TRACE] [FML]:   Registry: 40 minecraft:trapped_chest net.minecraft.item.crafting.ShapelessRecipes@b340615
[13:30:10] [Server thread/TRACE] [FML]:   Registry: 41 minecraft:trapdoor net.minecraft.item.crafting.ShapedRecipes@5bdb6ea8
[13:30:10] [Server thread/TRACE] [FML]:   Registry: 42 minecraft:torch net.minecraft.item.crafting.ShapedRecipes@3cc2e3e
[13:30:10] [Server thread/TRACE] [FML]:   Registry: 43 minecraft:tnt_minecart net.minecraft.item.crafting.ShapedRecipes@305289b3
[13:30:10] [Server thread/TRACE] [FML]:   Registry: 44 minecraft:tnt net.minecraft.item.crafting.ShapedRecipes@9499643
[13:30:10] [Server thread/TRACE] [FML]:   Registry: 45 minecraft:sugar net.minecraft.item.crafting.ShapedRecipes@4ec616d6
[13:30:10] [Server thread/TRACE] [FML]:   Registry: 46 minecraft:string_to_wool net.minecraft.item.crafting.ShapedRecipes@3b77940f
[13:30:10] [Server thread/TRACE] [FML]:   Registry: 47 minecraft:stonebrick net.minecraft.item.crafting.ShapedRecipes@1aa31454
[13:30:10] [Server thread/TRACE] [FML]:   Registry: 48 minecraft:stone_sword net.minecraft.item.crafting.ShapedRecipes@3c4c7e51
[13:30:10] [Server thread/TRACE] [FML]:   Registry: 49 minecraft:stone_stairs net.minecraft.item.crafting.ShapedRecipes@349aeec4
[13:30:10] [Server thread/TRACE] [FML]:   Registry: 50 minecraft:stone_slab net.minecraft.item.crafting.ShapedRecipes@2d3bb944
[13:30:10] [Server thread/TRACE] [FML]:   Registry: 51 minecraft:stone_shovel net.minecraft.item.crafting.ShapedRecipes@7d47b021
[13:30:10] [Server thread/TRACE] [FML]:   Registry: 52 minecraft:stone_pressure_plate net.minecraft.item.crafting.ShapedRecipes@5e2b512b
[13:30:10] [Server thread/TRACE] [FML]:   Registry: 53 minecraft:stone_pickaxe net.minecraft.item.crafting.ShapedRecipes@2ccecae2
[13:30:10] [Server thread/TRACE] [FML]:   Registry: 54 minecraft:stone_hoe net.minecraft.item.crafting.ShapedRecipes@4258106
[13:30:10] [Server thread/TRACE] [FML]:   Registry: 55 minecraft:stone_button net.minecraft.item.crafting.ShapedRecipes@c7673ae
[13:30:10] [Server thread/TRACE] [FML]:   Registry: 56 minecraft:stone_brick_stairs net.minecraft.item.crafting.ShapedRecipes@7fa85a55
[13:30:10] [Server thread/TRACE] [FML]:   Registry: 57 minecraft:stone_brick_slab net.minecraft.item.crafting.ShapedRecipes@2de7fe0e
[13:30:10] [Server thread/TRACE] [FML]:   Registry: 58 minecraft:stone_axe net.minecraft.item.crafting.ShapedRecipes@547052
[13:30:10] [Server thread/TRACE] [FML]:   Registry: 59 minecraft:sticky_piston net.minecraft.item.crafting.ShapedRecipes@20723ee
[13:30:10] [Server thread/TRACE] [FML]:   Registry: 60 minecraft:stick net.minecraft.item.crafting.ShapedRecipes@102ecb61
[13:30:10] [Server thread/TRACE] [FML]:   Registry: 61 minecraft:spruce_wooden_slab net.minecraft.item.crafting.ShapedRecipes@7944c323
[13:30:10] [Server thread/TRACE] [FML]:   Registry: 62 minecraft:spruce_stairs net.minecraft.item.crafting.ShapedRecipes@4153a832
[13:30:10] [Server thread/TRACE] [FML]:   Registry: 63 minecraft:spruce_planks net.minecraft.item.crafting.ShapedRecipes@30ed4034
[13:30:10] [Server thread/TRACE] [FML]:   Registry: 64 minecraft:spruce_fence_gate net.minecraft.item.crafting.ShapedRecipes@3bb4c2b2
[13:30:10] [Server thread/TRACE] [FML]:   Registry: 65 minecraft:spruce_fence net.minecraft.item.crafting.ShapedRecipes@15d0b458
[13:30:10] [Server thread/TRACE] [FML]:   Registry: 66 minecraft:spruce_door net.minecraft.item.crafting.ShapedRecipes@18be3205
[13:30:10] [Server thread/TRACE] [FML]:   Registry: 67 minecraft:spruce_boat net.minecraft.item.crafting.ShapedRecipes@129c760d
[13:30:10] [Server thread/TRACE] [FML]:   Registry: 68 minecraft:spectral_arrow net.minecraft.item.crafting.ShapedRecipes@3b4f1eb
[13:30:10] [Server thread/TRACE] [FML]:   Registry: 69 minecraft:speckled_melon net.minecraft.item.crafting.ShapedRecipes@22bfd4b
[13:30:10] [Server thread/TRACE] [FML]:   Registry: 70 minecraft:snow_layer net.minecraft.item.crafting.ShapedRecipes@7cd25bf5
[13:30:10] [Server thread/TRACE] [FML]:   Registry: 71 minecraft:snow net.minecraft.item.crafting.ShapedRecipes@2697c156
[13:30:10] [Server thread/TRACE] [FML]:   Registry: 72 minecraft:smooth_sandstone net.minecraft.item.crafting.ShapedRecipes@22ee7fdc
[13:30:10] [Server thread/TRACE] [FML]:   Registry: 73 minecraft:smooth_red_sandstone net.minecraft.item.crafting.ShapedRecipes@5ea0a7a9
[13:30:10] [Server thread/TRACE] [FML]:   Registry: 74 minecraft:slime_ball net.minecraft.item.crafting.ShapedRecipes@780a91d0
[13:30:10] [Server thread/TRACE] [FML]:   Registry: 75 minecraft:slime net.minecraft.item.crafting.ShapedRecipes@6b278b17
[13:30:10] [Server thread/TRACE] [FML]:   Registry: 76 minecraft:sign net.minecraft.item.crafting.ShapedRecipes@5a58db42
[13:30:10] [Server thread/TRACE] [FML]:   Registry: 77 minecraft:shield net.minecraft.item.crafting.ShapedRecipes@36eb8e07
[13:30:10] [Server thread/TRACE] [FML]:   Registry: 78 minecraft:shears net.minecraft.item.crafting.ShapedRecipes@39ac8c0c
[13:30:10] [Server thread/TRACE] [FML]:   Registry: 79 minecraft:sea_lantern net.minecraft.item.crafting.ShapedRecipes@7cd8831c
[13:30:10] [Server thread/TRACE] [FML]:   Registry: 80 minecraft:sandstone_stairs net.minecraft.item.crafting.ShapedRecipes@78b8f818
[13:30:10] [Server thread/TRACE] [FML]:   Registry: 81 minecraft:sandstone_slab net.minecraft.item.crafting.ShapedRecipes@50ef2906
[13:30:10] [Server thread/TRACE] [FML]:   Registry: 82 minecraft:sandstone net.minecraft.item.crafting.ShapedRecipes@3fc5d397
[13:30:10] [Server thread/TRACE] [FML]:   Registry: 83 minecraft:repeater net.minecraft.item.crafting.ShapedRecipes@c2f7c63
[13:30:10] [Server thread/TRACE] [FML]:   Registry: 84 minecraft:redstone_torch net.minecraft.item.crafting.ShapedRecipes@fe156f4
[13:30:10] [Server thread/TRACE] [FML]:   Registry: 85 minecraft:redstone_lamp net.minecraft.item.crafting.ShapedRecipes@7582a16b
[13:30:10] [Server thread/TRACE] [FML]:   Registry: 86 minecraft:redstone_block net.minecraft.item.crafting.ShapedRecipes@35d81657
[13:30:10] [Server thread/TRACE] [FML]:   Registry: 87 minecraft:redstone net.minecraft.item.crafting.ShapedRecipes@288b73c1
[13:30:10] [Server thread/TRACE] [FML]:   Registry: 88 minecraft:red_wool net.minecraft.item.crafting.ShapelessRecipes@2fccf49e
[13:30:10] [Server thread/TRACE] [FML]:   Registry: 89 minecraft:red_stained_hardened_clay net.minecraft.item.crafting.ShapedRecipes@6ec2d990
[13:30:10] [Server thread/TRACE] [FML]:   Registry: 90 minecraft:red_stained_glass_pane net.minecraft.item.crafting.ShapedRecipes@2f39b534
[13:30:10] [Server thread/TRACE] [FML]:   Registry: 91 minecraft:red_stained_glass net.minecraft.item.crafting.ShapedRecipes@33ccead
[13:30:10] [Server thread/TRACE] [FML]:   Registry: 92 minecraft:red_sandstone_stairs net.minecraft.item.crafting.ShapedRecipes@51b59d58
[13:30:10] [Server thread/TRACE] [FML]:   Registry: 93 minecraft:red_sandstone_slab net.minecraft.item.crafting.ShapedRecipes@7ebfe01a
[13:30:10] [Server thread/TRACE] [FML]:   Registry: 94 minecraft:red_sandstone net.minecraft.item.crafting.ShapedRecipes@6d695ec4
[13:30:10] [Server thread/TRACE] [FML]:   Registry: 95 minecraft:red_nether_brick net.minecraft.item.crafting.ShapedRecipes@70e5737f
[13:30:10] [Server thread/TRACE] [FML]:   Registry: 96 minecraft:red_dye_from_tulip net.minecraft.item.crafting.ShapelessRecipes@32d8710a
[13:30:10] [Server thread/TRACE] [FML]:   Registry: 97 minecraft:red_dye_from_rose_bush net.minecraft.item.crafting.ShapelessRecipes@10e4ee33
[13:30:10] [Server thread/TRACE] [FML]:   Registry: 98 minecraft:red_dye_from_poppy net.minecraft.item.crafting.ShapelessRecipes@69c227fd
[13:30:10] [Server thread/TRACE] [FML]:   Registry: 99 minecraft:red_dye_from_beetroot net.minecraft.item.crafting.ShapelessRecipes@3e71a1f8
[13:30:10] [Server thread/TRACE] [FML]:   Registry: 100 minecraft:red_concrete_powder net.minecraft.item.crafting.ShapelessRecipes@5751e53e
[13:30:10] [Server thread/TRACE] [FML]:   Registry: 101 minecraft:red_carpet net.minecraft.item.crafting.ShapedRecipes@4b240276
[13:30:10] [Server thread/TRACE] [FML]:   Registry: 102 minecraft:red_bed_from_white_bed net.minecraft.item.crafting.ShapelessRecipes@456b140f
[13:30:10] [Server thread/TRACE] [FML]:   Registry: 103 minecraft:red_bed net.minecraft.item.crafting.ShapedRecipes@5b2c7186
[13:30:10] [Server thread/TRACE] [FML]:   Registry: 104 minecraft:red_banner net.minecraft.item.crafting.ShapedRecipes@73852720
[13:30:10] [Server thread/TRACE] [FML]:   Registry: 105 minecraft:rail net.minecraft.item.crafting.ShapedRecipes@fcd3a6f
[13:30:10] [Server thread/TRACE] [FML]:   Registry: 106 minecraft:rabbit_stew_from_red_mushroom net.minecraft.item.crafting.ShapedRecipes@75063bd0
[13:30:10] [Server thread/TRACE] [FML]:   Registry: 107 minecraft:rabbit_stew_from_brown_mushroom net.minecraft.item.crafting.ShapedRecipes@64fc6470
[13:30:10] [Server thread/TRACE] [FML]:   Registry: 108 minecraft:quartz_stairs net.minecraft.item.crafting.ShapedRecipes@6c8ad6d7
[13:30:10] [Server thread/TRACE] [FML]:   Registry: 109 minecraft:quartz_slab net.minecraft.item.crafting.ShapedRecipes@75c15f76
[13:30:10] [Server thread/TRACE] [FML]:   Registry: 110 minecraft:quartz_block net.minecraft.item.crafting.ShapedRecipes@1b10f60e
[13:30:10] [Server thread/TRACE] [FML]:   Registry: 111 minecraft:purpur_stairs net.minecraft.item.crafting.ShapedRecipes@2e02cc37
[13:30:10] [Server thread/TRACE] [FML]:   Registry: 112 minecraft:purpur_slab net.minecraft.item.crafting.ShapedRecipes@186d6033
[13:30:10] [Server thread/TRACE] [FML]:   Registry: 113 minecraft:purpur_pillar net.minecraft.item.crafting.ShapedRecipes@96075c0
[13:30:10] [Server thread/TRACE] [FML]:   Registry: 114 minecraft:purpur_block net.minecraft.item.crafting.ShapedRecipes@49353d43
[13:30:10] [Server thread/TRACE] [FML]:   Registry: 115 minecraft:purple_wool net.minecraft.item.crafting.ShapelessRecipes@838e109
[13:30:10] [Server thread/TRACE] [FML]:   Registry: 116 minecraft:purple_stained_hardened_clay net.minecraft.item.crafting.ShapedRecipes@6aa9a93b
[13:30:10] [Server thread/TRACE] [FML]:   Registry: 117 minecraft:purple_stained_glass_pane net.minecraft.item.crafting.ShapedRecipes@1c43e84e
[13:30:10] [Server thread/TRACE] [FML]:   Registry: 118 minecraft:purple_stained_glass net.minecraft.item.crafting.ShapedRecipes@759f45f1
[13:30:10] [Server thread/TRACE] [FML]:   Registry: 119 minecraft:purple_shulker_box net.minecraft.item.crafting.ShapedRecipes@56fa0ef
[13:30:10] [Server thread/TRACE] [FML]:   Registry: 120 minecraft:purple_dye net.minecraft.item.crafting.ShapelessRecipes@3093b9ff
[13:30:10] [Server thread/TRACE] [FML]:   Registry: 121 minecraft:purple_concrete_powder net.minecraft.item.crafting.ShapelessRecipes@23dff243
[13:30:10] [Server thread/TRACE] [FML]:   Registry: 122 minecraft:purple_carpet net.minecraft.item.crafting.ShapedRecipes@6f67ece5
[13:30:10] [Server thread/TRACE] [FML]:   Registry: 123 minecraft:purple_bed_from_white_bed net.minecraft.item.crafting.ShapelessRecipes@7b8fcdf2
[13:30:10] [Server thread/TRACE] [FML]:   Registry: 124 minecraft:purple_bed net.minecraft.item.crafting.ShapedRecipes@44f23927
[13:30:10] [Server thread/TRACE] [FML]:   Registry: 125 minecraft:purple_banner net.minecraft.item.crafting.ShapedRecipes@1bde9a22
[13:30:10] [Server thread/TRACE] [FML]:   Registry: 126 minecraft:pumpkin_seeds net.minecraft.item.crafting.ShapedRecipes@671f545b
[13:30:10] [Server thread/TRACE] [FML]:   Registry: 127 minecraft:pumpkin_pie net.minecraft.item.crafting.ShapelessRecipes@342dc040
[13:30:10] [Server thread/TRACE] [FML]:   Registry: 128 minecraft:prismarine_bricks net.minecraft.item.crafting.ShapedRecipes@7c8b37a8
[13:30:10] [Server thread/TRACE] [FML]:   Registry: 129 minecraft:prismarine net.minecraft.item.crafting.ShapedRecipes@a859c5
[13:30:10] [Server thread/TRACE] [FML]:   Registry: 130 minecraft:polished_granite net.minecraft.item.crafting.ShapedRecipes@6a63ff31
[13:30:10] [Server thread/TRACE] [FML]:   Registry: 131 minecraft:polished_diorite net.minecraft.item.crafting.ShapedRecipes@d65e744
[13:30:10] [Server thread/TRACE] [FML]:   Registry: 132 minecraft:polished_andesite net.minecraft.item.crafting.ShapedRecipes@10724a72
[13:30:10] [Server thread/TRACE] [FML]:   Registry: 133 minecraft:piston net.minecraft.item.crafting.ShapedRecipes@1ecec098
[13:30:10] [Server thread/TRACE] [FML]:   Registry: 134 minecraft:pink_wool net.minecraft.item.crafting.ShapelessRecipes@7ebaf0d
[13:30:10] [Server thread/TRACE] [FML]:   Registry: 135 minecraft:pink_stained_hardened_clay net.minecraft.item.crafting.ShapedRecipes@7cbfbcd1
[13:30:10] [Server thread/TRACE] [FML]:   Registry: 136 minecraft:pink_stained_glass_pane net.minecraft.item.crafting.ShapedRecipes@3ddac0b6
[13:30:10] [Server thread/TRACE] [FML]:   Registry: 137 minecraft:pink_stained_glass net.minecraft.item.crafting.ShapedRecipes@366b4a7b
[13:30:10] [Server thread/TRACE] [FML]:   Registry: 138 minecraft:pink_dye_from_red_bonemeal net.minecraft.item.crafting.ShapelessRecipes@a30dbc0
[13:30:10] [Server thread/TRACE] [FML]:   Registry: 139 minecraft:pink_dye_from_pink_tulip net.minecraft.item.crafting.ShapelessRecipes@337cb81d
[13:30:10] [Server thread/TRACE] [FML]:   Registry: 140 minecraft:pink_dye_from_peony net.minecraft.item.crafting.ShapelessRecipes@18f13756
[13:30:10] [Server thread/TRACE] [FML]:   Registry: 141 minecraft:pink_concrete_powder net.minecraft.item.crafting.ShapelessRecipes@5db90818
[13:30:10] [Server thread/TRACE] [FML]:   Registry: 142 minecraft:pink_carpet net.minecraft.item.crafting.ShapedRecipes@6694fb1b
[13:30:10] [Server thread/TRACE] [FML]:   Registry: 143 minecraft:pink_bed_from_white_bed net.minecraft.item.crafting.ShapelessRecipes@2dcd451f
[13:30:10] [Server thread/TRACE] [FML]:   Registry: 144 minecraft:pink_bed net.minecraft.item.crafting.ShapedRecipes@718d6b7c
[13:30:10] [Server thread/TRACE] [FML]:   Registry: 145 minecraft:pink_banner net.minecraft.item.crafting.ShapedRecipes@5016f1a
[13:30:10] [Server thread/TRACE] [FML]:   Registry: 146 minecraft:pillar_quartz_block net.minecraft.item.crafting.ShapedRecipes@455d04d2
[13:30:10] [Server thread/TRACE] [FML]:   Registry: 147 minecraft:paper net.minecraft.item.crafting.ShapedRecipes@8afce3
[13:30:10] [Server thread/TRACE] [FML]:   Registry: 148 minecraft:painting net.minecraft.item.crafting.ShapedRecipes@2419a5db
[13:30:10] [Server thread/TRACE] [FML]:   Registry: 149 minecraft:orange_wool net.minecraft.item.crafting.ShapelessRecipes@336070ab
[13:30:10] [Server thread/TRACE] [FML]:   Registry: 150 minecraft:orange_stained_hardened_clay net.minecraft.item.crafting.ShapedRecipes@3dec769
[13:30:10] [Server thread/TRACE] [FML]:   Registry: 151 minecraft:orange_stained_glass_pane net.minecraft.item.crafting.ShapedRecipes@433b546f
[13:30:10] [Server thread/TRACE] [FML]:   Registry: 152 minecraft:orange_stained_glass net.minecraft.item.crafting.ShapedRecipes@323c6f9c
[13:30:10] [Server thread/TRACE] [FML]:   Registry: 153 minecraft:orange_dye_from_red_yellow net.minecraft.item.crafting.ShapelessRecipes@20163008
[13:30:10] [Server thread/TRACE] [FML]:   Registry: 154 minecraft:orange_dye_from_orange_tulip net.minecraft.item.crafting.ShapelessRecipes@2e47a71e
[13:30:10] [Server thread/TRACE] [FML]:   Registry: 155 minecraft:orange_concrete_powder net.minecraft.item.crafting.ShapelessRecipes@4be7acd9
[13:30:10] [Server thread/TRACE] [FML]:   Registry: 156 minecraft:orange_carpet net.minecraft.item.crafting.ShapedRecipes@48144f1a
[13:30:10] [Server thread/TRACE] [FML]:   Registry: 157 minecraft:orange_bed_from_white_bed net.minecraft.item.crafting.ShapelessRecipes@163fbbc9
[13:30:10] [Server thread/TRACE] [FML]:   Registry: 158 minecraft:orange_bed net.minecraft.item.crafting.ShapedRecipes@79fcd194
[13:30:10] [Server thread/TRACE] [FML]:   Registry: 159 minecraft:orange_banner net.minecraft.item.crafting.ShapedRecipes@62f7d7bd
[13:30:10] [Server thread/TRACE] [FML]:   Registry: 160 minecraft:observer net.minecraft.item.crafting.ShapedRecipes@350e3fb4
[13:30:10] [Server thread/TRACE] [FML]:   Registry: 161 minecraft:oak_wooden_slab net.minecraft.item.crafting.ShapedRecipes@699bb304
[13:30:10] [Server thread/TRACE] [FML]:   Registry: 162 minecraft:oak_stairs net.minecraft.item.crafting.ShapedRecipes@3ffa0f38
[13:30:10] [Server thread/TRACE] [FML]:   Registry: 163 minecraft:oak_planks net.minecraft.item.crafting.ShapedRecipes@2c978637
[13:30:10] [Server thread/TRACE] [FML]:   Registry: 164 minecraft:noteblock net.minecraft.item.crafting.ShapedRecipes@2f4545c6
[13:30:10] [Server thread/TRACE] [FML]:   Registry: 165 minecraft:nether_wart_block net.minecraft.item.crafting.ShapedRecipes@69cc49ec
[13:30:10] [Server thread/TRACE] [FML]:   Registry: 166 minecraft:nether_brick_stairs net.minecraft.item.crafting.ShapedRecipes@1b556a88
[13:30:10] [Server thread/TRACE] [FML]:   Registry: 167 minecraft:nether_brick_slab net.minecraft.item.crafting.ShapedRecipes@62c6db99
[13:30:10] [Server thread/TRACE] [FML]:   Registry: 168 minecraft:nether_brick_fence net.minecraft.item.crafting.ShapedRecipes@5c316230
[13:30:10] [Server thread/TRACE] [FML]:   Registry: 169 minecraft:nether_brick net.minecraft.item.crafting.ShapedRecipes@3494a35e
[13:30:10] [Server thread/TRACE] [FML]:   Registry: 170 minecraft:mushroom_stew net.minecraft.item.crafting.ShapelessRecipes@48aaaed9
[13:30:10] [Server thread/TRACE] [FML]:   Registry: 171 minecraft:mossy_stonebrick net.minecraft.item.crafting.ShapelessRecipes@76d0a290
[13:30:10] [Server thread/TRACE] [FML]:   Registry: 172 minecraft:mossy_cobblestone_wall net.minecraft.item.crafting.ShapedRecipes@6da9541c
[13:30:10] [Server thread/TRACE] [FML]:   Registry: 173 minecraft:mossy_cobblestone net.minecraft.item.crafting.ShapelessRecipes@343727b5
[13:30:10] [Server thread/TRACE] [FML]:   Registry: 174 minecraft:minecart net.minecraft.item.crafting.ShapedRecipes@4742466e
[13:30:10] [Server thread/TRACE] [FML]:   Registry: 175 minecraft:melon_seeds net.minecraft.item.crafting.ShapedRecipes@3691d4da
[13:30:10] [Server thread/TRACE] [FML]:   Registry: 176 minecraft:melon_block net.minecraft.item.crafting.ShapedRecipes@197cc325
[13:30:10] [Server thread/TRACE] [FML]:   Registry: 177 minecraft:map net.minecraft.item.crafting.ShapedRecipes@7a0d2c80
[13:30:10] [Server thread/TRACE] [FML]:   Registry: 178 minecraft:magma_cream net.minecraft.item.crafting.ShapelessRecipes@50d05167
[13:30:10] [Server thread/TRACE] [FML]:   Registry: 179 minecraft:magma net.minecraft.item.crafting.ShapedRecipes@efa04b5
[13:30:10] [Server thread/TRACE] [FML]:   Registry: 180 minecraft:magenta_wool net.minecraft.item.crafting.ShapelessRecipes@75da2db
[13:30:10] [Server thread/TRACE] [FML]:   Registry: 181 minecraft:magenta_stained_hardened_clay net.minecraft.item.crafting.ShapedRecipes@7b1559f1
[13:30:10] [Server thread/TRACE] [FML]:   Registry: 182 minecraft:magenta_stained_glass_pane net.minecraft.item.crafting.ShapedRecipes@59d0fac9
[13:30:10] [Server thread/TRACE] [FML]:   Registry: 183 minecraft:magenta_stained_glass net.minecraft.item.crafting.ShapedRecipes@6e8aea7e
[13:30:10] [Server thread/TRACE] [FML]:   Registry: 184 minecraft:magenta_dye_from_purple_and_pink net.minecraft.item.crafting.ShapelessRecipes@6371c5ec
[13:30:10] [Server thread/TRACE] [FML]:   Registry: 185 minecraft:magenta_dye_from_lilac net.minecraft.item.crafting.ShapelessRecipes@da9374c
[13:30:10] [Server thread/TRACE] [FML]:   Registry: 186 minecraft:magenta_dye_from_lapis_red_pink net.minecraft.item.crafting.ShapelessRecipes@2e4d2232
[13:30:10] [Server thread/TRACE] [FML]:   Registry: 187 minecraft:magenta_dye_from_lapis_ink_bonemeal net.minecraft.item.crafting.ShapelessRecipes@71eafb64
[13:30:10] [Server thread/TRACE] [FML]:   Registry: 188 minecraft:magenta_dye_from_allium net.minecraft.item.crafting.ShapelessRecipes@ae74eef
[13:30:10] [Server thread/TRACE] [FML]:   Registry: 189 minecraft:magenta_concrete_powder net.minecraft.item.crafting.ShapelessRecipes@33c9f1ac
[13:30:10] [Server thread/TRACE] [FML]:   Registry: 190 minecraft:magenta_carpet net.minecraft.item.crafting.ShapedRecipes@442310fd
[13:30:10] [Server thread/TRACE] [FML]:   Registry: 191 minecraft:magenta_bed_from_white_bed net.minecraft.item.crafting.ShapelessRecipes@178ba69f
[13:30:10] [Server thread/TRACE] [FML]:   Registry: 192 minecraft:magenta_bed net.minecraft.item.crafting.ShapedRecipes@36ab69d9
[13:30:10] [Server thread/TRACE] [FML]:   Registry: 193 minecraft:magenta_banner net.minecraft.item.crafting.ShapedRecipes@77881b7a
[13:30:10] [Server thread/TRACE] [FML]:   Registry: 194 minecraft:lit_pumpkin net.minecraft.item.crafting.ShapedRecipes@7bde704a
[13:30:10] [Server thread/TRACE] [FML]:   Registry: 195 minecraft:lime_wool net.minecraft.item.crafting.ShapelessRecipes@629600d7
[13:30:10] [Server thread/TRACE] [FML]:   Registry: 196 minecraft:lime_stained_hardened_clay net.minecraft.item.crafting.ShapedRecipes@153409b8
[13:30:10] [Server thread/TRACE] [FML]:   Registry: 197 minecraft:lime_stained_glass_pane net.minecraft.item.crafting.ShapedRecipes@27a6384b
[13:30:10] [Server thread/TRACE] [FML]:   Registry: 198 minecraft:lime_stained_glass net.minecraft.item.crafting.ShapedRecipes@2e030cc1
[13:30:10] [Server thread/TRACE] [FML]:   Registry: 199 minecraft:lime_dye net.minecraft.item.crafting.ShapelessRecipes@470b5213
[13:30:10] [Server thread/TRACE] [FML]:   Registry: 200 minecraft:lime_concrete_powder net.minecraft.item.crafting.ShapelessRecipes@3c20e9d6
[13:30:10] [Server thread/TRACE] [FML]:   Registry: 201 minecraft:lime_carpet net.minecraft.item.crafting.ShapedRecipes@152035eb
[13:30:10] [Server thread/TRACE] [FML]:   Registry: 202 minecraft:lime_bed_from_white_bed net.minecraft.item.crafting.ShapelessRecipes@50e24ea4
[13:30:10] [Server thread/TRACE] [FML]:   Registry: 203 minecraft:lime_bed net.minecraft.item.crafting.ShapedRecipes@29dfc68f
[13:30:10] [Server thread/TRACE] [FML]:   Registry: 204 minecraft:lime_banner net.minecraft.item.crafting.ShapedRecipes@6719f206
[13:30:10] [Server thread/TRACE] [FML]:   Registry: 205 minecraft:light_weighted_pressure_plate net.minecraft.item.crafting.ShapedRecipes@1870b9b8
[13:30:10] [Server thread/TRACE] [FML]:   Registry: 206 minecraft:light_gray_wool net.minecraft.item.crafting.ShapelessRecipes@3151277f
[13:30:10] [Server thread/TRACE] [FML]:   Registry: 207 minecraft:light_gray_stained_hardened_clay net.minecraft.item.crafting.ShapedRecipes@78ea700f
[13:30:10] [Server thread/TRACE] [FML]:   Registry: 208 minecraft:light_gray_stained_glass_pane net.minecraft.item.crafting.ShapedRecipes@afb7b03
[13:30:10] [Server thread/TRACE] [FML]:   Registry: 209 minecraft:light_gray_stained_glass net.minecraft.item.crafting.ShapedRecipes@23d23d98
[13:30:10] [Server thread/TRACE] [FML]:   Registry: 210 minecraft:light_gray_dye_from_white_tulip net.minecraft.item.crafting.ShapelessRecipes@6ee1ddcf
[13:30:10] [Server thread/TRACE] [FML]:   Registry: 211 minecraft:light_gray_dye_from_oxeye_daisy net.minecraft.item.crafting.ShapelessRecipes@2435c6ae
[13:30:10] [Server thread/TRACE] [FML]:   Registry: 212 minecraft:light_gray_dye_from_ink_bonemeal net.minecraft.item.crafting.ShapelessRecipes@6fc6f68f
[13:30:10] [Server thread/TRACE] [FML]:   Registry: 213 minecraft:light_gray_dye_from_gray_bonemeal net.minecraft.item.crafting.ShapelessRecipes@30ed2a26
[13:30:10] [Server thread/TRACE] [FML]:   Registry: 214 minecraft:light_gray_dye_from_azure_bluet net.minecraft.item.crafting.ShapelessRecipes@4dffa400
[13:30:10] [Server thread/TRACE] [FML]:   Registry: 215 minecraft:light_gray_concrete_powder net.minecraft.item.crafting.ShapelessRecipes@6a3a56de
[13:30:10] [Server thread/TRACE] [FML]:   Registry: 216 minecraft:light_gray_carpet net.minecraft.item.crafting.ShapedRecipes@35744f8
[13:30:10] [Server thread/TRACE] [FML]:   Registry: 217 minecraft:light_gray_bed_from_white_bed net.minecraft.item.crafting.ShapelessRecipes@7cf66cf9
[13:30:10] [Server thread/TRACE] [FML]:   Registry: 218 minecraft:light_gray_bed net.minecraft.item.crafting.ShapedRecipes@8bde368
[13:30:10] [Server thread/TRACE] [FML]:   Registry: 219 minecraft:light_gray_banner net.minecraft.item.crafting.ShapedRecipes@7455204c
[13:30:10] [Server thread/TRACE] [FML]:   Registry: 220 minecraft:light_blue_wool net.minecraft.item.crafting.ShapelessRecipes@62615be
[13:30:10] [Server thread/TRACE] [FML]:   Registry: 221 minecraft:light_blue_stained_hardened_clay net.minecraft.item.crafting.ShapedRecipes@6493f780
[13:30:10] [Server thread/TRACE] [FML]:   Registry: 222 minecraft:light_blue_stained_glass_pane net.minecraft.item.crafting.ShapedRecipes@2674ca88
[13:30:10] [Server thread/TRACE] [FML]:   Registry: 223 minecraft:light_blue_stained_glass net.minecraft.item.crafting.ShapedRecipes@67a3394c
[13:30:10] [Server thread/TRACE] [FML]:   Registry: 224 minecraft:light_blue_dye_from_lapis_bonemeal net.minecraft.item.crafting.ShapelessRecipes@5cb6abc8
[13:30:10] [Server thread/TRACE] [FML]:   Registry: 225 minecraft:light_blue_dye_from_blue_orchid net.minecraft.item.crafting.ShapelessRecipes@e04b8a0
[13:30:10] [Server thread/TRACE] [FML]:   Registry: 226 minecraft:light_blue_concrete_powder net.minecraft.item.crafting.ShapelessRecipes@3731e8b6
[13:30:10] [Server thread/TRACE] [FML]:   Registry: 227 minecraft:light_blue_carpet net.minecraft.item.crafting.ShapedRecipes@33089426
[13:30:10] [Server thread/TRACE] [FML]:   Registry: 228 minecraft:light_blue_bed_from_white_bed net.minecraft.item.crafting.ShapelessRecipes@31b91435
[13:30:10] [Server thread/TRACE] [FML]:   Registry: 229 minecraft:light_blue_bed net.minecraft.item.crafting.ShapedRecipes@51dbed72
[13:30:10] [Server thread/TRACE] [FML]:   Registry: 230 minecraft:light_blue_banner net.minecraft.item.crafting.ShapedRecipes@3ea8ff31
[13:30:10] [Server thread/TRACE] [FML]:   Registry: 231 minecraft:lever net.minecraft.item.crafting.ShapedRecipes@1ab21633
[13:30:10] [Server thread/TRACE] [FML]:   Registry: 232 minecraft:leather_leggings net.minecraft.item.crafting.ShapedRecipes@6ba226cd
[13:30:10] [Server thread/TRACE] [FML]:   Registry: 233 minecraft:leather_helmet net.minecraft.item.crafting.ShapedRecipes@581e8969
[13:30:10] [Server thread/TRACE] [FML]:   Registry: 234 minecraft:leather_chestplate net.minecraft.item.crafting.ShapedRecipes@a93c798
[13:30:10] [Server thread/TRACE] [FML]:   Registry: 235 minecraft:leather_boots net.minecraft.item.crafting.ShapedRecipes@796642ae
[13:30:10] [Server thread/TRACE] [FML]:   Registry: 236 minecraft:leather net.minecraft.item.crafting.ShapedRecipes@2651e783
[13:30:10] [Server thread/TRACE] [FML]:   Registry: 237 minecraft:lead net.minecraft.item.crafting.ShapedRecipes@247dcbba
[13:30:10] [Server thread/TRACE] [FML]:   Registry: 238 minecraft:lapis_lazuli net.minecraft.item.crafting.ShapedRecipes@1405aa6a
[13:30:10] [Server thread/TRACE] [FML]:   Registry: 239 minecraft:lapis_block net.minecraft.item.crafting.ShapedRecipes@7b58d678
[13:30:10] [Server thread/TRACE] [FML]:   Registry: 240 minecraft:ladder net.minecraft.item.crafting.ShapedRecipes@20960b51
[13:30:10] [Server thread/TRACE] [FML]:   Registry: 241 minecraft:jungle_wooden_slab net.minecraft.item.crafting.ShapedRecipes@103e9972
[13:30:10] [Server thread/TRACE] [FML]:   Registry: 242 minecraft:jungle_stairs net.minecraft.item.crafting.ShapedRecipes@3e0704e2
[13:30:10] [Server thread/TRACE] [FML]:   Registry: 243 minecraft:jungle_planks net.minecraft.item.crafting.ShapedRecipes@f6cde7e
[13:30:10] [Server thread/TRACE] [FML]:   Registry: 244 minecraft:jungle_fence_gate net.minecraft.item.crafting.ShapedRecipes@6e7f29d5
[13:30:10] [Server thread/TRACE] [FML]:   Registry: 245 minecraft:jungle_fence net.minecraft.item.crafting.ShapedRecipes@6f27730b
[13:30:10] [Server thread/TRACE] [FML]:   Registry: 246 minecraft:jungle_door net.minecraft.item.crafting.ShapedRecipes@44587c44
[13:30:10] [Server thread/TRACE] [FML]:   Registry: 247 minecraft:jungle_boat net.minecraft.item.crafting.ShapedRecipes@40277077
[13:30:10] [Server thread/TRACE] [FML]:   Registry: 248 minecraft:jukebox net.minecraft.item.crafting.ShapedRecipes@33b2ba25
[13:30:10] [Server thread/TRACE] [FML]:   Registry: 249 minecraft:item_frame net.minecraft.item.crafting.ShapedRecipes@2a60981c
[13:30:10] [Server thread/TRACE] [FML]:   Registry: 250 minecraft:iron_trapdoor net.minecraft.item.crafting.ShapedRecipes@183a508b
[13:30:10] [Server thread/TRACE] [FML]:   Registry: 251 minecraft:iron_sword net.minecraft.item.crafting.ShapedRecipes@63ad5fe7
[13:30:10] [Server thread/TRACE] [FML]:   Registry: 252 minecraft:iron_shovel net.minecraft.item.crafting.ShapedRecipes@79fc4e99
[13:30:10] [Server thread/TRACE] [FML]:   Registry: 253 minecraft:iron_pickaxe net.minecraft.item.crafting.ShapedRecipes@36d39655
[13:30:10] [Server thread/TRACE] [FML]:   Registry: 254 minecraft:iron_nugget net.minecraft.item.crafting.ShapedRecipes@fabfc79
[13:30:10] [Server thread/TRACE] [FML]:   Registry: 255 minecraft:iron_leggings net.minecraft.item.crafting.ShapedRecipes@27682fa9
[13:30:10] [Server thread/TRACE] [FML]:   Registry: 256 minecraft:iron_ingot_from_nuggets net.minecraft.item.crafting.ShapedRecipes@1f1574c
[13:30:10] [Server thread/TRACE] [FML]:   Registry: 257 minecraft:iron_ingot_from_block net.minecraft.item.crafting.ShapedRecipes@c79780
[13:30:10] [Server thread/TRACE] [FML]:   Registry: 258 minecraft:iron_hoe net.minecraft.item.crafting.ShapedRecipes@5606d537
[13:30:10] [Server thread/TRACE] [FML]:   Registry: 259 minecraft:iron_helmet net.minecraft.item.crafting.ShapedRecipes@63b0b3dd
[13:30:10] [Server thread/TRACE] [FML]:   Registry: 260 minecraft:iron_door net.minecraft.item.crafting.ShapedRecipes@66fff42f
[13:30:10] [Server thread/TRACE] [FML]:   Registry: 261 minecraft:iron_chestplate net.minecraft.item.crafting.ShapedRecipes@178c6261
[13:30:10] [Server thread/TRACE] [FML]:   Registry: 262 minecraft:iron_boots net.minecraft.item.crafting.ShapedRecipes@2ae7c1d
[13:30:10] [Server thread/TRACE] [FML]:   Registry: 263 minecraft:iron_block net.minecraft.item.crafting.ShapedRecipes@71eaef6a
[13:30:10] [Server thread/TRACE] [FML]:   Registry: 264 minecraft:iron_bars net.minecraft.item.crafting.ShapedRecipes@7ac90dab
[13:30:10] [Server thread/TRACE] [FML]:   Registry: 265 minecraft:iron_axe net.minecraft.item.crafting.ShapedRecipes@1ce57bbb
[13:30:10] [Server thread/TRACE] [FML]:   Registry: 266 minecraft:hopper_minecart net.minecraft.item.crafting.ShapedRecipes@362c48c
[13:30:10] [Server thread/TRACE] [FML]:   Registry: 267 minecraft:hopper net.minecraft.item.crafting.ShapedRecipes@2914a328
[13:30:10] [Server thread/TRACE] [FML]:   Registry: 268 minecraft:heavy_weighted_pressure_plate net.minecraft.item.crafting.ShapedRecipes@2b540131
[13:30:10] [Server thread/TRACE] [FML]:   Registry: 269 minecraft:hay_block net.minecraft.item.crafting.ShapedRecipes@4fc256ec
[13:30:10] [Server thread/TRACE] [FML]:   Registry: 270 minecraft:green_wool net.minecraft.item.crafting.ShapelessRecipes@60e80279
[13:30:10] [Server thread/TRACE] [FML]:   Registry: 271 minecraft:green_stained_hardened_clay net.minecraft.item.crafting.ShapedRecipes@14d53884
[13:30:10] [Server thread/TRACE] [FML]:   Registry: 272 minecraft:green_stained_glass_pane net.minecraft.item.crafting.ShapedRecipes@568c9ee1
[13:30:10] [Server thread/TRACE] [FML]:   Registry: 273 minecraft:green_stained_glass net.minecraft.item.crafting.ShapedRecipes@74d53d63
[13:30:10] [Server thread/TRACE] [FML]:   Registry: 274 minecraft:green_concrete_powder net.minecraft.item.crafting.ShapelessRecipes@78aa1753
[13:30:10] [Server thread/TRACE] [FML]:   Registry: 275 minecraft:green_carpet net.minecraft.item.crafting.ShapedRecipes@1c7744c1
[13:30:10] [Server thread/TRACE] [FML]:   Registry: 276 minecraft:green_bed_from_white_bed net.minecraft.item.crafting.ShapelessRecipes@a1d926b
[13:30:10] [Server thread/TRACE] [FML]:   Registry: 277 minecraft:green_bed net.minecraft.item.crafting.ShapedRecipes@4301fa39
[13:30:10] [Server thread/TRACE] [FML]:   Registry: 278 minecraft:green_banner net.minecraft.item.crafting.ShapedRecipes@3faa55
[13:30:10] [Server thread/TRACE] [FML]:   Registry: 279 minecraft:gray_wool net.minecraft.item.crafting.ShapelessRecipes@7e451790
[13:30:10] [Server thread/TRACE] [FML]:   Registry: 280 minecraft:gray_stained_hardened_clay net.minecraft.item.crafting.ShapedRecipes@115a7e51
[13:30:10] [Server thread/TRACE] [FML]:   Registry: 281 minecraft:gray_stained_glass_pane net.minecraft.item.crafting.ShapedRecipes@4ca907af
[13:30:10] [Server thread/TRACE] [FML]:   Registry: 282 minecraft:gray_stained_glass net.minecraft.item.crafting.ShapedRecipes@687f62a5
[13:30:10] [Server thread/TRACE] [FML]:   Registry: 283 minecraft:gray_dye net.minecraft.item.crafting.ShapelessRecipes@2e64ae1a
[13:30:10] [Server thread/TRACE] [FML]:   Registry: 284 minecraft:gray_concrete_powder net.minecraft.item.crafting.ShapelessRecipes@6d45dd4
[13:30:10] [Server thread/TRACE] [FML]:   Registry: 285 minecraft:gray_carpet net.minecraft.item.crafting.ShapedRecipes@63ed5dae
[13:30:10] [Server thread/TRACE] [FML]:   Registry: 286 minecraft:gray_bed_from_white_bed net.minecraft.item.crafting.ShapelessRecipes@d70dbeb
[13:30:10] [Server thread/TRACE] [FML]:   Registry: 287 minecraft:gray_bed net.minecraft.item.crafting.ShapedRecipes@31b289da
[13:30:10] [Server thread/TRACE] [FML]:   Registry: 288 minecraft:gray_banner net.minecraft.item.crafting.ShapedRecipes@4c7f2fdb
[13:30:10] [Server thread/TRACE] [FML]:   Registry: 289 minecraft:granite net.minecraft.item.crafting.ShapelessRecipes@3a17acd4
[13:30:10] [Server thread/TRACE] [FML]:   Registry: 290 minecraft:golden_sword net.minecraft.item.crafting.ShapedRecipes@39f8adc0
[13:30:10] [Server thread/TRACE] [FML]:   Registry: 291 minecraft:golden_shovel net.minecraft.item.crafting.ShapedRecipes@5b0e5d5f
[13:30:10] [Server thread/TRACE] [FML]:   Registry: 292 minecraft:golden_rail net.minecraft.item.crafting.ShapedRecipes@73d7d676
[13:30:10] [Server thread/TRACE] [FML]:   Registry: 293 minecraft:golden_pickaxe net.minecraft.item.crafting.ShapedRecipes@40c6d1ef
[13:30:10] [Server thread/TRACE] [FML]:   Registry: 294 minecraft:golden_leggings net.minecraft.item.crafting.ShapedRecipes@1c5cd2ea
[13:30:10] [Server thread/TRACE] [FML]:   Registry: 295 minecraft:golden_hoe net.minecraft.item.crafting.ShapedRecipes@1ad9d5be
[13:30:10] [Server thread/TRACE] [FML]:   Registry: 296 minecraft:golden_helmet net.minecraft.item.crafting.ShapedRecipes@62a81453
[13:30:10] [Server thread/TRACE] [FML]:   Registry: 297 minecraft:golden_chestplate net.minecraft.item.crafting.ShapedRecipes@58a7ca42
[13:30:10] [Server thread/TRACE] [FML]:   Registry: 298 minecraft:golden_carrot net.minecraft.item.crafting.ShapedRecipes@7a71ebf1
[13:30:10] [Server thread/TRACE] [FML]:   Registry: 299 minecraft:golden_boots net.minecraft.item.crafting.ShapedRecipes@1c5d376c
[13:30:10] [Server thread/TRACE] [FML]:   Registry: 300 minecraft:golden_axe net.minecraft.item.crafting.ShapedRecipes@403cff1c
[13:30:10] [Server thread/TRACE] [FML]:   Registry: 301 minecraft:golden_apple net.minecraft.item.crafting.ShapedRecipes@74844216
[13:30:10] [Server thread/TRACE] [FML]:   Registry: 302 minecraft:gold_nugget net.minecraft.item.crafting.ShapedRecipes@34b462e0
[13:30:10] [Server thread/TRACE] [FML]:   Registry: 303 minecraft:gold_ingot_from_nuggets net.minecraft.item.crafting.ShapedRecipes@96dfcbb
[13:30:10] [Server thread/TRACE] [FML]:   Registry: 304 minecraft:gold_ingot_from_block net.minecraft.item.crafting.ShapedRecipes@372841d2
[13:30:10] [Server thread/TRACE] [FML]:   Registry: 305 minecraft:gold_block net.minecraft.item.crafting.ShapedRecipes@2b82018
[13:30:10] [Server thread/TRACE] [FML]:   Registry: 306 minecraft:glowstone net.minecraft.item.crafting.ShapedRecipes@7df5549e
[13:30:10] [Server thread/TRACE] [FML]:   Registry: 307 minecraft:glass_pane net.minecraft.item.crafting.ShapedRecipes@188ae8d2
[13:30:10] [Server thread/TRACE] [FML]:   Registry: 308 minecraft:glass_bottle net.minecraft.item.crafting.ShapedRecipes@10ec4721
[13:30:10] [Server thread/TRACE] [FML]:   Registry: 309 minecraft:furnace_minecart net.minecraft.item.crafting.ShapedRecipes@3ec62141
[13:30:10] [Server thread/TRACE] [FML]:   Registry: 310 minecraft:furnace net.minecraft.item.crafting.ShapedRecipes@11e3d08
[13:30:10] [Server thread/TRACE] [FML]:   Registry: 311 minecraft:flower_pot net.minecraft.item.crafting.ShapedRecipes@571c2ed8
[13:30:10] [Server thread/TRACE] [FML]:   Registry: 312 minecraft:flint_and_steel net.minecraft.item.crafting.ShapelessRecipes@51e0f2eb
[13:30:10] [Server thread/TRACE] [FML]:   Registry: 313 minecraft:fishing_rod net.minecraft.item.crafting.ShapedRecipes@aa794a3
[13:30:10] [Server thread/TRACE] [FML]:   Registry: 314 minecraft:fire_charge net.minecraft.item.crafting.ShapelessRecipes@626766fd
[13:30:10] [Server thread/TRACE] [FML]:   Registry: 315 minecraft:fermented_spider_eye net.minecraft.item.crafting.ShapelessRecipes@1fec9d33
[13:30:10] [Server thread/TRACE] [FML]:   Registry: 316 minecraft:fence_gate net.minecraft.item.crafting.ShapedRecipes@49bc71b4
[13:30:10] [Server thread/TRACE] [FML]:   Registry: 317 minecraft:fence net.minecraft.item.crafting.ShapedRecipes@5ca8c904
[13:30:10] [Server thread/TRACE] [FML]:   Registry: 318 minecraft:ender_eye net.minecraft.item.crafting.ShapelessRecipes@65b19e5c
[13:30:10] [Server thread/TRACE] [FML]:   Registry: 319 minecraft:ender_chest net.minecraft.item.crafting.ShapedRecipes@66596c4c
[13:30:10] [Server thread/TRACE] [FML]:   Registry: 320 minecraft:end_rod net.minecraft.item.crafting.ShapedRecipes@723b8eff
[13:30:10] [Server thread/TRACE] [FML]:   Registry: 321 minecraft:end_crystal net.minecraft.item.crafting.ShapedRecipes@1d1fd2aa
[13:30:10] [Server thread/TRACE] [FML]:   Registry: 322 minecraft:end_bricks net.minecraft.item.crafting.ShapedRecipes@48b9773b
[13:30:10] [Server thread/TRACE] [FML]:   Registry: 323 minecraft:enchanting_table net.minecraft.item.crafting.ShapedRecipes@79c849c7
[13:30:10] [Server thread/TRACE] [FML]:   Registry: 324 minecraft:emerald_block net.minecraft.item.crafting.ShapedRecipes@5e9f1a4c
[13:30:10] [Server thread/TRACE] [FML]:   Registry: 325 minecraft:emerald net.minecraft.item.crafting.ShapedRecipes@11ca8f71
[13:30:10] [Server thread/TRACE] [FML]:   Registry: 326 minecraft:dropper net.minecraft.item.crafting.ShapedRecipes@417751d3
[13:30:10] [Server thread/TRACE] [FML]:   Registry: 327 minecraft:dispenser net.minecraft.item.crafting.ShapedRecipes@746f8520
[13:30:10] [Server thread/TRACE] [FML]:   Registry: 328 minecraft:diorite net.minecraft.item.crafting.ShapedRecipes@5cf80dfb
[13:30:10] [Server thread/TRACE] [FML]:   Registry: 329 minecraft:diamond_sword net.minecraft.item.crafting.ShapedRecipes@17fb5184
[13:30:10] [Server thread/TRACE] [FML]:   Registry: 330 minecraft:diamond_shovel net.minecraft.item.crafting.ShapedRecipes@564d3940
[13:30:10] [Server thread/TRACE] [FML]:   Registry: 331 minecraft:diamond_pickaxe net.minecraft.item.crafting.ShapedRecipes@4aea57dc
[13:30:10] [Server thread/TRACE] [FML]:   Registry: 332 minecraft:diamond_leggings net.minecraft.item.crafting.ShapedRecipes@49338f3
[13:30:10] [Server thread/TRACE] [FML]:   Registry: 333 minecraft:diamond_hoe net.minecraft.item.crafting.ShapedRecipes@c7cf8c4
[13:30:10] [Server thread/TRACE] [FML]:   Registry: 334 minecraft:diamond_helmet net.minecraft.item.crafting.ShapedRecipes@6fe9c048
[13:30:10] [Server thread/TRACE] [FML]:   Registry: 335 minecraft:diamond_chestplate net.minecraft.item.crafting.ShapedRecipes@7dfec0bc
[13:30:10] [Server thread/TRACE] [FML]:   Registry: 336 minecraft:diamond_boots net.minecraft.item.crafting.ShapedRecipes@20f6b6e0
[13:30:10] [Server thread/TRACE] [FML]:   Registry: 337 minecraft:diamond_block net.minecraft.item.crafting.ShapedRecipes@5f32ab17
[13:30:10] [Server thread/TRACE] [FML]:   Registry: 338 minecraft:diamond_axe net.minecraft.item.crafting.ShapedRecipes@3cc817bd
[13:30:10] [Server thread/TRACE] [FML]:   Registry: 339 minecraft:diamond net.minecraft.item.crafting.ShapedRecipes@51aa2a58
[13:30:10] [Server thread/TRACE] [FML]:   Registry: 340 minecraft:detector_rail net.minecraft.item.crafting.ShapedRecipes@42fa5cb
[13:30:10] [Server thread/TRACE] [FML]:   Registry: 341 minecraft:daylight_detector net.minecraft.item.crafting.ShapedRecipes@32f14274
[13:30:10] [Server thread/TRACE] [FML]:   Registry: 342 minecraft:dark_prismarine net.minecraft.item.crafting.ShapedRecipes@6fdb1a59
[13:30:10] [Server thread/TRACE] [FML]:   Registry: 343 minecraft:dark_oak_wooden_slab net.minecraft.item.crafting.ShapedRecipes@acd115d
[13:30:10] [Server thread/TRACE] [FML]:   Registry: 344 minecraft:dark_oak_stairs net.minecraft.item.crafting.ShapedRecipes@6e337ba1
[13:30:10] [Server thread/TRACE] [FML]:   Registry: 345 minecraft:dark_oak_planks net.minecraft.item.crafting.ShapedRecipes@5dfec221
[13:30:10] [Server thread/TRACE] [FML]:   Registry: 346 minecraft:dark_oak_fence_gate net.minecraft.item.crafting.ShapedRecipes@1942a36e
[13:30:10] [Server thread/TRACE] [FML]:   Registry: 347 minecraft:dark_oak_fence net.minecraft.item.crafting.ShapedRecipes@320770d7
[13:30:10] [Server thread/TRACE] [FML]:   Registry: 348 minecraft:dark_oak_door net.minecraft.item.crafting.ShapedRecipes@6e6f5842
[13:30:10] [Server thread/TRACE] [FML]:   Registry: 349 minecraft:dark_oak_boat net.minecraft.item.crafting.ShapedRecipes@67689c81
[13:30:10] [Server thread/TRACE] [FML]:   Registry: 350 minecraft:cyan_wool net.minecraft.item.crafting.ShapelessRecipes@5730b513
[13:30:10] [Server thread/TRACE] [FML]:   Registry: 351 minecraft:cyan_stained_hardened_clay net.minecraft.item.crafting.ShapedRecipes@1bf52f10
[13:30:10] [Server thread/TRACE] [FML]:   Registry: 352 minecraft:cyan_stained_glass_pane net.minecraft.item.crafting.ShapedRecipes@543ba2e1
[13:30:10] [Server thread/TRACE] [FML]:   Registry: 353 minecraft:cyan_stained_glass net.minecraft.item.crafting.ShapedRecipes@64a8d575
[13:30:10] [Server thread/TRACE] [FML]:   Registry: 354 minecraft:cyan_dye net.minecraft.item.crafting.ShapelessRecipes@44a485bc
[13:30:10] [Server thread/TRACE] [FML]:   Registry: 355 minecraft:cyan_concrete_powder net.minecraft.item.crafting.ShapelessRecipes@2568611c
[13:30:10] [Server thread/TRACE] [FML]:   Registry: 356 minecraft:cyan_carpet net.minecraft.item.crafting.ShapedRecipes@4e1b5532
[13:30:10] [Server thread/TRACE] [FML]:   Registry: 357 minecraft:cyan_bed_from_white_bed net.minecraft.item.crafting.ShapelessRecipes@731d0d5c
[13:30:10] [Server thread/TRACE] [FML]:   Registry: 358 minecraft:cyan_bed net.minecraft.item.crafting.ShapedRecipes@1e36baca
[13:30:10] [Server thread/TRACE] [FML]:   Registry: 359 minecraft:cyan_banner net.minecraft.item.crafting.ShapedRecipes@5e3d84a
[13:30:10] [Server thread/TRACE] [FML]:   Registry: 360 minecraft:crafting_table net.minecraft.item.crafting.ShapedRecipes@4fb99927
[13:30:10] [Server thread/TRACE] [FML]:   Registry: 361 minecraft:cookie net.minecraft.item.crafting.ShapedRecipes@1fb30e5d
[13:30:10] [Server thread/TRACE] [FML]:   Registry: 362 minecraft:compass net.minecraft.item.crafting.ShapedRecipes@23d12a3a
[13:30:10] [Server thread/TRACE] [FML]:   Registry: 363 minecraft:comparator net.minecraft.item.crafting.ShapedRecipes@3f3f554f
[13:30:10] [Server thread/TRACE] [FML]:   Registry: 364 minecraft:cobblestone_wall net.minecraft.item.crafting.ShapedRecipes@2c731a16
[13:30:10] [Server thread/TRACE] [FML]:   Registry: 365 minecraft:cobblestone_slab net.minecraft.item.crafting.ShapedRecipes@4a773f08
[13:30:10] [Server thread/TRACE] [FML]:   Registry: 366 minecraft:coarse_dirt net.minecraft.item.crafting.ShapedRecipes@285b491f
[13:30:10] [Server thread/TRACE] [FML]:   Registry: 367 minecraft:coal_block net.minecraft.item.crafting.ShapedRecipes@52325940
[13:30:10] [Server thread/TRACE] [FML]:   Registry: 368 minecraft:coal net.minecraft.item.crafting.ShapedRecipes@65f470f8
[13:30:10] [Server thread/TRACE] [FML]:   Registry: 369 minecraft:clock net.minecraft.item.crafting.ShapedRecipes@760c777d
[13:30:10] [Server thread/TRACE] [FML]:   Registry: 370 minecraft:clay net.minecraft.item.crafting.ShapedRecipes@332fa1c
[13:30:10] [Server thread/TRACE] [FML]:   Registry: 371 minecraft:chiseled_stonebrick net.minecraft.item.crafting.ShapedRecipes@1978b0d5
[13:30:10] [Server thread/TRACE] [FML]:   Registry: 372 minecraft:chiseled_sandstone net.minecraft.item.crafting.ShapedRecipes@2079fcfc
[13:30:10] [Server thread/TRACE] [FML]:   Registry: 373 minecraft:chiseled_red_sandstone net.minecraft.item.crafting.ShapedRecipes@3346e906
[13:30:10] [Server thread/TRACE] [FML]:   Registry: 374 minecraft:chiseled_quartz_block net.minecraft.item.crafting.ShapedRecipes@713497cd
[13:30:10] [Server thread/TRACE] [FML]:   Registry: 375 minecraft:chest_minecart net.minecraft.item.crafting.ShapedRecipes@24f2608b
[13:30:10] [Server thread/TRACE] [FML]:   Registry: 376 minecraft:chest net.minecraft.item.crafting.ShapedRecipes@b2e1df3
[13:30:10] [Server thread/TRACE] [FML]:   Registry: 377 minecraft:cauldron net.minecraft.item.crafting.ShapedRecipes@55c20a91
[13:30:10] [Server thread/TRACE] [FML]:   Registry: 378 minecraft:carrot_on_a_stick net.minecraft.item.crafting.ShapedRecipes@70d7a49b
[13:30:10] [Server thread/TRACE] [FML]:   Registry: 379 minecraft:cake net.minecraft.item.crafting.ShapedRecipes@3bc18fec
[13:30:10] [Server thread/TRACE] [FML]:   Registry: 380 minecraft:bucket net.minecraft.item.crafting.ShapedRecipes@2ff62720
[13:30:10] [Server thread/TRACE] [FML]:   Registry: 381 minecraft:brown_wool net.minecraft.item.crafting.ShapelessRecipes@306cfb8a
[13:30:10] [Server thread/TRACE] [FML]:   Registry: 382 minecraft:brown_stained_hardened_clay net.minecraft.item.crafting.ShapedRecipes@6d87253e
[13:30:10] [Server thread/TRACE] [FML]:   Registry: 383 minecraft:brown_stained_glass_pane net.minecraft.item.crafting.ShapedRecipes@75345e47
[13:30:10] [Server thread/TRACE] [FML]:   Registry: 384 minecraft:brown_stained_glass net.minecraft.item.crafting.ShapedRecipes@3d5f08d4
[13:30:10] [Server thread/TRACE] [FML]:   Registry: 385 minecraft:brown_concrete_powder net.minecraft.item.crafting.ShapelessRecipes@75ac326f
[13:30:10] [Server thread/TRACE] [FML]:   Registry: 386 minecraft:brown_carpet net.minecraft.item.crafting.ShapedRecipes@f453129
[13:30:10] [Server thread/TRACE] [FML]:   Registry: 387 minecraft:brown_bed_from_white_bed net.minecraft.item.crafting.ShapelessRecipes@68b3979d
[13:30:10] [Server thread/TRACE] [FML]:   Registry: 388 minecraft:brown_bed net.minecraft.item.crafting.ShapedRecipes@1f0f92f5
[13:30:10] [Server thread/TRACE] [FML]:   Registry: 389 minecraft:brown_banner net.minecraft.item.crafting.ShapedRecipes@4b9b5da5
[13:30:10] [Server thread/TRACE] [FML]:   Registry: 390 minecraft:brick_stairs net.minecraft.item.crafting.ShapedRecipes@709d2a6c
[13:30:10] [Server thread/TRACE] [FML]:   Registry: 391 minecraft:brick_slab net.minecraft.item.crafting.ShapedRecipes@165454f7
[13:30:10] [Server thread/TRACE] [FML]:   Registry: 392 minecraft:brick_block net.minecraft.item.crafting.ShapedRecipes@1dd9a3ae
[13:30:10] [Server thread/TRACE] [FML]:   Registry: 393 minecraft:brewing_stand net.minecraft.item.crafting.ShapedRecipes@66a8ff6d
[13:30:10] [Server thread/TRACE] [FML]:   Registry: 394 minecraft:bread net.minecraft.item.crafting.ShapedRecipes@4b20aa21
[13:30:10] [Server thread/TRACE] [FML]:   Registry: 395 minecraft:bowl net.minecraft.item.crafting.ShapedRecipes@25e8a111
[13:30:10] [Server thread/TRACE] [FML]:   Registry: 396 minecraft:bow net.minecraft.item.crafting.ShapedRecipes@351be56b
[13:30:10] [Server thread/TRACE] [FML]:   Registry: 397 minecraft:bookshelf net.minecraft.item.crafting.ShapedRecipes@6c8672b9
[13:30:10] [Server thread/TRACE] [FML]:   Registry: 398 minecraft:book net.minecraft.item.crafting.ShapelessRecipes@2114eb1a
[13:30:10] [Server thread/TRACE] [FML]:   Registry: 399 minecraft:bone_meal_from_bone net.minecraft.item.crafting.ShapelessRecipes@3aed692d
[13:30:10] [Server thread/TRACE] [FML]:   Registry: 400 minecraft:bone_meal_from_block net.minecraft.item.crafting.ShapelessRecipes@74cd8c55
[13:30:10] [Server thread/TRACE] [FML]:   Registry: 401 minecraft:bone_block net.minecraft.item.crafting.ShapedRecipes@3966c679
[13:30:10] [Server thread/TRACE] [FML]:   Registry: 402 minecraft:boat net.minecraft.item.crafting.ShapedRecipes@1dac0784
[13:30:10] [Server thread/TRACE] [FML]:   Registry: 403 minecraft:blue_wool net.minecraft.item.crafting.ShapelessRecipes@55574295
[13:30:10] [Server thread/TRACE] [FML]:   Registry: 404 minecraft:blue_stained_hardened_clay net.minecraft.item.crafting.ShapedRecipes@5d04fbb7
[13:30:10] [Server thread/TRACE] [FML]:   Registry: 405 minecraft:blue_stained_glass_pane net.minecraft.item.crafting.ShapedRecipes@7d0df326
[13:30:10] [Server thread/TRACE] [FML]:   Registry: 406 minecraft:blue_stained_glass net.minecraft.item.crafting.ShapedRecipes@77307b51
[13:30:10] [Server thread/TRACE] [FML]:   Registry: 407 minecraft:blue_concrete_powder net.minecraft.item.crafting.ShapelessRecipes@464d60fb
[13:30:10] [Server thread/TRACE] [FML]:   Registry: 408 minecraft:blue_carpet net.minecraft.item.crafting.ShapedRecipes@fe38c0e
[13:30:10] [Server thread/TRACE] [FML]:   Registry: 409 minecraft:blue_bed_from_white_bed net.minecraft.item.crafting.ShapelessRecipes@61e0f9b9
[13:30:10] [Server thread/TRACE] [FML]:   Registry: 410 minecraft:blue_bed net.minecraft.item.crafting.ShapedRecipes@121dac1a
[13:30:10] [Server thread/TRACE] [FML]:   Registry: 411 minecraft:blue_banner net.minecraft.item.crafting.ShapedRecipes@6296e4bf
[13:30:10] [Server thread/TRACE] [FML]:   Registry: 412 minecraft:blaze_powder net.minecraft.item.crafting.ShapelessRecipes@18df26a1
[13:30:10] [Server thread/TRACE] [FML]:   Registry: 413 minecraft:black_wool net.minecraft.item.crafting.ShapelessRecipes@71d78cac
[13:30:10] [Server thread/TRACE] [FML]:   Registry: 414 minecraft:black_stained_hardened_clay net.minecraft.item.crafting.ShapedRecipes@8b1170f
[13:30:10] [Server thread/TRACE] [FML]:   Registry: 415 minecraft:black_stained_glass_pane net.minecraft.item.crafting.ShapedRecipes@31450fc0
[13:30:10] [Server thread/TRACE] [FML]:   Registry: 416 minecraft:black_stained_glass net.minecraft.item.crafting.ShapedRecipes@480994d3
[13:30:10] [Server thread/TRACE] [FML]:   Registry: 417 minecraft:black_concrete_powder net.minecraft.item.crafting.ShapelessRecipes@1f1ffc18
[13:30:10] [Server thread/TRACE] [FML]:   Registry: 418 minecraft:black_carpet net.minecraft.item.crafting.ShapedRecipes@46bdc55e
[13:30:10] [Server thread/TRACE] [FML]:   Registry: 419 minecraft:black_bed_from_white_bed net.minecraft.item.crafting.ShapelessRecipes@b5311cb
[13:30:10] [Server thread/TRACE] [FML]:   Registry: 420 minecraft:black_bed net.minecraft.item.crafting.ShapedRecipes@8636cf4
[13:30:10] [Server thread/TRACE] [FML]:   Registry: 421 minecraft:black_banner net.minecraft.item.crafting.ShapedRecipes@5c3924fd
[13:30:10] [Server thread/TRACE] [FML]:   Registry: 422 minecraft:birch_wooden_slab net.minecraft.item.crafting.ShapedRecipes@6a97517
[13:30:10] [Server thread/TRACE] [FML]:   Registry: 423 minecraft:birch_stairs net.minecraft.item.crafting.ShapedRecipes@2e40ea48
[13:30:10] [Server thread/TRACE] [FML]:   Registry: 424 minecraft:birch_planks net.minecraft.item.crafting.ShapedRecipes@2f2f92f
[13:30:10] [Server thread/TRACE] [FML]:   Registry: 425 minecraft:birch_fence_gate net.minecraft.item.crafting.ShapedRecipes@3e0327dd
[13:30:10] [Server thread/TRACE] [FML]:   Registry: 426 minecraft:birch_fence net.minecraft.item.crafting.ShapedRecipes@38197e82
[13:30:10] [Server thread/TRACE] [FML]:   Registry: 427 minecraft:birch_door net.minecraft.item.crafting.ShapedRecipes@6db04a6
[13:30:10] [Server thread/TRACE] [FML]:   Registry: 428 minecraft:birch_boat net.minecraft.item.crafting.ShapedRecipes@451a4187
[13:30:10] [Server thread/TRACE] [FML]:   Registry: 429 minecraft:beetroot_soup net.minecraft.item.crafting.ShapedRecipes@363ba634
[13:30:10] [Server thread/TRACE] [FML]:   Registry: 430 minecraft:beacon net.minecraft.item.crafting.ShapedRecipes@7c6ab057
[13:30:10] [Server thread/TRACE] [FML]:   Registry: 431 minecraft:arrow net.minecraft.item.crafting.ShapedRecipes@399fd710
[13:30:10] [Server thread/TRACE] [FML]:   Registry: 432 minecraft:armor_stand net.minecraft.item.crafting.ShapedRecipes@1734b1a
[13:30:10] [Server thread/TRACE] [FML]:   Registry: 433 minecraft:anvil net.minecraft.item.crafting.ShapedRecipes@69a294d8
[13:30:10] [Server thread/TRACE] [FML]:   Registry: 434 minecraft:andesite net.minecraft.item.crafting.ShapelessRecipes@6b6c0b7c
[13:30:10] [Server thread/TRACE] [FML]:   Registry: 435 minecraft:activator_rail net.minecraft.item.crafting.ShapedRecipes@3340ff7c
[13:30:10] [Server thread/TRACE] [FML]:   Registry: 436 minecraft:acacia_wooden_slab net.minecraft.item.crafting.ShapedRecipes@39420d59
[13:30:10] [Server thread/TRACE] [FML]:   Registry: 437 minecraft:acacia_stairs net.minecraft.item.crafting.ShapedRecipes@14ba7f15
[13:30:10] [Server thread/TRACE] [FML]:   Registry: 438 minecraft:acacia_planks net.minecraft.item.crafting.ShapedRecipes@6f89ad03
[13:30:10] [Server thread/TRACE] [FML]:   Registry: 439 minecraft:acacia_fence_gate net.minecraft.item.crafting.ShapedRecipes@1fa796a4
[13:30:10] [Server thread/TRACE] [FML]:   Registry: 440 minecraft:acacia_fence net.minecraft.item.crafting.ShapedRecipes@6f2bf657
[13:30:10] [Server thread/TRACE] [FML]:   Registry: 441 minecraft:acacia_door net.minecraft.item.crafting.ShapedRecipes@1c3b221f
[13:30:10] [Server thread/TRACE] [FML]:   Registry: 442 minecraft:acacia_boat net.minecraft.item.crafting.ShapedRecipes@5dc120ab
[13:30:10] [Server thread/TRACE] [FML]:   Registry: 443 adversity:wither_mark net.minecraft.item.crafting.ShapedRecipes@681d20da
[13:30:10] [Server thread/TRACE] [FML]:   Registry: 444 adversity:void_heart net.minecraft.item.crafting.ShapedRecipes@35ac70a
[13:30:10] [Server thread/TRACE] [FML]:   Registry: 445 adversity:true_crystal net.minecraft.item.crafting.ShapedRecipes@3720dba4
[13:30:10] [Server thread/TRACE] [FML]:   Registry: 446 adversity:thunder_ring net.minecraft.item.crafting.ShapedRecipes@485262be
[13:30:10] [Server thread/TRACE] [FML]:   Registry: 447 adversity:temporal_watch net.minecraft.item.crafting.ShapedRecipes@16b8e471
[13:30:10] [Server thread/TRACE] [FML]:   Registry: 448 adversity:spatial_anchor net.minecraft.item.crafting.ShapedRecipes@292a4680
[13:30:10] [Server thread/TRACE] [FML]:   Registry: 449 adversity:soul_seal_dust net.minecraft.item.crafting.ShapedRecipes@6f942437
[13:30:10] [Server thread/TRACE] [FML]:   Registry: 450 adversity:soul_chain net.minecraft.item.crafting.ShapedRecipes@7792e75e
[13:30:10] [Server thread/TRACE] [FML]:   Registry: 451 adversity:sanctuary_core net.minecraft.item.crafting.ShapedRecipes@173f86cc
[13:30:10] [Server thread/TRACE] [FML]:   Registry: 452 adversity:sanctuary_compass net.minecraft.item.crafting.ShapedRecipes@4339a2cf
[13:30:10] [Server thread/TRACE] [FML]:   Registry: 453 adversity:purify_badge net.minecraft.item.crafting.ShapedRecipes@6ef69ebf
[13:30:10] [Server thread/TRACE] [FML]:   Registry: 454 adversity:light_amulet net.minecraft.item.crafting.ShapedRecipes@70ba2b39
[13:30:10] [Server thread/TRACE] [FML]:   Registry: 455 adversity:immunity_badge net.minecraft.item.crafting.ShapedRecipes@1b54b2ef
[13:30:10] [Server thread/TRACE] [FML]:   Registry: 456 adversity:guardian_soul net.minecraft.item.crafting.ShapedRecipes@67976e3b
[13:30:10] [Server thread/TRACE] [FML]:   Registry: 457 adversity:guardian_heart net.minecraft.item.crafting.ShapedRecipes@178659ef
[13:30:10] [Server thread/TRACE] [FML]:   Registry: 458 adversity:frost_ward net.minecraft.item.crafting.ShapedRecipes@35d6eda7
[13:30:10] [Server thread/TRACE] [FML]:   Registry: 459 adversity:flame_ward net.minecraft.item.crafting.ShapedRecipes@62e8a8f2
[13:30:10] [Server thread/TRACE] [FML]:   Registry: 460 adversity:entropy_crystal net.minecraft.item.crafting.ShapedRecipes@2db0fdb7
[13:30:10] [Server thread/TRACE] [FML]:   Registry: 461 adversity:entropy_core net.minecraft.item.crafting.ShapedRecipes@1441386b
[13:30:10] [Server thread/TRACE] [FML]:   Registry: 462 adversity:difficulty_detector net.minecraft.item.crafting.ShapedRecipes@3007edb2
[13:30:10] [Server thread/TRACE] [FML]:   Registry: 463 adversity:courage_charm net.minecraft.item.crafting.ShapedRecipes@72fa7b1d
[13:30:10] [Server thread/TRACE] [FML]:   Registry: 464 adversity:corrosion_bane net.minecraft.item.crafting.ShapedRecipes@2c189612
[13:30:10] [Server thread/TRACE] [FML]:   Registry: 465 adversity:clarity_lens net.minecraft.item.crafting.ShapedRecipes@3f137ddd
[13:30:10] [Server thread/TRACE] [FML]:   Registry: 466 adversity:calm_dust net.minecraft.item.crafting.ShapedRecipes@23f0a79b
[13:30:10] [Server thread/TRACE] [FML]:   Registry: 467 adversity:bloodrage_emblem net.minecraft.item.crafting.ShapedRecipes@6b4bdf0d
[13:30:10] [Server thread/TRACE] [FML]:   Registry: 468 adversity:barrier_ward net.minecraft.item.crafting.ShapedRecipes@7cc24d56
[13:30:10] [Server thread/TRACE] [FML]:   Registry: 469 adversity:balance_charm net.minecraft.item.crafting.ShapedRecipes@4179173d
[13:30:10] [Server thread/TRACE] [FML]:   Registry: 470 adversity:armor_pierce net.minecraft.item.crafting.ShapedRecipes@5f133735
[13:30:10] [Server thread/TRACE] [FML]:   Registry: 471 adversity:anchor_stone net.minecraft.item.crafting.ShapedRecipes@64d67c04
[13:30:10] [Server thread/TRACE] [FML]:   Registry: 472 adversity:anchor_heart net.minecraft.item.crafting.ShapedRecipes@2f2bb096
[13:30:10] [Server thread/TRACE] [FML]:   Registry: 473 adversity:affix_lens net.minecraft.item.crafting.ShapedRecipes@6fadb8b7
[13:30:10] [Server thread/TRACE] [FML]:   Registry: 474 adversity:affix_guide net.minecraft.item.crafting.ShapedRecipes@79994ef0
[13:30:10] [Server thread/TRACE] [FML]:   Registry: 475 adversity:aegis_medal net.minecraft.item.crafting.ShapedRecipes@21cdceb2
[13:30:10] [Server thread/TRACE] [FML]: Registry Name : minecraft:villagerprofessions
[13:30:10] [Server thread/TRACE] [FML]:   Registry: 0 minecraft:farmer net.minecraftforge.fml.common.registry.VillagerRegistry$VillagerProfession@5e62ca19
[13:30:10] [Server thread/TRACE] [FML]:   Registry: 1 minecraft:librarian net.minecraftforge.fml.common.registry.VillagerRegistry$VillagerProfession@25b20860
[13:30:10] [Server thread/TRACE] [FML]:   Registry: 2 minecraft:priest net.minecraftforge.fml.common.registry.VillagerRegistry$VillagerProfession@5ba63110
[13:30:10] [Server thread/TRACE] [FML]:   Registry: 3 minecraft:smith net.minecraftforge.fml.common.registry.VillagerRegistry$VillagerProfession@1c0680b0
[13:30:10] [Server thread/TRACE] [FML]:   Registry: 4 minecraft:butcher net.minecraftforge.fml.common.registry.VillagerRegistry$VillagerProfession@2f3cd727
[13:30:10] [Server thread/TRACE] [FML]:   Registry: 5 minecraft:nitwit net.minecraftforge.fml.common.registry.VillagerRegistry$VillagerProfession@1af82ba8
[13:30:10] [Server thread/TRACE] [FML]: Registry Name : minecraft:dataserializers
[13:30:10] [Server thread/TRACE] [FML]: Registry Name : minecraft:entities
[13:30:10] [Server thread/TRACE] [FML]:   Registry: 1 minecraft:item net.minecraftforge.fml.common.registry.EntityEntry@62b42406
[13:30:10] [Server thread/TRACE] [FML]:   Registry: 2 minecraft:xp_orb net.minecraftforge.fml.common.registry.EntityEntry@1ab268bd
[13:30:10] [Server thread/TRACE] [FML]:   Registry: 3 minecraft:area_effect_cloud net.minecraftforge.fml.common.registry.EntityEntry@3815a7d1
[13:30:10] [Server thread/TRACE] [FML]:   Registry: 4 minecraft:elder_guardian net.minecraftforge.fml.common.registry.EntityEntry@3a988299
[13:30:10] [Server thread/TRACE] [FML]:   Registry: 5 minecraft:wither_skeleton net.minecraftforge.fml.common.registry.EntityEntry@31183ee2
[13:30:10] [Server thread/TRACE] [FML]:   Registry: 6 minecraft:stray net.minecraftforge.fml.common.registry.EntityEntry@5cdda548
[13:30:10] [Server thread/TRACE] [FML]:   Registry: 7 minecraft:egg net.minecraftforge.fml.common.registry.EntityEntry@154f8280
[13:30:10] [Server thread/TRACE] [FML]:   Registry: 8 minecraft:leash_knot net.minecraftforge.fml.common.registry.EntityEntry@7252bdb
[13:30:10] [Server thread/TRACE] [FML]:   Registry: 9 minecraft:painting net.minecraftforge.fml.common.registry.EntityEntry@4cd8db31
[13:30:10] [Server thread/TRACE] [FML]:   Registry: 10 minecraft:arrow net.minecraftforge.fml.common.registry.EntityEntry@ecf028c
[13:30:10] [Server thread/TRACE] [FML]:   Registry: 11 minecraft:snowball net.minecraftforge.fml.common.registry.EntityEntry@71eff6a3
[13:30:10] [Server thread/TRACE] [FML]:   Registry: 12 minecraft:fireball net.minecraftforge.fml.common.registry.EntityEntry@13662609
[13:30:10] [Server thread/TRACE] [FML]:   Registry: 13 minecraft:small_fireball net.minecraftforge.fml.common.registry.EntityEntry@6c36051c
[13:30:10] [Server thread/TRACE] [FML]:   Registry: 14 minecraft:ender_pearl net.minecraftforge.fml.common.registry.EntityEntry@1d5048d1
[13:30:10] [Server thread/TRACE] [FML]:   Registry: 15 minecraft:eye_of_ender_signal net.minecraftforge.fml.common.registry.EntityEntry@5358c8fa
[13:30:10] [Server thread/TRACE] [FML]:   Registry: 16 minecraft:potion net.minecraftforge.fml.common.registry.EntityEntry@58b3eb1
[13:30:10] [Server thread/TRACE] [FML]:   Registry: 17 minecraft:xp_bottle net.minecraftforge.fml.common.registry.EntityEntry@78743dd8
[13:30:10] [Server thread/TRACE] [FML]:   Registry: 18 minecraft:item_frame net.minecraftforge.fml.common.registry.EntityEntry@2986427e
[13:30:10] [Server thread/TRACE] [FML]:   Registry: 19 minecraft:wither_skull net.minecraftforge.fml.common.registry.EntityEntry@57bd9c2b
[13:30:10] [Server thread/TRACE] [FML]:   Registry: 20 minecraft:tnt net.minecraftforge.fml.common.registry.EntityEntry@1939a394
[13:30:10] [Server thread/TRACE] [FML]:   Registry: 21 minecraft:falling_block net.minecraftforge.fml.common.registry.EntityEntry@35cbeb54
[13:30:10] [Server thread/TRACE] [FML]:   Registry: 22 minecraft:fireworks_rocket net.minecraftforge.fml.common.registry.EntityEntry@5e8bd498
[13:30:10] [Server thread/TRACE] [FML]:   Registry: 23 minecraft:husk net.minecraftforge.fml.common.registry.EntityEntry@12723c5d
[13:30:10] [Server thread/TRACE] [FML]:   Registry: 24 minecraft:spectral_arrow net.minecraftforge.fml.common.registry.EntityEntry@775edae0
[13:30:10] [Server thread/TRACE] [FML]:   Registry: 25 minecraft:shulker_bullet net.minecraftforge.fml.common.registry.EntityEntry@74bfdd66
[13:30:10] [Server thread/TRACE] [FML]:   Registry: 26 minecraft:dragon_fireball net.minecraftforge.fml.common.registry.EntityEntry@76eadc5a
[13:30:10] [Server thread/TRACE] [FML]:   Registry: 27 minecraft:zombie_villager net.minecraftforge.fml.common.registry.EntityEntry@20914835
[13:30:10] [Server thread/TRACE] [FML]:   Registry: 28 minecraft:skeleton_horse net.minecraftforge.fml.common.registry.EntityEntry@46b21632
[13:30:10] [Server thread/TRACE] [FML]:   Registry: 29 minecraft:zombie_horse net.minecraftforge.fml.common.registry.EntityEntry@2507a170
[13:30:10] [Server thread/TRACE] [FML]:   Registry: 30 minecraft:armor_stand net.minecraftforge.fml.common.registry.EntityEntry@3af39e7b
[13:30:10] [Server thread/TRACE] [FML]:   Registry: 31 minecraft:donkey net.minecraftforge.fml.common.registry.EntityEntry@527d5e48
[13:30:10] [Server thread/TRACE] [FML]:   Registry: 32 minecraft:mule net.minecraftforge.fml.common.registry.EntityEntry@3291d9c2
[13:30:10] [Server thread/TRACE] [FML]:   Registry: 33 minecraft:evocation_fangs net.minecraftforge.fml.common.registry.EntityEntry@76f9e000
[13:30:10] [Server thread/TRACE] [FML]:   Registry: 34 minecraft:evocation_illager net.minecraftforge.fml.common.registry.EntityEntry@45790cb
[13:30:10] [Server thread/TRACE] [FML]:   Registry: 35 minecraft:vex net.minecraftforge.fml.common.registry.EntityEntry@14993306
[13:30:10] [Server thread/TRACE] [FML]:   Registry: 36 minecraft:vindication_illager net.minecraftforge.fml.common.registry.EntityEntry@1468e880
[13:30:10] [Server thread/TRACE] [FML]:   Registry: 37 minecraft:illusion_illager net.minecraftforge.fml.common.registry.EntityEntry@38923cfe
[13:30:10] [Server thread/TRACE] [FML]:   Registry: 40 minecraft:commandblock_minecart net.minecraftforge.fml.common.registry.EntityEntry@66b40dd3
[13:30:10] [Server thread/TRACE] [FML]:   Registry: 41 minecraft:boat net.minecraftforge.fml.common.registry.EntityEntry@4a5066f5
[13:30:10] [Server thread/TRACE] [FML]:   Registry: 42 minecraft:minecart net.minecraftforge.fml.common.registry.EntityEntry@1191029d
[13:30:10] [Server thread/TRACE] [FML]:   Registry: 43 minecraft:chest_minecart net.minecraftforge.fml.common.registry.EntityEntry@586486c
[13:30:10] [Server thread/TRACE] [FML]:   Registry: 44 minecraft:furnace_minecart net.minecraftforge.fml.common.registry.EntityEntry@7fbbdd8a
[13:30:10] [Server thread/TRACE] [FML]:   Registry: 45 minecraft:tnt_minecart net.minecraftforge.fml.common.registry.EntityEntry@79ec57b8
[13:30:10] [Server thread/TRACE] [FML]:   Registry: 46 minecraft:hopper_minecart net.minecraftforge.fml.common.registry.EntityEntry@55f6f965
[13:30:10] [Server thread/TRACE] [FML]:   Registry: 47 minecraft:spawner_minecart net.minecraftforge.fml.common.registry.EntityEntry@4ec27c4c
[13:30:10] [Server thread/TRACE] [FML]:   Registry: 50 minecraft:creeper net.minecraftforge.fml.common.registry.EntityEntry@2a259f6f
[13:30:10] [Server thread/TRACE] [FML]:   Registry: 51 minecraft:skeleton net.minecraftforge.fml.common.registry.EntityEntry@6614289a
[13:30:10] [Server thread/TRACE] [FML]:   Registry: 52 minecraft:spider net.minecraftforge.fml.common.registry.EntityEntry@51df2a41
[13:30:10] [Server thread/TRACE] [FML]:   Registry: 53 minecraft:giant net.minecraftforge.fml.common.registry.EntityEntry@46e6458d
[13:30:10] [Server thread/TRACE] [FML]:   Registry: 54 minecraft:zombie net.minecraftforge.fml.common.registry.EntityEntry@65d6640
[13:30:10] [Server thread/TRACE] [FML]:   Registry: 55 minecraft:slime net.minecraftforge.fml.common.registry.EntityEntry@4c79ca55
[13:30:10] [Server thread/TRACE] [FML]:   Registry: 56 minecraft:ghast net.minecraftforge.fml.common.registry.EntityEntry@614d7fbf
[13:30:10] [Server thread/TRACE] [FML]:   Registry: 57 minecraft:zombie_pigman net.minecraftforge.fml.common.registry.EntityEntry@924f3f1
[13:30:10] [Server thread/TRACE] [FML]:   Registry: 58 minecraft:enderman net.minecraftforge.fml.common.registry.EntityEntry@24d7657b
[13:30:10] [Server thread/TRACE] [FML]:   Registry: 59 minecraft:cave_spider net.minecraftforge.fml.common.registry.EntityEntry@4ae2c01b
[13:30:10] [Server thread/TRACE] [FML]:   Registry: 60 minecraft:silverfish net.minecraftforge.fml.common.registry.EntityEntry@d3d5094
[13:30:10] [Server thread/TRACE] [FML]:   Registry: 61 minecraft:blaze net.minecraftforge.fml.common.registry.EntityEntry@38b54694
[13:30:10] [Server thread/TRACE] [FML]:   Registry: 62 minecraft:magma_cube net.minecraftforge.fml.common.registry.EntityEntry@c0004b7
[13:30:10] [Server thread/TRACE] [FML]:   Registry: 63 minecraft:ender_dragon net.minecraftforge.fml.common.registry.EntityEntry@3265995e
[13:30:10] [Server thread/TRACE] [FML]:   Registry: 64 minecraft:wither net.minecraftforge.fml.common.registry.EntityEntry@408d945b
[13:30:10] [Server thread/TRACE] [FML]:   Registry: 65 minecraft:bat net.minecraftforge.fml.common.registry.EntityEntry@351e86b2
[13:30:10] [Server thread/TRACE] [FML]:   Registry: 66 minecraft:witch net.minecraftforge.fml.common.registry.EntityEntry@5649f55
[13:30:10] [Server thread/TRACE] [FML]:   Registry: 67 minecraft:endermite net.minecraftforge.fml.common.registry.EntityEntry@12270a01
[13:30:10] [Server thread/TRACE] [FML]:   Registry: 68 minecraft:guardian net.minecraftforge.fml.common.registry.EntityEntry@646d58cd
[13:30:10] [Server thread/TRACE] [FML]:   Registry: 69 minecraft:shulker net.minecraftforge.fml.common.registry.EntityEntry@6585df70
[13:30:10] [Server thread/TRACE] [FML]:   Registry: 90 minecraft:pig net.minecraftforge.fml.common.registry.EntityEntry@3cb49121
[13:30:10] [Server thread/TRACE] [FML]:   Registry: 91 minecraft:sheep net.minecraftforge.fml.common.registry.EntityEntry@a6fc1bc
[13:30:10] [Server thread/TRACE] [FML]:   Registry: 92 minecraft:cow net.minecraftforge.fml.common.registry.EntityEntry@124ff64d
[13:30:10] [Server thread/TRACE] [FML]:   Registry: 93 minecraft:chicken net.minecraftforge.fml.common.registry.EntityEntry@79777da7
[13:30:10] [Server thread/TRACE] [FML]:   Registry: 94 minecraft:squid net.minecraftforge.fml.common.registry.EntityEntry@7323c38c
[13:30:10] [Server thread/TRACE] [FML]:   Registry: 95 minecraft:wolf net.minecraftforge.fml.common.registry.EntityEntry@51f4439e
[13:30:10] [Server thread/TRACE] [FML]:   Registry: 96 minecraft:mooshroom net.minecraftforge.fml.common.registry.EntityEntry@1d654b5f
[13:30:10] [Server thread/TRACE] [FML]:   Registry: 97 minecraft:snowman net.minecraftforge.fml.common.registry.EntityEntry@1b36d248
[13:30:10] [Server thread/TRACE] [FML]:   Registry: 98 minecraft:ocelot net.minecraftforge.fml.common.registry.EntityEntry@495e8a3
[13:30:10] [Server thread/TRACE] [FML]:   Registry: 99 minecraft:villager_golem net.minecraftforge.fml.common.registry.EntityEntry@3063be68
[13:30:10] [Server thread/TRACE] [FML]:   Registry: 100 minecraft:horse net.minecraftforge.fml.common.registry.EntityEntry@2d2f09a4
[13:30:10] [Server thread/TRACE] [FML]:   Registry: 101 minecraft:rabbit net.minecraftforge.fml.common.registry.EntityEntry@729d6ee2
[13:30:10] [Server thread/TRACE] [FML]:   Registry: 102 minecraft:polar_bear net.minecraftforge.fml.common.registry.EntityEntry@50ac1249
[13:30:10] [Server thread/TRACE] [FML]:   Registry: 103 minecraft:llama net.minecraftforge.fml.common.registry.EntityEntry@28f8ce2e
[13:30:10] [Server thread/TRACE] [FML]:   Registry: 104 minecraft:llama_spit net.minecraftforge.fml.common.registry.EntityEntry@4af0c50
[13:30:10] [Server thread/TRACE] [FML]:   Registry: 105 minecraft:parrot net.minecraftforge.fml.common.registry.EntityEntry@17332039
[13:30:10] [Server thread/TRACE] [FML]:   Registry: 120 minecraft:villager net.minecraftforge.fml.common.registry.EntityEntry@86bf90b
[13:30:10] [Server thread/TRACE] [FML]:   Registry: 200 minecraft:ender_crystal net.minecraftforge.fml.common.registry.EntityEntry@4aba7617
[13:30:10] [Server thread/TRACE] [FML]: Sending event FMLModIdMappingEvent to mod minecraft
[13:30:10] [Server thread/TRACE] [FML]: Sent event FMLModIdMappingEvent to mod minecraft
[13:30:10] [Server thread/DEBUG] [FML]: Bar Step: ModIdMapping - Minecraft took 0.000s
[13:30:10] [Server thread/TRACE] [FML]: Sending event FMLModIdMappingEvent to mod mcp
[13:30:10] [Server thread/TRACE] [FML]: Sent event FMLModIdMappingEvent to mod mcp
[13:30:10] [Server thread/DEBUG] [FML]: Bar Step: ModIdMapping - Minecraft Coder Pack took 0.000s
[13:30:10] [Server thread/TRACE] [FML]: Sending event FMLModIdMappingEvent to mod FML
[13:30:10] [Server thread/TRACE] [FML]: Sent event FMLModIdMappingEvent to mod FML
[13:30:10] [Server thread/DEBUG] [FML]: Bar Step: ModIdMapping - Forge Mod Loader took 0.000s
[13:30:10] [Server thread/TRACE] [FML]: Sending event FMLModIdMappingEvent to mod forge
[13:30:10] [Server thread/TRACE] [FML]: Sent event FMLModIdMappingEvent to mod forge
[13:30:10] [Server thread/DEBUG] [FML]: Bar Step: ModIdMapping - Minecraft Forge took 0.031s
[13:30:10] [Server thread/TRACE] [FML]: Sending event FMLModIdMappingEvent to mod crafttweaker
[13:30:10] [Server thread/TRACE] [FML]: Sent event FMLModIdMappingEvent to mod crafttweaker
[13:30:10] [Server thread/DEBUG] [FML]: Bar Step: ModIdMapping - CraftTweaker2 took 0.000s
[13:30:10] [Server thread/TRACE] [FML]: Sending event FMLModIdMappingEvent to mod ctgui
[13:30:10] [Server thread/TRACE] [FML]: Sent event FMLModIdMappingEvent to mod ctgui
[13:30:10] [Server thread/DEBUG] [FML]: Bar Step: ModIdMapping - CT-GUI took 0.000s
[13:30:10] [Server thread/TRACE] [FML]: Sending event FMLModIdMappingEvent to mod jei
[13:30:10] [Server thread/TRACE] [FML]: Sent event FMLModIdMappingEvent to mod jei
[13:30:10] [Server thread/DEBUG] [FML]: Bar Step: ModIdMapping - Just Enough Items took 0.000s
[13:30:10] [Server thread/TRACE] [FML]: Sending event FMLModIdMappingEvent to mod crafttweakerjei
[13:30:10] [Server thread/TRACE] [FML]: Sent event FMLModIdMappingEvent to mod crafttweakerjei
[13:30:10] [Server thread/DEBUG] [FML]: Bar Step: ModIdMapping - CraftTweaker JEI Support took 0.000s
[13:30:10] [Server thread/TRACE] [FML]: Sending event FMLModIdMappingEvent to mod adversity
[13:30:10] [Server thread/TRACE] [FML]: Sent event FMLModIdMappingEvent to mod adversity
[13:30:10] [Server thread/DEBUG] [FML]: Bar Step: ModIdMapping - Adversity took 0.000s
[13:30:10] [Server thread/TRACE] [FML]: Sending event FMLModIdMappingEvent to mod baubles
[13:30:10] [Server thread/TRACE] [FML]: Sent event FMLModIdMappingEvent to mod baubles
[13:30:10] [Server thread/DEBUG] [FML]: Bar Step: ModIdMapping - Baubles took 0.000s
[13:30:10] [Server thread/TRACE] [FML]: Sending event FMLModIdMappingEvent to mod worldedit
[13:30:10] [Server thread/TRACE] [FML]: Sent event FMLModIdMappingEvent to mod worldedit
[13:30:10] [Server thread/DEBUG] [FML]: Bar Step: ModIdMapping - WorldEdit took 0.000s
[13:30:10] [Server thread/DEBUG] [FML]: Bar Finished: ModIdMapping took 0.032s
[13:30:10] [Server thread/INFO] [FML]: Applying holder lookups
[13:30:10] [Server thread/INFO] [FML]: Holder lookups applied
[13:30:10] [Server thread/DEBUG] [FML]: Loading persistent fluid defaults from world
[13:30:10] [Server thread/DEBUG] [FML]: The fluid minecraft:lava has been selected as the default fluid for lava
[13:30:10] [Server thread/DEBUG] [FML]: The fluid minecraft:water has been selected as the default fluid for water
[13:30:10] [Server thread/INFO] [FML]: Loading dimension 0 (新的世界) (net.minecraft.server.integrated.IntegratedServer@978593)
[13:30:10] [Server thread/INFO] [net.minecraft.advancements.AdvancementList]: Loaded 488 advancements
[13:30:10] [Server thread/INFO] [FML]: Loading dimension -1 (新的世界) (net.minecraft.server.integrated.IntegratedServer@978593)
[13:30:10] [Server thread/INFO] [FML]: Loading dimension 1 (新的世界) (net.minecraft.server.integrated.IntegratedServer@978593)
[13:30:10] [Server thread/INFO] [net.minecraft.server.MinecraftServer]: Preparing start region for level 0
[13:30:10] [Server thread/INFO] [adversity]: Config cache refreshed: 0 whitelist, 2 blacklist, 0 disabled affixes, 0 forced tier, 0 elite blacklist
[13:30:10] [Server thread/TRACE] [FML]: Sending event FMLServerStartingEvent to mod minecraft
[13:30:10] [Server thread/TRACE] [FML]: Sent event FMLServerStartingEvent to mod minecraft
[13:30:10] [Server thread/DEBUG] [FML]: Bar Step: ServerStarting - Minecraft took 0.001s
[13:30:10] [Server thread/TRACE] [FML]: Sending event FMLServerStartingEvent to mod mcp
[13:30:10] [Server thread/TRACE] [FML]: Sent event FMLServerStartingEvent to mod mcp
[13:30:10] [Server thread/DEBUG] [FML]: Bar Step: ServerStarting - Minecraft Coder Pack took 0.000s
[13:30:10] [Server thread/TRACE] [FML]: Sending event FMLServerStartingEvent to mod FML
[13:30:10] [Server thread/TRACE] [FML]: Sent event FMLServerStartingEvent to mod FML
[13:30:10] [Server thread/DEBUG] [FML]: Bar Step: ServerStarting - Forge Mod Loader took 0.000s
[13:30:10] [Server thread/TRACE] [FML]: Sending event FMLServerStartingEvent to mod forge
[13:30:10] [Server thread/TRACE] [FML]: Sent event FMLServerStartingEvent to mod forge
[13:30:10] [Server thread/DEBUG] [FML]: Bar Step: ServerStarting - Minecraft Forge took 0.007s
[13:30:10] [Server thread/TRACE] [FML]: Sending event FMLServerStartingEvent to mod crafttweaker
[13:30:10] [Server thread/TRACE] [FML]: Sent event FMLServerStartingEvent to mod crafttweaker
[13:30:10] [Server thread/DEBUG] [FML]: Bar Step: ServerStarting - CraftTweaker2 took 0.014s
[13:30:10] [Server thread/TRACE] [FML]: Sending event FMLServerStartingEvent to mod ctgui
[13:30:10] [Server thread/TRACE] [FML]: Sent event FMLServerStartingEvent to mod ctgui
[13:30:10] [Server thread/DEBUG] [FML]: Bar Step: ServerStarting - CT-GUI took 0.001s
[13:30:10] [Server thread/TRACE] [FML]: Sending event FMLServerStartingEvent to mod jei
[13:30:10] [Server thread/TRACE] [FML]: Sent event FMLServerStartingEvent to mod jei
[13:30:10] [Server thread/DEBUG] [FML]: Bar Step: ServerStarting - Just Enough Items took 0.000s
[13:30:10] [Server thread/TRACE] [FML]: Sending event FMLServerStartingEvent to mod crafttweakerjei
[13:30:10] [Server thread/TRACE] [FML]: Sent event FMLServerStartingEvent to mod crafttweakerjei
[13:30:10] [Server thread/DEBUG] [FML]: Bar Step: ServerStarting - CraftTweaker JEI Support took 0.000s
[13:30:10] [Server thread/TRACE] [FML]: Sending event FMLServerStartingEvent to mod adversity
[13:30:10] [Server thread/INFO] [adversity]: Adversity commands registered
[13:30:10] [Server thread/TRACE] [FML]: Sent event FMLServerStartingEvent to mod adversity
[13:30:10] [Server thread/DEBUG] [FML]: Bar Step: ServerStarting - Adversity took 0.009s
[13:30:10] [Server thread/TRACE] [FML]: Sending event FMLServerStartingEvent to mod baubles
[13:30:10] [Server thread/TRACE] [FML]: Sent event FMLServerStartingEvent to mod baubles
[13:30:10] [Server thread/DEBUG] [FML]: Bar Step: ServerStarting - Baubles took 0.002s
[13:30:10] [Server thread/TRACE] [FML]: Sending event FMLServerStartingEvent to mod worldedit
[13:30:10] [Server thread/TRACE] [FML]: Sent event FMLServerStartingEvent to mod worldedit
[13:30:10] [Server thread/DEBUG] [FML]: Bar Step: ServerStarting - WorldEdit took 0.000s
[13:30:10] [Server thread/DEBUG] [FML]: Bar Finished: ServerStarting took 0.033s
[13:30:10] [Server thread/TRACE] [FML]: Sending event FMLServerStartedEvent to mod minecraft
[13:30:10] [Server thread/TRACE] [FML]: Sent event FMLServerStartedEvent to mod minecraft
[13:30:10] [Server thread/DEBUG] [FML]: Bar Step: ServerStarted - Minecraft took 0.000s
[13:30:10] [Server thread/TRACE] [FML]: Sending event FMLServerStartedEvent to mod mcp
[13:30:10] [Server thread/TRACE] [FML]: Sent event FMLServerStartedEvent to mod mcp
[13:30:10] [Server thread/DEBUG] [FML]: Bar Step: ServerStarted - Minecraft Coder Pack took 0.000s
[13:30:10] [Server thread/TRACE] [FML]: Sending event FMLServerStartedEvent to mod FML
[13:30:10] [Server thread/TRACE] [FML]: Sent event FMLServerStartedEvent to mod FML
[13:30:10] [Server thread/DEBUG] [FML]: Bar Step: ServerStarted - Forge Mod Loader took 0.000s
[13:30:10] [Server thread/TRACE] [FML]: Sending event FMLServerStartedEvent to mod forge
[13:30:10] [Server thread/TRACE] [FML]: Sent event FMLServerStartedEvent to mod forge
[13:30:10] [Server thread/DEBUG] [FML]: Bar Step: ServerStarted - Minecraft Forge took 0.000s
[13:30:10] [Server thread/TRACE] [FML]: Sending event FMLServerStartedEvent to mod crafttweaker
[13:30:10] [Server thread/TRACE] [FML]: Sent event FMLServerStartedEvent to mod crafttweaker
[13:30:10] [Server thread/DEBUG] [FML]: Bar Step: ServerStarted - CraftTweaker2 took 0.000s
[13:30:10] [Server thread/TRACE] [FML]: Sending event FMLServerStartedEvent to mod ctgui
[13:30:10] [Server thread/TRACE] [FML]: Sent event FMLServerStartedEvent to mod ctgui
[13:30:10] [Server thread/DEBUG] [FML]: Bar Step: ServerStarted - CT-GUI took 0.000s
[13:30:10] [Server thread/TRACE] [FML]: Sending event FMLServerStartedEvent to mod jei
[13:30:10] [Server thread/TRACE] [FML]: Sent event FMLServerStartedEvent to mod jei
[13:30:10] [Server thread/DEBUG] [FML]: Bar Step: ServerStarted - Just Enough Items took 0.000s
[13:30:10] [Server thread/TRACE] [FML]: Sending event FMLServerStartedEvent to mod crafttweakerjei
[13:30:10] [Server thread/TRACE] [FML]: Sent event FMLServerStartedEvent to mod crafttweakerjei
[13:30:10] [Server thread/DEBUG] [FML]: Bar Step: ServerStarted - CraftTweaker JEI Support took 0.000s
[13:30:10] [Server thread/TRACE] [FML]: Sending event FMLServerStartedEvent to mod adversity
[13:30:10] [Server thread/TRACE] [FML]: Sent event FMLServerStartedEvent to mod adversity
[13:30:10] [Server thread/DEBUG] [FML]: Bar Step: ServerStarted - Adversity took 0.000s
[13:30:10] [Server thread/TRACE] [FML]: Sending event FMLServerStartedEvent to mod baubles
[13:30:10] [Server thread/TRACE] [FML]: Sent event FMLServerStartedEvent to mod baubles
[13:30:10] [Server thread/DEBUG] [FML]: Bar Step: ServerStarted - Baubles took 0.000s
[13:30:10] [Server thread/TRACE] [FML]: Sending event FMLServerStartedEvent to mod worldedit
[13:30:10] [Server thread/TRACE] [FML]: Sent event FMLServerStartedEvent to mod worldedit
[13:30:10] [Server thread/DEBUG] [FML]: Bar Step: ServerStarted - WorldEdit took 0.006s
[13:30:10] [Server thread/DEBUG] [FML]: Bar Finished: ServerStarted took 0.006s
[13:30:10] [Server thread/DEBUG] [FML]: Queueing dimension -1 to unload
[13:30:10] [Server thread/DEBUG] [FML]: Queueing dimension 1 to unload
[13:30:11] [Server thread/INFO] [FML]: Unloading dimension -1
[13:30:11] [Server thread/INFO] [FML]: Unloading dimension 1
[13:30:11] [Server thread/INFO] [net.minecraft.server.integrated.IntegratedServer]: Changing view distance to 25, from 10
[13:30:11] [Server thread/DEBUG] [mixin]: Mixing MixinSlot from adversity.early.mixins.json into net.minecraft.inventory.Slot
[13:30:11] [Server thread/TRACE] [mixin]: Added class metadata for java/lang/Comparable to metadata cache
[13:30:11] [Server thread/TRACE] [mixin]: Added class metadata for java/lang/Integer to metadata cache
[13:30:11] [Server thread/TRACE] [mixin]: Added class metadata for java/lang/Number to metadata cache
[13:30:11] [Server thread/TRACE] [mixin]: Added class metadata for net/minecraft/entity/player/InventoryPlayer to metadata cache
[13:30:11] [Server thread/TRACE] [mixin]: Added class metadata for com/adversity/curse/PermanentCurseManager to metadata cache
[13:30:11] [Server thread/TRACE] [mixin]: Added class metadata for net/minecraft/world/storage/WorldSavedData to metadata cache
[13:30:11] [Server thread/TRACE] [mixin]: Added class metadata for net/minecraftforge/common/util/INBTSerializable to metadata cache
[13:30:11] [Netty Local Client IO #0/TRACE] [FML]: Handshake channel activating
[13:30:11] [Netty Local Client IO #0/DEBUG] [FML]: FMLHandshakeClientState: null->FMLHandshakeClientState$1:START
[13:30:11] [Netty Local Client IO #0/DEBUG] [FML]:   Next: HELLO
[13:30:11] [Server thread/TRACE] [FML]: Handshake channel activating
[13:30:11] [Server thread/DEBUG] [FML]: FMLHandshakeServerState: null->FMLHandshakeServerState$1:START
[13:30:11] [Server thread/DEBUG] [FML]:   Next: HELLO
[13:30:11] [Netty Local Client IO #0/DEBUG] [FML]: Server FML protocol version 2, 4 byte dimension received 0
[13:30:11] [Netty Local Client IO #0/DEBUG] [FML]: FMLHandshakeClientState: $ServerHello->FMLHandshakeClientState$2:HELLO
[13:30:11] [Netty Local Client IO #0/DEBUG] [FML]:   Next: WAITINGSERVERDATA
[13:30:11] [Netty Local Client IO #0/INFO] [FML]: Server protocol version 2
[13:30:11] [Netty Local Client IO #0/DEBUG] [FML]: Received override dimension 0
[13:30:11] [Netty Server IO #1/DEBUG] [FML]: FMLHandshakeServerState: $ClientHello->FMLHandshakeServerState$2:HELLO
[13:30:11] [Netty Server IO #1/INFO] [FML]: Client protocol version 2
[13:30:11] [Netty Server IO #1/DEBUG] [FML]: FMLHandshakeServerState: $ModList:11 mods->FMLHandshakeServerState$2:HELLO
[13:30:11] [Netty Server IO #1/INFO] [FML]: Client attempting to join with 11 mods : minecraft@1.12.2,crafttweaker@4.1.20,ctgui@1.0.0,adversity@1.0.0,FML@8.0.99.99,crafttweakerjei@2.0.3,forge@14.23.5.2847,worldedit@6.1.10-SNAPSHOT,baubles@1.5.2,mcp@9.42,jei@4.16.1.1013
[13:30:11] [Netty Server IO #1/DEBUG] [FML]:   Next: WAITINGCACK
[13:30:11] [Netty Local Client IO #0/DEBUG] [FML]: FMLHandshakeClientState: $ModList:11 mods->FMLHandshakeClientState$3:WAITINGSERVERDATA
[13:30:11] [Netty Local Client IO #0/DEBUG] [FML]:   Next: PENDINGCOMPLETE
[13:30:11] [Netty Server IO #1/DEBUG] [FML]: FMLHandshakeServerState: $HandshakeAck:{2}->FMLHandshakeServerState$3:WAITINGCACK
[13:30:11] [Netty Server IO #1/DEBUG] [FML]:   Next: COMPLETE
[13:30:11] [Netty Local Client IO #0/DEBUG] [FML]: FMLHandshakeClientState: $HandshakeAck:{2}->FMLHandshakeClientState$5:PENDINGCOMPLETE
[13:30:11] [Netty Local Client IO #0/DEBUG] [FML]:   Next: COMPLETE
[13:30:11] [Netty Server IO #1/DEBUG] [FML]: FMLHandshakeServerState: $HandshakeAck:{4}->FMLHandshakeServerState$4:COMPLETE
[13:30:11] [Netty Server IO #1/DEBUG] [FML]:   Next: DONE
[13:30:11] [Netty Local Client IO #0/DEBUG] [FML]: The fluid minecraft:lava has been selected as the default fluid for lava
[13:30:11] [Netty Local Client IO #0/DEBUG] [FML]: The fluid minecraft:water has been selected as the default fluid for water
[13:30:11] [Netty Local Client IO #0/DEBUG] [FML]: FMLHandshakeClientState: $HandshakeAck:{3}->FMLHandshakeClientState$6:COMPLETE
[13:30:11] [Netty Local Client IO #0/DEBUG] [FML]:   Next: DONE
[13:30:11] [Netty Server IO #1/DEBUG] [FML]: FMLHandshakeServerState: $HandshakeAck:{5}->FMLHandshakeServerState$5:DONE
[13:30:11] [Netty Local Client IO #0/INFO] [FML]: [Netty Local Client IO #0] Client side modded connection established
[13:30:12] [Server thread/INFO] [FML]: [Server thread] Server side modded connection established
[13:30:12] [Server thread/INFO] [net.minecraft.server.management.PlayerList]: Player312[local:E:7762c8db] logged in with entity id 353 at (151.72652862516034, 71.0, 234.95816575327743)
[13:30:12] [Server thread/INFO] [net.minecraft.server.MinecraftServer]: Player312加入了游?
[13:30:12] [Client thread/DEBUG] [FML]: Overriding dimension: using 0
[13:30:12] [Client thread/DEBUG] [mixin]: Mixing MixinGuiEnchantment from adversity.early.mixins.json into net.minecraft.client.gui.GuiEnchantment
[13:30:12] [Client thread/TRACE] [mixin]: Added class metadata for net/minecraftforge/fml/common/registry/ForgeRegistries to metadata cache
[13:30:12] [Client thread/TRACE] [mixin]: Added class metadata for net/minecraftforge/registries/IForgeRegistry to metadata cache
[13:30:12] [Client thread/TRACE] [mixin]: Added class metadata for java/lang/StringBuilder to metadata cache
[13:30:12] [Client thread/TRACE] [mixin]: Added class metadata for java/lang/AbstractStringBuilder to metadata cache
[13:30:12] [Client thread/TRACE] [mixin]: Added class metadata for java/lang/Appendable to metadata cache
[13:30:12] [Client thread/TRACE] [mixin]: Added class metadata for java/lang/CharSequence to metadata cache
[13:30:12] [Client thread/TRACE] [mixin]: Added class metadata for java/lang/String to metadata cache
[13:30:13] [Server thread/INFO] [net.minecraft.server.integrated.IntegratedServer]: Saving and pausing game...
[13:30:13] [Server thread/INFO] [net.minecraft.server.MinecraftServer]: Saving chunks for level '新的世界'/overworld
[13:30:13] [Server thread/DEBUG] [FML]: Gathering id map for writing to world save 新的世界
[13:30:27] [Server thread/DEBUG] [adversity]: [Adversity] ELITE 僵尸 at (154, 21, 288) | diff=100.04 | tier=10 | hp=13.00x | dmg=4.00x | armor=+30.0 | dr=50% | affixes=6
[13:30:28] [Server thread/DEBUG] [adversity]: [Adversity] ELITE 骷? at (73, 37, 283) | diff=100.04 | tier=10 | hp=13.00x | dmg=4.00x | armor=+30.0 | dr=50% | affixes=5
[13:30:28] [Server thread/DEBUG] [adversity]: [Adversity] ELITE 骷? at (73, 37, 286) | diff=100.04 | tier=10 | hp=13.00x | dmg=4.00x | armor=+30.0 | dr=50% | affixes=5
[13:30:30] [Server thread/INFO] [net.minecraft.server.integrated.IntegratedServer]: Saving and pausing game...
[13:30:30] [Server thread/INFO] [net.minecraft.server.MinecraftServer]: Saving chunks for level '新的世界'/overworld
[13:30:30] [Server thread/DEBUG] [FML]: Gathering id map for writing to world save 新的世界
[13:30:48] [Server thread/INFO] [net.minecraft.server.integrated.IntegratedServer]: Saving and pausing game...
[13:30:48] [Server thread/INFO] [net.minecraft.server.MinecraftServer]: Saving chunks for level '新的世界'/overworld
[13:30:48] [Server thread/DEBUG] [FML]: Gathering id map for writing to world save 新的世界
[13:30:53] [Server thread/DEBUG] [adversity]: [Adversity] ELITE 爬行者 at (178, 19, 369) | diff=100.04 | tier=10 | hp=13.00x | dmg=4.00x | armor=+30.0 | dr=50% | affixes=5
[13:30:53] [Server thread/DEBUG] [adversity]: [Adversity] ELITE 爬行者 at (177, 19, 368) | diff=100.04 | tier=10 | hp=13.00x | dmg=4.00x | armor=+30.0 | dr=50% | affixes=6
[13:31:01] [Server thread/DEBUG] [adversity]: [Adversity] ELITE 爬行者 at (152, 25, 308) | diff=100.04 | tier=10 | hp=13.01x | dmg=4.00x | armor=+30.0 | dr=50% | affixes=6
[13:31:01] [Server thread/DEBUG] [adversity]: [Adversity] ELITE 僵尸 at (145, 25, 306) | diff=100.04 | tier=10 | hp=13.01x | dmg=4.00x | armor=+30.0 | dr=50% | affixes=6
[13:31:02] [Server thread/DEBUG] [adversity]: [Adversity] ELITE 爬行者 at (110, 51, 297) | diff=100.04 | tier=10 | hp=13.01x | dmg=4.00x | armor=+30.0 | dr=50% | affixes=5
[13:31:03] [Server thread/DEBUG] [adversity]: [Adversity] ELITE 僵尸 at (156, 21, 231) | diff=100.04 | tier=10 | hp=13.01x | dmg=4.00x | armor=+30.0 | dr=50% | affixes=5
[13:31:03] [Server thread/DEBUG] [adversity]: [Adversity] ELITE 爬行者 at (234, 17, 334) | diff=100.04 | tier=10 | hp=13.01x | dmg=4.00x | armor=+30.0 | dr=50% | affixes=5
[13:31:03] [Server thread/INFO] [net.minecraft.server.integrated.IntegratedServer]: Saving and pausing game...
[13:31:03] [Server thread/INFO] [net.minecraft.server.MinecraftServer]: Saving chunks for level '新的世界'/overworld
[13:31:03] [Server thread/DEBUG] [FML]: Gathering id map for writing to world save 新的世界
[13:31:07] [Server thread/DEBUG] [adversity]: [Adversity] ELITE 骷? at (93, 50, 318) | diff=100.04 | tier=10 | hp=13.01x | dmg=4.00x | armor=+30.0 | dr=50% | affixes=5
[13:31:07] [Server thread/DEBUG] [adversity]: [Adversity] ELITE 骷? at (95, 50, 317) | diff=100.04 | tier=10 | hp=13.01x | dmg=4.00x | armor=+30.0 | dr=50% | affixes=6
[13:31:07] [Server thread/DEBUG] [adversity]: [Adversity] ELITE 爬行者 at (93, 50, 315) | diff=100.04 | tier=10 | hp=13.01x | dmg=4.00x | armor=+30.0 | dr=50% | affixes=6
[13:31:07] [Server thread/DEBUG] [adversity]: [Adversity] ELITE 僵尸 at (156, 16, 219) | diff=100.04 | tier=10 | hp=13.01x | dmg=4.00x | armor=+30.0 | dr=50% | affixes=6
[13:31:07] [Server thread/DEBUG] [adversity]: [Adversity] ELITE 爬行者 at (163, 49, 320) | diff=100.04 | tier=10 | hp=13.01x | dmg=4.00x | armor=+30.0 | dr=50% | affixes=5
[13:31:14] [Server thread/DEBUG] [adversity]: [Adversity] ELITE 爬行者 at (118, 26, 292) | diff=100.05 | tier=10 | hp=13.01x | dmg=4.00x | armor=+30.0 | dr=50% | affixes=6
[13:31:14] [Server thread/DEBUG] [adversity]: [Adversity] ELITE 僵尸 at (75, 34, 275) | diff=100.05 | tier=10 | hp=13.01x | dmg=4.00x | armor=+30.0 | dr=50% | affixes=6
[13:31:16] [Server thread/INFO] [net.minecraft.server.integrated.IntegratedServer]: Saving and pausing game...
[13:31:16] [Server thread/INFO] [net.minecraft.server.MinecraftServer]: Saving chunks for level '新的世界'/overworld
[13:31:16] [Server thread/DEBUG] [FML]: Gathering id map for writing to world save 新的世界
[13:31:17] [Server thread/TRACE] [FML]: Sending event FMLServerStoppingEvent to mod minecraft
[13:31:17] [Server thread/TRACE] [FML]: Sent event FMLServerStoppingEvent to mod minecraft
[13:31:17] [Server thread/DEBUG] [FML]: Bar Step: ServerStopping - Minecraft took 0.000s
[13:31:17] [Server thread/TRACE] [FML]: Sending event FMLServerStoppingEvent to mod mcp
[13:31:17] [Server thread/TRACE] [FML]: Sent event FMLServerStoppingEvent to mod mcp
[13:31:17] [Server thread/DEBUG] [FML]: Bar Step: ServerStopping - Minecraft Coder Pack took 0.000s
[13:31:17] [Server thread/TRACE] [FML]: Sending event FMLServerStoppingEvent to mod FML
[13:31:17] [Server thread/TRACE] [FML]: Sent event FMLServerStoppingEvent to mod FML
[13:31:17] [Server thread/DEBUG] [FML]: Bar Step: ServerStopping - Forge Mod Loader took 0.000s
[13:31:17] [Server thread/TRACE] [FML]: Sending event FMLServerStoppingEvent to mod forge
[13:31:17] [Server thread/TRACE] [FML]: Sent event FMLServerStoppingEvent to mod forge
[13:31:17] [Server thread/DEBUG] [FML]: Bar Step: ServerStopping - Minecraft Forge took 0.000s
[13:31:17] [Server thread/TRACE] [FML]: Sending event FMLServerStoppingEvent to mod crafttweaker
[13:31:17] [Server thread/TRACE] [FML]: Sent event FMLServerStoppingEvent to mod crafttweaker
[13:31:17] [Server thread/DEBUG] [FML]: Bar Step: ServerStopping - CraftTweaker2 took 0.000s
[13:31:17] [Server thread/TRACE] [FML]: Sending event FMLServerStoppingEvent to mod ctgui
[13:31:17] [Server thread/TRACE] [FML]: Sent event FMLServerStoppingEvent to mod ctgui
[13:31:17] [Server thread/DEBUG] [FML]: Bar Step: ServerStopping - CT-GUI took 0.000s
[13:31:17] [Server thread/TRACE] [FML]: Sending event FMLServerStoppingEvent to mod jei
[13:31:17] [Server thread/TRACE] [FML]: Sent event FMLServerStoppingEvent to mod jei
[13:31:17] [Server thread/DEBUG] [FML]: Bar Step: ServerStopping - Just Enough Items took 0.000s
[13:31:17] [Server thread/TRACE] [FML]: Sending event FMLServerStoppingEvent to mod crafttweakerjei
[13:31:17] [Server thread/TRACE] [FML]: Sent event FMLServerStoppingEvent to mod crafttweakerjei
[13:31:17] [Server thread/DEBUG] [FML]: Bar Step: ServerStopping - CraftTweaker JEI Support took 0.000s
[13:31:17] [Server thread/TRACE] [FML]: Sending event FMLServerStoppingEvent to mod adversity
[13:31:17] [Server thread/TRACE] [FML]: Sent event FMLServerStoppingEvent to mod adversity
[13:31:17] [Server thread/DEBUG] [FML]: Bar Step: ServerStopping - Adversity took 0.000s
[13:31:17] [Server thread/TRACE] [FML]: Sending event FMLServerStoppingEvent to mod baubles
[13:31:17] [Server thread/TRACE] [FML]: Sent event FMLServerStoppingEvent to mod baubles
[13:31:17] [Server thread/DEBUG] [FML]: Bar Step: ServerStopping - Baubles took 0.000s
[13:31:17] [Server thread/TRACE] [FML]: Sending event FMLServerStoppingEvent to mod worldedit
[13:31:17] [Server thread/TRACE] [FML]: Sent event FMLServerStoppingEvent to mod worldedit
[13:31:17] [Server thread/DEBUG] [FML]: Bar Step: ServerStopping - WorldEdit took 0.000s
[13:31:17] [Server thread/DEBUG] [FML]: Bar Finished: ServerStopping took 0.001s
[13:31:17] [Server thread/INFO] [net.minecraft.server.MinecraftServer]: Stopping server
[13:31:17] [Server thread/INFO] [net.minecraft.server.MinecraftServer]: Saving players
[13:31:17] [Server thread/INFO] [net.minecraft.network.NetHandlerPlayServer]: Player312 lost connection: ?接中止
[13:31:17] [Server thread/INFO] [net.minecraft.server.MinecraftServer]: Player312退出了游?
[13:31:17] [Server thread/INFO] [net.minecraft.network.NetHandlerPlayServer]: Stopping singleplayer server as player logged out
[13:31:17] [Server thread/INFO] [net.minecraft.server.MinecraftServer]: Saving worlds
[13:31:17] [Server thread/INFO] [net.minecraft.server.MinecraftServer]: Saving chunks for level '新的世界'/overworld
[13:31:17] [Server thread/DEBUG] [FML]: Gathering id map for writing to world save 新的世界
[13:31:17] [Server thread/INFO] [FML]: Unloading dimension 0
[13:31:17] [Server thread/DEBUG] [FML]: Reverting to frozen data state.
[13:31:17] [Server thread/TRACE] [FML]: Sending event FMLModIdMappingEvent to mod minecraft
[13:31:17] [Server thread/TRACE] [FML]: Sent event FMLModIdMappingEvent to mod minecraft
[13:31:17] [Server thread/DEBUG] [FML]: Bar Step: ModIdMapping - Minecraft took 0.000s
[13:31:17] [Server thread/TRACE] [FML]: Sending event FMLModIdMappingEvent to mod mcp
[13:31:17] [Server thread/TRACE] [FML]: Sent event FMLModIdMappingEvent to mod mcp
[13:31:17] [Server thread/DEBUG] [FML]: Bar Step: ModIdMapping - Minecraft Coder Pack took 0.000s
[13:31:17] [Server thread/TRACE] [FML]: Sending event FMLModIdMappingEvent to mod FML
[13:31:17] [Server thread/TRACE] [FML]: Sent event FMLModIdMappingEvent to mod FML
[13:31:17] [Server thread/DEBUG] [FML]: Bar Step: ModIdMapping - Forge Mod Loader took 0.000s
[13:31:17] [Server thread/TRACE] [FML]: Sending event FMLModIdMappingEvent to mod forge
[13:31:17] [Server thread/TRACE] [FML]: Sent event FMLModIdMappingEvent to mod forge
[13:31:17] [Server thread/DEBUG] [FML]: Bar Step: ModIdMapping - Minecraft Forge took 0.030s
[13:31:17] [Server thread/TRACE] [FML]: Sending event FMLModIdMappingEvent to mod crafttweaker
[13:31:17] [Server thread/TRACE] [FML]: Sent event FMLModIdMappingEvent to mod crafttweaker
[13:31:17] [Server thread/DEBUG] [FML]: Bar Step: ModIdMapping - CraftTweaker2 took 0.000s
[13:31:17] [Server thread/TRACE] [FML]: Sending event FMLModIdMappingEvent to mod ctgui
[13:31:17] [Server thread/TRACE] [FML]: Sent event FMLModIdMappingEvent to mod ctgui
[13:31:17] [Server thread/DEBUG] [FML]: Bar Step: ModIdMapping - CT-GUI took 0.000s
[13:31:17] [Server thread/TRACE] [FML]: Sending event FMLModIdMappingEvent to mod jei
[13:31:17] [Server thread/TRACE] [FML]: Sent event FMLModIdMappingEvent to mod jei
[13:31:17] [Server thread/DEBUG] [FML]: Bar Step: ModIdMapping - Just Enough Items took 0.000s
[13:31:17] [Server thread/TRACE] [FML]: Sending event FMLModIdMappingEvent to mod crafttweakerjei
[13:31:17] [Server thread/TRACE] [FML]: Sent event FMLModIdMappingEvent to mod crafttweakerjei
[13:31:17] [Server thread/DEBUG] [FML]: Bar Step: ModIdMapping - CraftTweaker JEI Support took 0.000s
[13:31:17] [Server thread/TRACE] [FML]: Sending event FMLModIdMappingEvent to mod adversity
[13:31:17] [Server thread/TRACE] [FML]: Sent event FMLModIdMappingEvent to mod adversity
[13:31:17] [Server thread/DEBUG] [FML]: Bar Step: ModIdMapping - Adversity took 0.000s
[13:31:17] [Server thread/TRACE] [FML]: Sending event FMLModIdMappingEvent to mod baubles
[13:31:17] [Server thread/TRACE] [FML]: Sent event FMLModIdMappingEvent to mod baubles
[13:31:17] [Server thread/DEBUG] [FML]: Bar Step: ModIdMapping - Baubles took 0.000s
[13:31:17] [Server thread/TRACE] [FML]: Sending event FMLModIdMappingEvent to mod worldedit
[13:31:17] [Server thread/TRACE] [FML]: Sent event FMLModIdMappingEvent to mod worldedit
[13:31:17] [Server thread/DEBUG] [FML]: Bar Step: ModIdMapping - WorldEdit took 0.000s
[13:31:17] [Server thread/DEBUG] [FML]: Bar Finished: ModIdMapping took 0.030s
[13:31:17] [Server thread/INFO] [FML]: Applying holder lookups
[13:31:17] [Server thread/INFO] [FML]: Holder lookups applied
[13:31:17] [Server thread/DEBUG] [FML]: Frozen state restored.
[13:31:17] [Server thread/TRACE] [FML]: Sending event FMLServerStoppedEvent to mod minecraft
[13:31:17] [Server thread/TRACE] [FML]: Sent event FMLServerStoppedEvent to mod minecraft
[13:31:17] [Server thread/DEBUG] [FML]: Bar Step: ServerStopped - Minecraft took 0.000s
[13:31:17] [Server thread/TRACE] [FML]: Sending event FMLServerStoppedEvent to mod mcp
[13:31:17] [Server thread/TRACE] [FML]: Sent event FMLServerStoppedEvent to mod mcp
[13:31:17] [Server thread/DEBUG] [FML]: Bar Step: ServerStopped - Minecraft Coder Pack took 0.000s
[13:31:17] [Server thread/TRACE] [FML]: Sending event FMLServerStoppedEvent to mod FML
[13:31:17] [Server thread/TRACE] [FML]: Sent event FMLServerStoppedEvent to mod FML
[13:31:17] [Server thread/DEBUG] [FML]: Bar Step: ServerStopped - Forge Mod Loader took 0.000s
[13:31:17] [Server thread/TRACE] [FML]: Sending event FMLServerStoppedEvent to mod forge
[13:31:17] [Server thread/TRACE] [FML]: Sent event FMLServerStoppedEvent to mod forge
[13:31:17] [Server thread/DEBUG] [FML]: Bar Step: ServerStopped - Minecraft Forge took 0.000s
[13:31:17] [Server thread/TRACE] [FML]: Sending event FMLServerStoppedEvent to mod crafttweaker
[13:31:17] [Server thread/TRACE] [FML]: Sent event FMLServerStoppedEvent to mod crafttweaker
[13:31:17] [Server thread/DEBUG] [FML]: Bar Step: ServerStopped - CraftTweaker2 took 0.000s
[13:31:17] [Server thread/TRACE] [FML]: Sending event FMLServerStoppedEvent to mod ctgui
[13:31:17] [Server thread/TRACE] [FML]: Sent event FMLServerStoppedEvent to mod ctgui
[13:31:17] [Server thread/DEBUG] [FML]: Bar Step: ServerStopped - CT-GUI took 0.000s
[13:31:17] [Server thread/TRACE] [FML]: Sending event FMLServerStoppedEvent to mod jei
[13:31:17] [Server thread/TRACE] [FML]: Sent event FMLServerStoppedEvent to mod jei
[13:31:17] [Server thread/DEBUG] [FML]: Bar Step: ServerStopped - Just Enough Items took 0.000s
[13:31:17] [Server thread/TRACE] [FML]: Sending event FMLServerStoppedEvent to mod crafttweakerjei
[13:31:17] [Server thread/TRACE] [FML]: Sent event FMLServerStoppedEvent to mod crafttweakerjei
[13:31:17] [Server thread/DEBUG] [FML]: Bar Step: ServerStopped - CraftTweaker JEI Support took 0.000s
[13:31:17] [Server thread/TRACE] [FML]: Sending event FMLServerStoppedEvent to mod adversity
[13:31:17] [Server thread/TRACE] [FML]: Sent event FMLServerStoppedEvent to mod adversity
[13:31:17] [Server thread/DEBUG] [FML]: Bar Step: ServerStopped - Adversity took 0.000s
[13:31:17] [Server thread/TRACE] [FML]: Sending event FMLServerStoppedEvent to mod baubles
[13:31:17] [Server thread/TRACE] [FML]: Sent event FMLServerStoppedEvent to mod baubles
[13:31:17] [Server thread/DEBUG] [FML]: Bar Step: ServerStopped - Baubles took 0.000s
[13:31:17] [Server thread/TRACE] [FML]: Sending event FMLServerStoppedEvent to mod worldedit
[13:31:17] [Server thread/TRACE] [FML]: Sent event FMLServerStoppedEvent to mod worldedit
[13:31:17] [Server thread/DEBUG] [FML]: Bar Step: ServerStopped - WorldEdit took 0.000s
[13:31:17] [Server thread/DEBUG] [FML]: Bar Finished: ServerStopped took 0.000s
[13:31:18] [Client thread/INFO] [net.minecraft.client.Minecraft]: Stopping!
[13:31:18] [Client thread/INFO] [net.minecraft.client.audio.SoundManager]: SoundSystem shutting down...
[13:31:19] [Client thread/WARN] [net.minecraft.client.audio.SoundManager]: Author: Paul Lamb, www.paulscode.com
